date,code,account_value,buffered_value,price,shares,order_value
2020-01-02,512400,1000000.0,998000.0,0.737,1353800,997750.6
2020-01-03,512400,1013385.37,1011358.59,0.747,1353600,1011139.2
2020-01-06,512880,1045712.84,1043621.41,1.061,983400,1043387.4
2020-01-07,512980,1025739.13,1023687.65,0.923,1108800,1023422.4
2020-01-08,512880,1020998.42,1018956.43,1.03,989000,1018670.0
2020-01-09,512980,1021681.24,1019637.88,0.91,1120200,1019382.0
2020-01-10,512100,1023615.14,1021567.91,0.749,1363600,1021336.4
2020-01-13,512100,1034368.58,1032299.84,0.756,1365100,1032015.6
2020-01-14,512100,1038458.51,1036381.6,0.759,1365100,1036110.9
2020-01-15,512980,1031479.14,1029416.18,0.914,1126000,1029164.0
2020-01-16,512400,1026667.58,1024614.24,0.759,1349600,1024346.4
2020-01-17,512400,1014370.46,1012341.72,0.749,1351300,1012123.7
2020-01-20,512480,1023668.67,1021621.33,1.736,588300,1021288.8
2020-01-21,159915,1025714.96,1023663.53,1.895,540000,1023300.0
2020-01-22,515050,1029186.76,1027128.38,1.142,899200,1026886.4
2020-01-23,159949,1005507.99,1003496.98,0.715,1403200,1003288.0
2020-02-03,518880,932266.79,930402.26,3.521,264100,929896.1
2020-02-04,518880,927903.36,926047.55,3.505,264100,925670.5
2020-02-05,518880,917871.36,916035.61,3.467,264100,915634.7
2020-02-06,513100,910871.1,909049.36,3.682,246800,908717.6
2020-02-07,513100,930964.2,929102.28,3.765,246700,928825.5
2020-02-10,513100,920849.5,919007.81,3.724,246700,918710.8
2020-02-11,513100,946753.0,944859.5,3.829,246700,944614.3
2020-02-12,513100,975123.5,973173.26,3.944,246600,972590.4
2020-02-13,512170,1010250.37,1008229.87,1.444,698000,1007912.0
2020-02-14,512170,1019170.52,1017132.18,1.458,697400,1016809.2
2020-02-17,512170,1043578.0,1041490.84,1.493,697400,1041218.2
2020-02-18,512170,1047763.0,1045667.47,1.499,697400,1045402.6
2020-02-19,512170,1038695.5,1036618.1,1.486,697400,1036336.4
2020-02-20,159949,1041329.61,1039246.95,0.808,1285900,1039007.2
2020-02-21,159949,1075887.68,1073735.9,0.835,1285600,1073476.0
2020-02-24,159915,1080868.68,1078706.94,2.167,497600,1078299.2
2020-02-25,159915,1077721.96,1075566.52,2.161,497600,1075313.6
2020-02-26,159967,1069104.47,1066966.26,1.494,714000,1066716.0
2020-02-27,512670,1073066.92,1070920.78,1.269,843700,1070655.3
2020-02-28,518880,999372.05,997373.31,3.65,273100,996815.0
2020-03-02,511880,968228.82,966292.37,100.55,9600,965280.0
2020-03-03,159985,968027.74,966091.68,0.968,997800,965870.4
2020-03-04,512670,970730.09,968788.63,1.232,786100,968475.2
2020-03-05,512670,980015.65,978055.62,1.244,786000,977784.0
2020-03-06,515050,976757.83,974804.32,1.235,789100,974538.5
2020-03-09,512170,941084.51,939202.34,1.592,589800,938961.6
2020-03-10,511880,925472.44,923621.49,100.585,9100,915323.5
2020-03-11,518880,925398.83,923548.03,3.64,253600,923104.0
2020-03-12,511880,915997.38,914165.38,100.627,9000,905643.0
2020-03-13,511880,915738.43,913906.96,100.613,9000,905517.0
2020-03-16,159985,915817.69,913986.05,0.97,942000,913740.0
2020-03-17,159985,906262.51,904449.99,0.961,940900,904204.9
2020-03-18,159985,912844.47,911018.78,0.968,940900,910791.2
2020-03-19,511880,894831.52,893041.86,100.655,8800,885764.0
2020-03-20,159985,894742.79,892953.3,0.976,914700,892747.2
2020-03-23,159985,930274.4,928413.85,1.015,914500,928217.5
2020-03-24,159985,932103.4,930239.2,1.017,914500,930046.5
2020-03-25,159985,949478.9,947579.94,1.036,914400,947318.4
2020-03-26,159985,931188.9,929326.52,1.016,914500,929132.0
2020-03-27,159985,929359.9,927501.18,1.014,914500,927303.0
2020-03-30,159985,950393.4,948492.62,1.037,914400,948232.8
2020-03-31,159985,941248.4,939365.91,1.027,914400,939088.8
2020-04-01,511880,919162.82,917324.49,100.717,9100,916524.7
2020-04-02,511880,919080.85,917242.68,100.724,9100,916588.4
2020-04-03,159985,919079.85,917241.69,0.98,935700,916986.0
2020-04-07,511880,916934.1,915100.23,100.743,9000,906687.0
2020-04-08,511880,916888.6,915054.82,100.752,9000,906768.0
2020-04-09,511880,916924.2,915090.35,100.756,9000,906804.0
2020-04-10,511880,917102.2,915268.0,100.776,9000,906984.0
2020-04-13,511880,917182.3,915347.94,100.785,9000,907065.0
2020-04-14,512010,917101.15,915266.95,2.078,440300,914943.4
2020-04-15,512010,917844.27,916008.58,2.081,440000,915640.0
2020-04-16,512010,920040.06,918199.98,2.086,440000,917840.0
2020-04-17,512010,920920.26,919078.42,2.088,440000,918720.0
2020-04-20,512010,922680.66,920835.3,2.092,440000,920480.0
2020-04-21,512170,906261.3,904448.78,1.587,569700,904113.9
2020-04-22,512170,913530.5,911703.44,1.6,569600,911360.0
2020-04-23,512170,929479.3,927620.35,1.628,569600,927308.8
2020-04-24,512170,907834.5,906018.84,1.59,569700,905823.0
2020-04-27,513100,917949.92,916114.02,3.551,257900,915802.9
2020-04-28,513100,940241.08,938360.6,3.641,257600,937921.6
2020-04-29,513100,966521.47,964588.42,3.743,257600,964196.8
2020-04-30,513500,988793.32,986815.74,1.975,499500,986512.5
2020-05-06,512690,964529.67,962600.61,1.189,809400,962376.6
2020-05-07,512690,978951.07,976993.17,1.206,809900,976739.4
2020-05-08,512690,995142.63,993152.35,1.226,809900,992937.4
2020-05-11,512690,995952.43,993960.53,1.227,809900,993747.3
2020-05-12,512690,990283.83,988303.27,1.22,809900,988078.0
2020-05-13,512690,1028344.43,1026287.74,1.267,809800,1026016.6
2020-05-14,512690,1034822.83,1032753.19,1.275,809800,1032495.0
2020-05-15,159995,1019284.07,1017245.5,1.161,876000,1017036.0
2020-05-18,512480,988330.89,986354.23,1.99,495500,986045.0
2020-05-19,512690,989521.11,987542.07,1.292,764100,987217.2
2020-05-20,512690,990900.87,988919.06,1.294,764000,988616.0
2020-05-21,513100,1001445.59,999442.7,3.752,266300,999157.6
2020-05-22,161226,967343.79,965409.1,0.793,1217100,965160.3
2020-05-25,161226,986669.43,984696.1,0.809,1216900,984472.1
2020-05-26,161226,1009790.53,1007770.95,0.828,1216800,1007510.4
2020-05-27,161226,997621.53,995626.29,0.818,1216800,995342.4
2020-05-28,161226,1014658.13,1012628.82,0.832,1216800,1012377.6
2020-05-29,161226,1014658.13,1012628.82,0.832,1216800,1012377.6
2020-06-01,161226,1054815.83,1052706.2,0.865,1216700,1052445.5
2020-06-02,512690,1053436.34,1051329.47,1.337,786100,1051015.7
2020-06-03,513030,1046834.86,1044741.19,1.02,1024000,1044480.0
2020-06-04,161226,1075183.67,1073033.31,0.833,1287800,1072737.4
2020-06-05,161226,1072447.39,1070302.49,0.832,1286100,1070035.2
2020-06-08,513520,1068423.8,1066286.95,1.098,970900,1066048.2
2020-06-09,513520,1075058.96,1072908.85,1.104,971600,1072646.4
2020-06-10,513520,1085740.42,1083568.94,1.115,971600,1083334.0
2020-06-11,513520,1069224.92,1067086.47,1.098,971600,1066816.8
2020-06-12,513520,1048823.42,1046725.77,1.077,971600,1046413.2
2020-06-15,512690,1029239.39,1027180.91,1.366,751800,1026958.8
2020-06-16,513030,1040955.18,1038873.27,1.036,1002500,1038590.0
2020-06-17,513030,1038794.97,1036717.38,1.033,1003300,1036408.9
2020-06-18,513030,1039793.13,1037713.54,1.034,1003300,1037412.2
2020-06-19,515030,1037631.44,1035556.17,0.978,1058600,1035310.8
2020-06-22,515030,1052293.6,1050189.02,0.993,1057300,1049898.9
2020-06-23,159949,1043673.13,1041585.78,0.917,1135600,1041345.2
2020-06-24,159949,1042381.38,1040296.62,0.917,1134200,1040061.4
2020-06-29,512010,1035415.53,1033344.7,2.499,413400,1033086.6
2020-06-30,159967,1052874.91,1050769.16,1.768,594200,1050545.6
2020-07-01,159967,1038458.95,1036382.04,1.744,594100,1036110.4
2020-07-02,159915,1019889.21,1017849.43,2.333,436100,1017421.3
2020-07-03,515050,1035277.69,1033207.14,1.282,805700,1032907.4
2020-07-06,512690,1105841.51,1103629.83,1.609,685700,1103291.3
2020-07-07,159928,1166510.97,1164177.94,4.157,279900,1163544.3
2020-07-08,515030,1160007.35,1157687.34,1.115,1038000,1157370.0
2020-07-09,512710,1182488.38,1180123.41,1.395,845700,1179751.5
2020-07-10,512890,1161000.97,1158678.97,1.297,893100,1158350.7
2020-07-13,512890,1179578.29,1177219.13,1.317,893600,1176871.2
2020-07-14,510880,1168676.35,1166339.0,2.741,425400,1166021.4
2020-07-15,510880,1153615.92,1151308.69,2.707,425200,1151016.4
2020-07-16,510880,1150638.82,1148337.54,2.7,425200,1148040.0
2020-07-17,161226,1124952.41,1122702.5,0.864,1299100,1122422.4
2020-07-20,161226,1136474.16,1134201.21,0.873,1298900,1133939.7
2020-07-21,161226,1185832.36,1183460.7,0.911,1298800,1183206.8
2020-07-22,161226,1301434.46,1298831.59,1.0,1298500,1298500.0
2020-07-23,513090,1288250.61,1285674.11,1.325,970100,1285382.5
2020-07-24,161226,1242286.32,1239801.75,0.985,1258400,1239524.0
2020-07-27,513030,1316136.81,1313504.54,1.1,1193800,1313180.0
2020-07-28,513030,1325488.66,1322837.69,1.108,1193600,1322508.8
2020-07-29,159980,1315742.93,1313111.44,1.043,1258700,1312824.1
2020-07-30,512010,1327932.25,1325276.39,2.99,443100,1324869.0
2020-07-31,512010,1322417.56,1319772.73,2.978,443000,1319254.0
2020-08-03,512010,1355199.56,1352489.16,3.052,443000,1352036.0
2020-08-04,512010,1354313.56,1351604.93,3.05,443000,1351150.0
2020-08-05,512010,1376463.56,1373710.63,3.1,443000,1373300.0
2020-08-06,512010,1345896.56,1343204.77,3.031,443000,1342733.0
2020-08-07,518880,1296972.47,1294378.52,4.386,295000,1293870.0
2020-08-10,159992,1282431.36,1279866.5,1.529,836800,1279467.2
2020-08-11,159992,1291442.21,1288859.32,1.539,837200,1288450.8
2020-08-12,513500,1207546.48,1205131.39,2.174,554200,1204830.8
2020-08-13,513500,1226205.19,1223752.78,2.208,554100,1223452.8
2020-08-14,513500,1228421.59,1225964.74,2.212,554100,1225669.2
2020-08-17,513500,1227313.39,1224858.76,2.21,554100,1224561.0
2020-08-18,513500,1229529.79,1227070.73,2.214,554100,1226777.4
2020-08-19,512890,1232115.86,1229651.63,1.4,878100,1229340.0
2020-08-20,513100,1216063.92,1213631.79,4.09,296600,1213094.0
2020-08-21,513100,1224015.32,1221567.29,4.176,292400,1221062.4
2020-08-24,513100,1274671.57,1272122.22,4.395,289300,1271473.5
2020-08-25,513100,1313444.51,1310817.62,4.529,289300,1310239.7
2020-08-26,513100,1307949.71,1305333.81,4.51,289300,1304743.0
2020-08-27,513100,1355378.51,1352667.76,4.674,289300,1352188.2
2020-08-28,513500,1410404.68,1407583.87,2.317,607300,1407114.1
2020-08-31,512690,1416053.7,1413221.59,2.026,697400,1412932.4
2020-09-01,159928,1361256.71,1358534.2,4.819,281800,1357994.2
2020-09-02,512690,1381973.79,1379209.84,1.956,704900,1378784.4
2020-09-03,512690,1408545.52,1405728.42,1.995,704400,1405278.0
2020-09-04,159980,1346342.98,1343650.29,1.075,1249600,1343320.0
2020-09-07,159980,1362383.71,1359658.94,1.088,1249400,1359347.2
2020-09-08,159980,1358635.51,1355918.24,1.085,1249400,1355599.0
2020-09-09,159985,1342192.41,1339508.03,1.041,1286400,1339142.4
2020-09-10,159985,1352281.16,1349576.6,1.049,1286200,1349223.8
2020-09-11,159985,1369001.76,1366263.76,1.062,1286200,1365944.4
2020-09-14,159985,1406301.56,1403488.96,1.091,1286100,1403135.1
2020-09-15,513100,1402233.06,1399428.6,4.778,292800,1398998.4
2020-09-16,513100,1452367.63,1449462.9,4.951,292700,1449157.7
2020-09-17,159985,1364646.09,1361916.8,1.071,1271300,1361562.3
2020-09-18,159985,1403845.99,1401038.29,1.102,1271100,1400752.2
2020-09-21,159985,1394948.29,1392158.39,1.095,1271100,1391854.5
2020-09-22,159985,1383508.39,1380741.37,1.086,1271100,1380414.6
2020-09-23,159985,1383508.39,1380741.37,1.086,1271100,1380414.6
2020-09-24,159985,1366984.09,1364250.12,1.073,1271100,1363890.3
2020-09-25,511880,1366779.51,1364045.95,101.526,13400,1360448.4
2020-09-28,513520,1366520.69,1363787.65,1.105,1233900,1363459.5
2020-09-29,513520,1378869.8,1376112.06,1.118,1230600,1375810.8
2020-09-30,513520,1367750.31,1365014.81,1.109,1230600,1364735.4
2020-10-09,159985,1363352.95,1360626.24,1.138,1195300,1360251.4
2020-10-12,159985,1367911.04,1365175.21,1.146,1191000,1364886.0
2020-10-13,159985,1350091.88,1347391.69,1.127,1195300,1347103.1
2020-10-14,159985,1346468.05,1343775.12,1.124,1195200,1343404.8
2020-10-15,515030,1352241.65,1349537.17,1.218,1107700,1349178.6
2020-10-16,515030,1305524.31,1302913.26,1.176,1107600,1302537.6
2020-10-19,515030,1312169.31,1309544.97,1.182,1107600,1309183.2
2020-10-20,515030,1317706.81,1315071.39,1.187,1107600,1314721.2
2020-10-21,515030,1311061.81,1308439.68,1.181,1107600,1308075.6
2020-10-22,159985,1321938.96,1319295.08,1.155,1142000,1319010.0
2020-10-23,159985,1304614.13,1302004.91,1.14,1141800,1301652.0
2020-10-26,159985,1308039.53,1305423.46,1.143,1141800,1305077.4
2020-10-27,513520,1298710.75,1296113.33,1.104,1173700,1295764.8
2020-10-28,159980,1299385.05,1296786.28,1.068,1213900,1296445.2
2020-10-29,511880,1296323.83,1293731.19,101.697,12700,1291551.9
2020-10-30,515030,1296304.76,1293712.15,1.277,1012800,1293345.6
2020-11-02,511880,1297941.43,1295345.55,101.753,12700,1292263.1
2020-11-03,159980,1297468.62,1294873.68,1.07,1209900,1294593.0
2020-11-04,515030,1294661.26,1292071.94,1.294,998300,1291800.2
2020-11-05,512690,1380097.53,1377337.33,2.139,643700,1376874.3
2020-11-06,512690,1344493.12,1341804.13,2.083,644000,1341452.0
2020-11-09,512690,1370244.09,1367503.6,2.123,644000,1367212.0
2020-11-10,512690,1413385.39,1410558.62,2.19,643900,1410141.0
2020-11-11,512690,1423043.89,1420197.8,2.205,643900,1419799.5
2020-11-12,513520,1422830.92,1419985.26,1.174,1209200,1419600.8
2020-11-13,513520,1425036.19,1422186.12,1.175,1210100,1421867.5
2020-11-16,513520,1450440.13,1447539.25,1.196,1210000,1447160.0
2020-11-17,513520,1452860.13,1449954.41,1.198,1210000,1449580.0
2020-11-18,513520,1444390.13,1441501.35,1.191,1210000,1441110.0
2020-11-19,513520,1434710.13,1431840.71,1.183,1210100,1431548.3
2020-11-20,513520,1434710.13,1431840.71,1.183,1210100,1431548.3
2020-11-23,512690,1449013.25,1446115.22,2.27,636900,1445763.0
2020-11-24,512690,1446249.21,1443356.71,2.266,636800,1442988.8
2020-11-25,515220,1402736.87,1399931.39,1.306,1071700,1399640.2
2020-11-26,513520,1383032.94,1380266.88,1.225,1126500,1379962.5
2020-11-27,513520,1393910.32,1391122.5,1.235,1126100,1390733.5
2020-11-30,513520,1398408.22,1395611.4,1.239,1126100,1395237.9
2020-12-01,513520,1415298.22,1412467.62,1.254,1126100,1412129.4
2020-12-02,515220,1405094.45,1402284.26,1.315,1066100,1401921.5
2020-12-03,515220,1395550.37,1392759.27,1.298,1072700,1392364.6
2020-12-04,513520,1371792.12,1369048.53,1.234,1109200,1368752.8
2020-12-07,513520,1371680.61,1368937.25,1.234,1109100,1368629.4
2020-12-08,159981,1359312.72,1356594.09,0.967,1402600,1356314.2
2020-12-09,159981,1378886.65,1376128.88,0.983,1399600,1375806.8
2020-12-10,159980,1398221.88,1395425.44,1.152,1211000,1395072.0
2020-12-11,159980,1416174.65,1413342.3,1.167,1210800,1413003.6
2020-12-14,501018,1425647.65,1422796.35,0.561,2535600,1422471.6
2020-12-15,159980,1417615.76,1414780.52,1.172,1206900,1414486.8
2020-12-16,159980,1425850.51,1422998.81,1.179,1206700,1422699.3
2020-12-17,159980,1433090.71,1430224.53,1.185,1206600,1429821.0
2020-12-18,159980,1458431.41,1455514.55,1.206,1206600,1455159.6
2020-12-21,159980,1445157.71,1442267.4,1.195,1206600,1441887.0
2020-12-22,512690,1435289.27,1432418.69,2.612,548200,1431898.4
2020-12-23,159967,1435407.96,1432537.14,0.622,2302600,1432217.2
2020-12-24,512690,1423469.09,1420622.15,2.517,564200,1420091.4
2020-12-25,515030,1411198.82,1408376.42,1.613,872900,1407987.7
2020-12-28,512690,1426483.02,1423630.06,2.585,550600,1423301.0
2020-12-29,512010,1417249.27,1414414.77,2.924,483600,1414046.4
2020-12-30,161226,1436162.09,1433289.77,0.96,1492700,1432992.0
2020-12-31,159967,1426779.67,1423926.12,0.64,2224400,1423616.0
2021-01-04,512670,1508628.99,1505611.73,2.214,679900,1505298.6
2021-01-05,512660,1523128.69,1520082.43,1.375,1105200,1519650.0
2021-01-06,159949,1562446.58,1559321.69,1.298,1201000,1558898.0
2021-01-07,159949,1603040.16,1599834.08,1.331,1201700,1599462.7
2021-01-08,512010,1594385.27,1591196.5,3.147,505500,1590808.5
2021-01-11,159928,1592392.0,1589207.22,5.536,287000,1588832.0
2021-01-12,159985,1593636.66,1590449.39,1.321,1203700,1590087.7
2021-01-13,159915,1667765.52,1664429.99,3.047,546100,1663966.7
2021-01-14,159915,1643491.96,1640204.98,3.003,546000,1639638.0
2021-01-15,501018,1599572.58,1596373.43,0.622,2565900,1595989.8
2021-01-18,501018,1565981.71,1562849.74,0.609,2565700,1562511.3
2021-01-19,159949,1573437.99,1570291.11,1.33,1180400,1569932.0
2021-01-20,501018,1597747.57,1594552.08,0.62,2571300,1594206.0
2021-01-21,159949,1586986.56,1583812.58,1.405,1127000,1583435.0
2021-01-22,159915,1601157.81,1597955.5,3.207,498100,1597406.7
2021-01-25,512170,1647981.89,1644685.93,2.816,583900,1644262.4
2021-01-26,159995,1582112.55,1578948.33,1.353,1166700,1578545.1
2021-01-27,159995,1585375.3,1582204.55,1.356,1166500,1581774.0
2021-01-28,510900,1527988.12,1524932.14,1.237,1232500,1524602.5
2021-01-29,511880,1509049.09,1506030.99,100.278,15000,1504170.0
2021-02-01,511880,1509271.95,1506253.41,100.309,15000,1504635.0
2021-02-02,501018,1509226.54,1506208.09,0.626,2405500,1505843.0
2021-02-03,501018,1528241.5,1525185.02,0.634,2405100,1524833.4
2021-02-04,501018,1545077.2,1541987.04,0.641,2405100,1541669.1
2021-02-05,501018,1561912.9,1558789.07,0.648,2405000,1558440.0
2021-02-08,501018,1578748.6,1575591.1,0.655,2404900,1575209.5
2021-02-09,501018,1600388.6,1597187.82,0.664,2404900,1596853.6
2021-02-10,512800,1595339.79,1592149.11,1.272,1251400,1591780.8
2021-02-18,512800,1630134.65,1626874.38,1.3,1251100,1626430.0
2021-02-19,159825,1628639.66,1625382.38,1.204,1349700,1625038.8
2021-02-22,159825,1652684.95,1649379.58,1.223,1348300,1648970.9
2021-02-23,159825,1604137.49,1600929.21,1.187,1348400,1600550.8
2021-02-24,501018,1567496.07,1564361.08,0.698,2240700,1564008.6
2021-02-25,501018,1603106.64,1599900.43,0.713,2243400,1599544.2
2021-02-26,159980,1598375.7,1595178.95,1.326,1202700,1594780.2
2021-03-01,159980,1570479.01,1567338.05,1.303,1202600,1566987.8
2021-03-02,513500,1535376.72,1532305.97,2.37,646400,1531968.0
2021-03-03,513500,1538378.45,1535301.7,2.375,646300,1534962.5
2021-03-04,511880,1505191.86,1502181.48,100.542,14900,1498075.8
2021-03-05,501018,1504775.05,1501765.5,0.726,2068100,1501440.6
2021-03-08,511880,1576683.35,1573529.98,100.552,15600,1568611.2
2021-03-09,513030,1576184.79,1573032.42,1.163,1352200,1572608.6
2021-03-10,501018,1586527.1,1583354.04,0.73,2168500,1583005.0
2021-03-11,501018,1623147.71,1619901.41,0.746,2171000,1619566.0
2021-03-12,501018,1638338.9,1635062.23,0.753,2170900,1634687.7
2021-03-15,501018,1651364.3,1648061.58,0.759,2170900,1647713.1
2021-03-16,501018,1629655.3,1626395.99,0.749,2170900,1626004.1
2021-03-17,501018,1623142.6,1619896.32,0.746,2171000,1619566.0
2021-03-18,513030,1614217.39,1610988.96,1.186,1358000,1610588.0
2021-03-19,515210,1613734.32,1610506.85,1.492,1079200,1610166.4
2021-03-22,159980,1619724.39,1616484.94,1.276,1266500,1616054.0
2021-03-23,513030,1607843.9,1604628.21,1.178,1361800,1604200.4
2021-03-24,511880,1597455.31,1594260.4,100.64,15800,1590112.0
2021-03-25,511880,1597281.09,1594086.53,100.644,15800,1590175.2
2021-03-26,513030,1597106.88,1593912.66,1.178,1352700,1593480.6
2021-03-29,513030,1598125.37,1594929.12,1.179,1352500,1594597.5
2021-03-30,513030,1619743.38,1616503.89,1.195,1352400,1616118.0
2021-03-31,513030,1625152.98,1621902.68,1.199,1352400,1621527.6
2021-04-01,513030,1631914.98,1628651.15,1.204,1352400,1628289.6
2021-04-02,513030,1646791.38,1643497.8,1.215,1352300,1643044.5
2021-04-06,513500,1664125.49,1660797.24,2.523,658100,1660386.3
2021-04-07,513500,1661888.86,1658565.08,2.52,658000,1658160.0
2021-04-08,513090,1672166.56,1668822.23,1.271,1312700,1668441.7
2021-04-09,513090,1660103.83,1656783.62,1.262,1312500,1656375.0
2021-04-12,513100,1645420.04,1642129.2,4.627,354800,1641659.6
2021-04-13,513100,1645883.26,1642591.49,4.629,354700,1641906.3
2021-04-14,513100,1666101.16,1662768.95,4.686,354700,1662124.2
2021-04-15,513100,1645528.56,1642237.5,4.628,354700,1641551.6
2021-04-16,513100,1665037.06,1661706.98,4.683,354700,1661060.1
2021-04-19,513100,1670002.86,1666662.85,4.697,354700,1666025.9
2021-04-20,512480,1648119.51,1644823.27,0.959,1714700,1644397.3
2021-04-21,512690,1635627.27,1632356.02,2.61,625200,1631772.0
2021-04-22,512690,1635382.63,1632111.87,2.609,625400,1631668.6
2021-04-23,512690,1634126.61,1630858.35,2.607,625400,1630417.8
2021-04-26,512690,1646632.61,1643339.34,2.627,625400,1642925.8
2021-04-27,512690,1627248.31,1623993.81,2.596,625400,1623538.4
2021-04-28,159967,1670144.05,1666803.76,0.699,2384000,1666416.0
2021-04-29,159967,1662743.32,1659417.84,0.696,2383700,1659055.2
2021-04-30,159967,1700880.92,1697479.16,0.712,2383600,1697123.2
2021-05-06,159949,1648195.03,1644898.64,1.296,1268900,1644494.4
2021-05-07,159980,1621063.05,1617820.93,1.399,1156100,1617383.9
2021-05-10,159980,1661276.98,1657954.43,1.434,1155900,1657560.6
2021-05-11,159980,1633535.38,1630268.31,1.41,1155900,1629819.0
2021-05-12,159980,1642782.58,1639497.02,1.418,1155900,1639066.2
2021-05-13,159980,1616196.88,1612964.49,1.395,1156000,1612620.0
2021-05-14,518880,1590529.03,1587347.97,3.718,426800,1586842.4
2021-05-17,159992,1617357.79,1614123.08,1.6,1008600,1613760.0
2021-05-18,159992,1577788.17,1574632.59,1.561,1008500,1574268.5
2021-05-19,515120,1574527.31,1571378.26,1.156,1359000,1571004.0
2021-05-20,515120,1582443.91,1579279.02,1.162,1358800,1578925.6
2021-05-21,515120,1563422.11,1560295.26,1.148,1358800,1559902.4
2021-05-24,515120,1529454.61,1526395.7,1.123,1358900,1526044.7
2021-05-25,512010,1567261.41,1564126.89,3.265,478900,1563608.5
2021-05-26,512690,1576845.58,1573691.89,1.461,1076900,1573350.9
2021-05-27,512690,1585223.21,1582052.76,1.469,1076700,1581672.3
2021-05-28,512690,1597066.91,1593872.78,1.48,1076700,1593516.0
2021-05-31,512690,1588453.31,1585276.4,1.472,1076700,1584902.4
2021-06-01,515030,1598980.97,1595783.01,1.87,853100,1595297.0
2021-06-02,515030,1588507.05,1585330.04,1.857,853500,1584949.5
2021-06-03,512690,1608742.82,1605525.34,1.512,1061600,1605139.2
2021-06-04,512690,1608502.09,1605285.09,1.512,1061400,1604836.8
2021-06-07,512690,1628668.69,1625411.35,1.531,1061400,1625003.4
2021-06-08,512670,1553076.85,1549970.7,1.791,865200,1549573.2
2021-06-09,512480,1585477.16,1582306.2,1.12,1412400,1581888.0
2021-06-10,159995,1603357.24,1600150.52,1.351,1184100,1599719.1
2021-06-11,159995,1586542.71,1583369.63,1.337,1184000,1583008.0
2021-06-15,159995,1610220.71,1607000.27,1.357,1183900,1606552.3
2021-06-16,501018,1581570.4,1578407.26,0.818,1929200,1578085.6
2021-06-17,501018,1575547.02,1572395.92,0.815,1928900,1572053.5
2021-06-18,501018,1546613.52,1543520.29,0.8,1929000,1543200.0
2021-06-21,501018,1575547.02,1572395.92,0.815,1928900,1572053.5
2021-06-22,159851,1598454.54,1595257.63,1.252,1273900,1594922.8
2021-06-23,588080,1586732.45,1583558.99,1.583,1000100,1583158.3
2021-06-24,159851,1543254.05,1540167.54,1.222,1260100,1539842.2
2021-06-25,501018,1551403.35,1548300.55,0.836,1851600,1547937.6
2021-06-28,588080,1556491.56,1553378.57,1.603,968800,1552986.4
2021-06-29,515790,1549246.57,1546148.08,1.324,1167500,1545770.0
2021-06-30,515790,1578197.24,1575040.85,1.349,1167300,1574687.7
2021-07-01,515030,1555785.67,1552674.1,2.097,740200,1552199.4
2021-07-02,515030,1559252.9,1556134.39,2.102,740100,1555690.2
2021-07-05,501018,1561239.25,1558116.77,0.846,1841300,1557739.8
2021-07-06,501018,1589473.38,1586294.43,0.864,1835600,1585958.4
2021-07-07,513100,1545156.96,1542066.65,4.916,313600,1541657.6
2021-07-08,159967,1543440.71,1540353.82,0.838,1837700,1539992.6
2021-07-09,159967,1517485.86,1514450.89,0.825,1835300,1514122.5
2021-07-12,159967,1587225.98,1584051.53,0.863,1835100,1583691.3
2021-07-13,159967,1543176.17,1540089.82,0.839,1835200,1539732.8
2021-07-14,159967,1557857.77,1554742.05,0.847,1835200,1554414.4
2021-07-15,159967,1552352.17,1549247.47,0.844,1835200,1548908.8
2021-07-16,159870,1548449.99,1545353.09,1.088,1420000,1544960.0
2021-07-19,159870,1507046.99,1504032.9,1.059,1419900,1503674.1
2021-07-20,159870,1480065.68,1477105.55,1.04,1420000,1476800.0
2021-07-21,511880,1516751.04,1513717.54,101.309,14900,1509504.1
2021-07-22,159870,1516419.62,1513386.78,1.082,1398400,1513068.8
2021-07-23,515210,1513170.02,1510143.68,1.826,826800,1509736.8
2021-07-26,515210,1470786.51,1467844.93,1.779,824900,1467497.1
2021-07-27,159980,1468086.59,1465150.42,1.421,1030800,1464766.8
2021-07-28,159980,1465805.71,1462874.1,1.419,1030700,1462563.3
2021-07-29,159980,1452407.91,1449503.1,1.406,1030700,1449164.2
2021-07-30,159980,1468897.51,1465959.72,1.422,1030700,1465655.4
2021-08-02,159980,1467866.91,1464931.18,1.421,1030700,1464624.7
2021-08-03,512670,1449099.23,1446201.03,2.091,691400,1445717.4
2021-08-04,512670,1469618.53,1466679.29,2.12,691600,1466192.0
2021-08-05,512710,1544064.41,1540976.28,0.983,1567300,1540655.9
2021-08-06,512710,1514060.11,1511031.99,0.965,1565500,1510707.5
2021-08-09,512660,1524787.39,1521737.81,1.338,1137000,1521306.0
2021-08-10,159995,1603895.14,1600687.35,1.707,937500,1600312.5
2021-08-11,159995,1609278.79,1606060.24,1.714,936800,1605675.2
2021-08-12,515220,1617463.33,1614228.4,1.918,841400,1613805.2
2021-08-13,515220,1637410.1,1634135.28,1.942,841200,1633610.4
2021-08-16,512660,1646416.88,1643124.05,1.321,1243500,1642663.5
2021-08-17,513500,1622305.38,1619060.77,2.738,591200,1618705.6
2021-08-18,513500,1614378.31,1611149.55,2.725,591100,1610747.5
2021-08-19,511880,1596406.36,1593213.55,101.472,15600,1582963.2
2021-08-20,511880,1596511.43,1593318.41,101.494,15600,1583306.4
2021-08-23,513500,1596135.99,1592943.72,2.733,582700,1592519.1
2021-08-24,513500,1607549.14,1604334.04,2.753,582600,1603897.8
2021-08-25,515220,1603230.98,1600024.52,1.964,814500,1599678.0
2021-08-26,515220,1710478.43,1707057.48,2.098,813400,1706513.2
2021-08-27,515210,1692322.23,1688937.59,2.0,844200,1688400.0
2021-08-30,515210,1754525.15,1751016.1,2.073,844500,1750648.5
2021-08-31,512400,1814202.16,1810573.76,1.632,1109100,1810051.2
2021-09-01,510880,1758222.23,1754705.78,3.125,561300,1754062.5
2021-09-02,513100,1784629.66,1781060.4,5.188,343200,1780521.6
2021-09-03,513100,1783676.45,1780109.1,5.186,343100,1779316.6
2021-09-06,513100,1786421.25,1782848.41,5.194,343100,1782061.4
2021-09-07,510880,1786497.0,1782924.01,3.264,546100,1782470.4
2021-09-08,510880,1810253.75,1806633.24,3.307,546100,1805952.7
2021-09-09,512890,1862391.06,1858666.27,1.73,1074100,1858193.0
2021-09-10,512890,1863986.57,1860258.6,1.733,1073200,1859855.6
2021-09-13,512400,1894865.61,1891075.88,1.697,1114100,1890627.7
2021-09-14,512400,1890602.99,1886821.79,1.686,1118800,1886296.8
2021-09-15,159869,1866931.14,1863197.28,0.943,1975400,1862802.2
2021-09-16,159869,1852826.05,1849120.4,0.936,1975100,1848693.6
2021-09-17,513520,1797254.25,1793659.74,1.313,1365800,1793295.4
2021-09-22,501018,1781615.58,1778052.35,0.84,2116200,1777608.0
2021-09-23,501018,1798448.37,1794851.47,0.851,2108600,1794418.6
2021-09-24,501018,1822243.49,1818599.0,0.862,2109300,1818216.6
2021-09-27,501018,1855985.65,1852273.68,0.878,2109200,1851877.6
2021-09-28,501018,1877077.65,1873323.5,0.888,2109100,1872880.8
2021-09-29,501018,1839112.05,1835433.83,0.87,2109200,1835004.0
2021-09-30,501018,1855985.65,1852273.68,0.878,2109200,1851877.6
2021-10-08,501018,1938244.45,1934367.96,0.917,2109000,1933953.0
2021-10-11,501018,1980421.45,1976460.6,0.937,2108900,1976039.3
2021-10-12,501018,1976198.44,1972246.04,0.935,2108900,1971821.5
2021-10-13,501018,1969871.44,1965931.7,0.932,2108900,1965494.8
2021-10-14,501018,1976198.44,1972246.04,0.935,2108900,1971821.5
2021-10-15,501018,1999397.44,1995398.65,0.946,2108800,1994924.8
2021-10-18,159865,2043373.45,2039286.7,0.792,2574300,2038845.6
2021-10-19,159865,2166614.48,2162281.25,0.841,2570500,2161790.5
2021-10-20,159865,2138332.74,2134056.07,0.83,2570600,2133598.0
2021-10-21,159928,2091748.85,2087565.35,1.143,1826000,2087118.0
2021-10-22,501018,2147710.48,2143415.06,0.942,2274900,2142955.8
2021-10-25,501018,2176925.37,2172571.52,0.958,2267300,2172073.4
2021-10-26,501018,2165528.29,2161197.24,0.953,2267300,2160736.9
2021-10-27,501018,2156459.49,2152146.57,0.949,2267300,2151667.7
2021-10-28,501018,2097512.29,2093317.27,0.923,2267400,2092810.2
2021-10-29,513500,2131317.7,2127055.07,2.762,769900,2126463.8
2021-11-01,513500,2146044.67,2141752.58,2.794,766300,2141042.2
2021-11-02,515790,2138425.17,2134148.31,1.823,1170400,2133639.2
2021-11-03,516520,2083964.06,2079796.13,1.118,1859900,2079368.2
2021-11-04,516520,2116841.52,2112607.84,1.147,1841400,2112085.8
2021-11-05,516520,2152404.73,2148099.92,1.166,1841900,2147655.4
2021-11-08,516520,2128456.3,2124199.39,1.153,1841900,2123710.7
2021-11-09,516520,2128456.3,2124199.39,1.153,1841900,2123710.7
2021-11-10,512670,2112400.34,2108175.54,1.14,1848900,2107746.0
2021-11-11,512670,2133724.81,2129457.36,1.149,1852900,2128982.1
2021-11-12,512670,2195457.35,2191066.44,1.182,1853300,2190600.6
2021-11-15,512660,2163623.59,2159296.34,1.43,1509600,2158728.0
2021-11-16,512660,2122548.28,2118303.18,1.405,1507300,2117756.5
2021-11-17,512980,2108659.01,2104441.69,0.796,2643200,2103987.2
2021-11-18,515880,2041967.82,2037883.88,1.09,1869200,2037428.0
2021-11-19,512670,2045093.37,2041003.18,1.172,1741100,2040569.2
2021-11-22,512670,2067417.46,2063282.63,1.186,1739300,2062809.8
2021-11-23,159869,2068842.09,2064704.4,1.033,1998300,2064243.9
2021-11-24,159869,2084516.49,2080347.45,1.041,1998000,2079918.0
2021-11-25,515880,2052241.31,2048136.82,1.113,1839800,2047697.4
2021-11-26,515880,2015144.19,2011113.9,1.093,1839600,2010682.8
2021-11-29,515880,2004107.19,2000098.98,1.087,1839600,1999645.2
2021-11-30,516520,2038752.53,2034675.02,1.236,1645800,2034208.8
2021-12-01,562800,2010173.07,2006152.73,0.989,2028000,2005692.0
2021-12-02,562800,1997706.36,1993710.95,0.984,2025700,1993288.8
2021-12-03,159985,2021708.23,2017664.81,1.184,1703700,2017180.8
2021-12-06,562800,2022806.84,2018761.22,0.993,2032500,2018272.5
2021-12-07,159985,1928738.9,1924881.42,1.175,1637800,1924415.0
2021-12-08,159980,1910152.37,1906332.07,1.447,1317100,1905843.7
2021-12-09,159985,1916164.22,1912331.89,1.195,1599900,1911880.5
2021-12-10,512690,1918789.48,1914951.9,1.393,1374400,1914539.2
2021-12-13,512690,1948732.76,1944835.29,1.414,1375100,1944391.4
2021-12-14,512690,1955603.6,1951692.39,1.419,1375100,1951266.9
2021-12-15,512690,1910228.6,1906408.14,1.386,1375100,1905888.6
2021-12-16,512690,1871728.6,1867985.14,1.358,1375200,1867521.6
2021-12-17,512690,1852472.09,1848767.14,1.344,1375200,1848268.8
2021-12-20,159985,1848070.2,1844374.06,1.212,1521400,1843936.8
2021-12-21,159985,1845119.3,1841429.07,1.21,1521500,1841015.0
2021-12-22,159985,1849652.85,1845953.54,1.213,1521400,1845458.2
2021-12-23,159985,1883123.65,1879357.4,1.235,1521400,1878929.0
2021-12-24,159985,1907466.05,1903651.12,1.251,1521300,1903146.3
2021-12-27,159985,1884645.05,1880875.76,1.236,1521400,1880450.4
2021-12-28,159985,1898337.65,1894540.97,1.245,1521400,1894143.0
2021-12-29,159985,1889209.25,1885430.83,1.239,1521400,1885014.6
2021-12-30,159985,1889209.25,1885430.83,1.239,1521400,1885014.6
2021-12-31,512980,1858503.07,1854786.06,0.851,2179000,1854329.0
2022-01-04,512980,1925761.56,1921910.04,0.882,2178500,1921437.0
2022-01-05,512980,1927940.16,1924084.28,0.883,2178500,1923615.5
2022-01-06,501018,1923295.07,1919448.48,0.897,2139400,1919041.8
2022-01-07,501018,1957441.05,1953526.17,0.924,2113700,1953058.8
2022-01-10,501018,1942529.78,1938644.72,0.917,2113600,1938171.2
2022-01-11,501018,1938302.78,1934426.17,0.915,2113600,1933944.0
2022-01-12,501018,1978459.28,1974502.36,0.934,2113600,1974102.4
2022-01-13,501018,1991140.28,1987158.0,0.94,2113500,1986690.0
2022-01-14,501018,1989026.78,1985048.72,0.939,2113500,1984576.5
2022-01-17,501018,2029183.28,2025124.91,0.958,2113400,2024637.2
2022-01-18,501018,2041864.28,2037780.55,0.964,2113400,2037317.6
2022-01-19,501018,2067226.28,2063091.82,0.976,2113300,2062580.8
2022-01-20,501018,2071448.07,2067305.17,0.978,2113300,2066807.4
2022-01-21,501018,2033406.87,2029340.06,0.96,2113400,2028864.0
2022-01-24,501018,2073561.47,2069414.35,0.979,2113300,2068920.7
2022-01-25,518880,2031073.1,2027010.95,3.672,551900,2026576.8
2022-01-26,501018,2037869.44,2033793.7,0.968,2100600,2033380.8
2022-01-27,501018,2067053.09,2062918.98,0.982,2100300,2062494.6
2022-01-28,501018,2079654.89,2075495.58,0.988,2100200,2074997.6
2022-02-07,501018,2167867.49,2163531.75,1.03,2100000,2163000.0
2022-02-08,501018,2153161.78,2148855.45,1.023,2100100,2148402.3
2022-02-09,501018,2134260.88,2129992.35,1.014,2100100,2129501.4
2022-02-10,501018,2134260.88,2129992.35,1.014,2100100,2129501.4
2022-02-11,159985,2140420.12,2136139.28,1.451,1471800,2135581.8
2022-02-14,159985,2174592.73,2170243.55,1.439,1507800,2169724.2
2022-02-15,159985,2147922.14,2143626.3,1.422,1507100,2143096.2
2022-02-16,159980,2152116.56,2147812.33,1.577,1361600,2147243.2
2022-02-17,501018,2154194.72,2149886.33,1.021,2105200,2149409.2
2022-02-18,501018,2132824.36,2128558.71,1.011,2104900,2128053.9
2022-02-21,501018,2141243.56,2136961.07,1.015,2104900,2136473.5
2022-02-22,501018,2206492.36,2202079.38,1.046,2104800,2201620.8
2022-02-23,515220,2193535.22,2189148.15,2.11,1037300,2188703.0
2022-02-24,562800,2176287.63,2171935.05,0.897,2420800,2171457.6
2022-02-25,501018,2226456.35,2222003.43,1.085,2047500,2221537.5
2022-02-28,562800,2250352.15,2245851.44,0.944,2378500,2245304.0
2022-03-01,512400,2171213.85,2166871.42,1.392,1556300,2166369.6
2022-03-02,512400,2202008.95,2197604.93,1.412,1556000,2197072.0
2022-03-03,159985,2214125.53,2209697.28,1.495,1477700,2209161.5
2022-03-04,159985,2246297.24,2241804.64,1.516,1478400,2241254.4
2022-03-07,159985,2306902.47,2302288.66,1.557,1478300,2301713.1
2022-03-08,159985,2321685.47,2317042.1,1.567,1478300,2316496.1
2022-03-09,159985,2423688.17,2418840.79,1.636,1478200,2418335.2
2022-03-10,159985,2363077.87,2358351.71,1.595,1478200,2357729.0
2022-03-11,159985,2380817.47,2376055.83,1.607,1478200,2375467.4
2022-03-14,159985,2380817.47,2376055.83,1.607,1478200,2375467.4
2022-03-15,159985,2368991.07,2364253.08,1.599,1478200,2363641.8
2022-03-16,159985,2370469.37,2365728.43,1.6,1478200,2365120.0
2022-03-17,159985,2377860.87,2373105.15,1.605,1478200,2372511.0
2022-03-18,159985,2410383.47,2405562.7,1.627,1478200,2405031.4
2022-03-21,159985,2439949.47,2435069.57,1.647,1478100,2434430.7
2022-03-22,159985,2506463.46,2501450.53,1.692,1478100,2500945.2
2022-03-23,159985,2497594.26,2492599.07,1.686,1478100,2492076.6
2022-03-24,159985,2510898.06,2505876.26,1.695,1478000,2505210.0
2022-03-25,159985,2470984.35,2466042.38,1.668,1478100,2465470.8
2022-03-28,159985,2460637.65,2455716.37,1.661,1478100,2455124.1
2022-03-29,513500,2424800.31,2419950.71,2.735,884600,2419381.0
2022-03-30,513100,2424800.31,2419950.71,0.99,2443900,2419461.0
2022-03-31,513100,2404889.08,2400079.3,0.983,2441000,2399503.0
2022-04-01,513100,2375590.76,2370839.58,0.971,2441100,2370308.1
2022-04-06,513100,2360944.16,2356222.27,0.965,2441100,2355661.5
2022-04-07,511880,2306894.68,2302280.89,100.631,22800,2294386.8
2022-04-08,511880,2306983.32,2302369.35,100.649,22800,2294797.2
2022-04-11,511880,2307164.92,2302550.59,100.657,22800,2294979.6
2022-04-12,511880,2307255.72,2302641.21,100.661,22800,2295070.8
2022-04-13,511880,2307233.02,2302618.55,100.66,22800,2295048.0
2022-04-14,159980,2307117.25,2302503.02,1.711,1345400,2301979.4
2022-04-15,159980,2321568.32,2316925.18,1.721,1345900,2316293.9
2022-04-18,159980,2337712.86,2333037.43,1.733,1345900,2332444.7
2022-04-19,159980,2375395.26,2370644.47,1.761,1345900,2370129.9
2022-04-20,159980,2353862.46,2349154.74,1.745,1345900,2348595.5
2022-04-21,518880,2336017.43,2331345.4,3.928,593300,2330482.4
2022-04-22,518880,2346345.42,2341652.73,3.947,593100,2340965.7
2022-04-25,511880,2329387.12,2324728.34,100.711,23000,2316353.0
2022-04-26,511880,2329224.36,2324565.92,100.719,23000,2316537.0
2022-04-27,511880,2329338.86,2324680.19,100.724,23000,2316652.0
2022-04-28,511880,2329705.26,2325045.85,100.74,23000,2317020.0
2022-04-29,518880,2329885.85,2325226.08,3.953,588000,2324364.0
2022-05-05,511880,2316256.8,2311624.29,100.772,22900,2307678.8
2022-05-06,511880,2316208.55,2311576.14,100.785,22900,2307976.5
2022-05-09,501018,2316228.62,2311596.17,1.34,1724700,2311098.0
2022-05-10,511880,2179327.73,2174969.08,100.804,21500,2167286.0
2022-05-11,511880,2179068.34,2174710.2,100.807,21500,2167350.5
2022-05-12,511880,2179260.94,2174902.42,100.816,21500,2167544.0
2022-05-13,501018,2179194.09,2174835.7,1.32,1647200,2174304.0
2022-05-16,501018,2172279.9,2167935.34,1.318,1644500,2167451.0
2022-05-17,501018,2242994.85,2238508.86,1.361,1644400,2238028.4
2022-05-18,501018,2213388.74,2208961.97,1.343,1644400,2208429.2
2022-05-19,501018,2185432.24,2181061.38,1.326,1644500,2180607.0
2022-05-20,501018,2177209.74,2172855.32,1.321,1644500,2172384.5
2022-05-23,512670,2203544.55,2199137.46,0.851,2583600,2198643.6
2022-05-24,515790,2200077.26,2195677.11,1.384,1586100,2195162.4
2022-05-25,501018,2177220.97,2172866.53,1.336,1626000,2172336.0
2022-05-26,501018,2182620.97,2178255.73,1.342,1622800,2177797.6
2022-05-27,501018,2243448.96,2238962.06,1.38,1622100,2238498.0
2022-05-30,501018,2254799.33,2250289.74,1.387,1622000,2249714.0
2022-05-31,159755,2286893.99,2282320.21,1.003,2275000,2281825.0
2022-06-01,516520,2368082.88,2363346.72,0.906,2608000,2362848.0
2022-06-02,515220,2403874.28,2399066.53,2.4,999400,2398560.0
2022-06-06,515220,2436488.16,2431615.18,2.433,999200,2431053.6
2022-06-07,516520,2485076.97,2480106.81,0.941,2635000,2479535.0
2022-06-08,516520,2460993.68,2456071.69,0.932,2634700,2455540.4
2022-06-09,159605,2426380.71,2421527.95,0.873,2773200,2421003.6
2022-06-10,512400,2392386.3,2387601.53,1.274,1873700,2387093.8
2022-06-13,513180,2455356.9,2450446.18,0.596,4110600,2449917.6
2022-06-14,516520,2425855.83,2421004.12,0.935,2588700,2420434.5
2022-06-15,516520,2531613.11,2526549.88,0.976,2588100,2525985.6
2022-06-16,513180,2515702.43,2510671.03,0.597,4204600,2510146.2
2022-06-17,516520,2502339.71,2497335.03,0.956,2611700,2496785.2
2022-06-20,516520,2556802.53,2551688.93,0.977,2611200,2551142.4
2022-06-21,512400,2556419.86,2551307.02,1.279,1994300,2550709.7
2022-06-22,515790,2557649.06,2552533.76,1.609,1586000,2551874.0
2022-06-23,515790,2542994.8,2537908.81,1.601,1584800,2537264.8
2022-06-24,159915,2642442.06,2637157.18,2.73,965700,2636361.0
2022-06-27,159605,2678334.81,2672978.14,0.899,2972600,2672367.4
2022-06-28,562500,2606212.64,2601000.22,0.845,3077400,2600403.0
2022-06-29,516520,2586301.8,2581129.19,1.033,2498100,2580537.3
2022-06-30,512690,2585527.76,2580356.7,0.937,2753200,2579748.4
2022-07-01,512690,2541097.65,2536015.46,0.921,2752900,2535420.9
2022-07-04,159967,2529702.71,2524643.31,0.697,3621400,2524115.8
2022-07-05,159992,2539806.38,2534726.76,1.149,2205500,2534119.5
2022-07-06,562800,2483927.05,2478959.19,0.989,2506000,2478434.0
2022-07-07,511880,2498214.23,2493217.8,101.09,24600,2486814.0
2022-07-08,515120,2497667.19,2492671.85,0.821,3035500,2492145.5
2022-07-11,515120,2454803.41,2449893.81,0.807,3035100,2449325.7
2022-07-12,513100,2387676.06,2382900.7,0.816,2919600,2382393.6
2022-07-13,513500,2384041.92,2379273.84,1.214,1959400,2378711.6
2022-07-14,511880,2369616.19,2364876.95,101.113,23300,2355932.9
2022-07-15,513100,2369260.39,2364521.87,0.822,2875900,2363989.8
2022-07-18,513100,2412036.84,2407212.77,0.837,2875400,2406709.8
2022-07-19,513100,2389033.64,2384255.57,0.829,2875400,2383706.6
2022-07-20,513500,2454800.38,2449890.78,1.258,1947000,2449326.0
2022-07-21,513100,2459904.92,2454985.11,0.862,2847400,2454458.8
2022-07-22,513100,2473771.3,2468823.76,0.867,2846900,2468262.3
2022-07-25,513100,2442455.4,2437570.49,0.856,2847000,2437032.0
2022-07-26,513100,2422527.1,2417682.04,0.849,2847100,2417187.9
2022-07-27,513100,2428216.09,2423359.66,0.851,2847000,2422797.0
2022-07-28,513100,2465227.09,2460296.64,0.864,2846900,2459721.6
2022-07-29,513100,2525014.09,2519964.07,0.885,2846800,2519418.0
2022-08-01,513100,2530702.89,2525641.48,0.887,2846800,2525111.6
2022-08-02,513100,2530702.89,2525641.48,0.887,2846800,2525111.6
2022-08-03,513100,2527855.99,2522800.28,0.886,2846800,2522264.8
2022-08-04,513100,2593334.69,2588148.02,0.909,2846600,2587559.4
2022-08-05,513100,2616103.28,2610871.07,0.917,2846600,2610332.2
2022-08-08,513100,2593329.68,2588143.02,0.909,2846600,2587559.4
2022-08-09,513100,2584789.58,2579620.0,0.906,2846600,2579019.6
2022-08-10,513100,2547782.48,2542686.92,0.893,2846700,2542103.1
2022-08-11,513100,2627490.08,2622235.1,0.921,2846500,2621626.5
2022-08-12,513100,2607558.78,2602343.66,0.914,2846600,2601792.4
2022-08-15,512480,2658399.64,2653082.84,1.031,2572700,2652453.7
2022-08-16,512480,2637423.42,2632148.57,1.023,2572400,2631565.2
2022-08-17,513100,2634456.8,2629187.88,0.939,2799400,2628636.6
2022-08-18,512480,2608482.02,2603265.06,1.029,2529300,2602649.7
2022-08-19,513100,2572301.3,2567156.7,0.933,2750900,2566589.7
2022-08-22,513500,2519280.88,2514242.32,1.355,1855100,2513660.5
2022-08-23,513500,2487372.28,2482397.53,1.338,1854900,2481856.2
2022-08-24,515220,2477727.42,2472771.97,2.636,937800,2472040.8
2022-08-25,159985,2594168.67,2588980.34,1.654,1564900,2588344.6
2022-08-26,159985,2557794.68,2552679.09,1.631,1564700,2552025.7
2022-08-29,159985,2567182.28,2562047.92,1.637,1564700,2561413.9
2022-08-30,518880,2546461.36,2541368.44,3.793,669800,2540551.4
2022-08-31,159985,2525614.23,2520563.0,1.632,1544100,2519971.2
2022-09-01,511880,2517140.08,2512105.8,101.32,24700,2502604.0
2022-09-02,159985,2516564.51,2511531.38,1.643,1528300,2510996.9
2022-09-05,159985,2569667.92,2564528.58,1.678,1528000,2563984.0
2022-09-06,159985,2526883.92,2521830.15,1.65,1528000,2521200.0
2022-09-07,159985,2532995.92,2527929.93,1.654,1528000,2527312.0
2022-09-08,159985,2549803.92,2544704.31,1.665,1528000,2544120.0
2022-09-09,159985,2560499.92,2555378.92,1.672,1528000,2554816.0
2022-09-13,515220,2676227.29,2670874.84,2.736,975900,2670062.4
2022-09-14,512890,2629576.29,2624317.14,0.881,2978100,2623706.1
2022-09-15,512890,2638115.59,2632839.36,0.884,2977700,2632286.8
2022-09-16,159985,2593063.47,2587877.35,1.727,1498100,2587218.7
2022-09-19,159985,2613644.66,2608417.37,1.741,1497900,2607843.9
2022-09-20,159985,2613644.66,2608417.37,1.741,1497900,2607843.9
2022-09-21,159985,2621133.66,2615891.39,1.746,1497900,2615333.4
2022-09-22,159985,2670561.06,2665219.93,1.779,1497800,2664586.2
2022-09-23,159985,2648094.06,2642797.87,1.764,1497800,2642119.2
2022-09-26,511880,2593785.04,2588597.47,101.411,25500,2585980.5
2022-09-27,159985,2592936.1,2587750.23,1.751,1477500,2587102.5
2022-09-28,159985,2595502.5,2590311.49,1.753,1477300,2589706.9
2022-09-29,159985,2653113.3,2647807.07,1.792,1477200,2647142.4
2022-09-30,159985,2619137.7,2613899.42,1.769,1477300,2613343.7
2022-10-10,159985,2639818.5,2634538.86,1.783,1477200,2633847.6
2022-10-11,161226,2602498.97,2597293.98,0.632,4108800,2596761.6
2022-10-12,161226,2573352.81,2568206.11,0.625,4108300,2567687.5
2022-10-13,159985,2560639.93,2555518.65,1.775,1439400,2554935.0
2022-10-14,159985,2593356.27,2588169.56,1.797,1439900,2587500.3
2022-10-17,159985,2554476.61,2549367.65,1.77,1440000,2548800.0
2022-10-18,159985,2521353.9,2516311.19,1.747,1440000,2515680.0
2022-10-19,511880,2495062.27,2490072.15,101.512,24500,2487044.0
2022-10-20,511880,2494788.32,2489798.75,101.517,24500,2487166.5
2022-10-21,511880,2495081.12,2490090.96,101.529,24500,2487460.5
2022-10-24,159883,2494758.33,2489768.82,0.686,3628600,2489219.6
2022-10-25,501018,2425091.12,2420240.94,1.255,1928000,2419640.0
2022-10-26,513290,2424918.6,2420068.76,1.031,2346800,2419550.8
2022-10-27,513290,2474755.77,2469806.26,1.055,2340500,2469227.5
2022-10-28,513290,2435406.33,2430535.52,1.038,2341000,2429958.0
2022-10-31,513030,2563838.71,2558711.03,0.963,2656400,2558113.2
2022-11-01,513030,2574283.17,2569134.6,0.968,2653500,2568588.0
2022-11-02,513030,2566252.17,2561119.66,0.965,2653400,2560531.0
2022-11-03,515400,2526239.39,2521186.91,0.733,3438800,2520640.4
2022-11-04,159998,2540275.12,2535194.57,0.822,3083500,2534637.0
2022-11-07,513360,2524104.01,2519055.81,0.472,5335900,2518544.8
2022-11-08,159998,2480674.98,2475713.63,0.81,3055800,2475198.0
2022-11-09,159892,2486042.23,2481070.14,0.619,4007300,2480518.7
2022-11-10,159892,2457624.0,2452708.75,0.612,4006800,2452161.6
2022-11-11,159892,2553779.9,2548672.34,0.636,4006500,2548134.0
2022-11-14,513030,2689596.64,2684217.45,1.041,2577900,2683593.9
2022-11-15,515400,2683638.24,2678270.96,0.774,3459600,2677730.4
2022-11-16,513030,2682837.13,2677471.46,1.038,2578900,2676898.2
2022-11-17,515400,2715548.89,2710117.79,0.77,3518900,2709553.0
2022-11-18,515400,2810136.61,2804516.34,0.797,3518100,2803925.7
2022-11-21,513180,2676039.47,2670687.39,0.492,5427100,2670133.2
2022-11-22,159605,2648111.63,2642815.41,0.688,3840500,2642264.0
2022-11-23,513030,2635802.26,2630530.65,1.065,2469400,2629911.0
2022-11-24,513030,2662566.82,2657241.69,1.076,2469000,2656644.0
2022-11-25,513030,2687256.82,2681882.31,1.086,2469000,2681334.0
2022-11-28,513030,2667504.82,2662169.81,1.078,2469000,2661582.0
2022-11-29,513030,2640345.82,2635065.13,1.067,2469100,2634529.7
2022-11-30,513520,2630076.15,2624816.0,1.085,2418600,2624181.0
2022-12-01,513030,2642256.51,2636972.0,1.076,2450200,2636415.2
2022-12-02,513090,2619007.66,2613769.65,1.063,2458300,2613172.9
2022-12-05,513090,2709558.04,2704138.92,1.1,2457800,2703580.0
2022-12-06,513090,2726763.34,2721309.81,1.107,2457700,2720673.9
2022-12-07,512200,2738637.38,2733160.11,0.767,3562700,2732590.9
2022-12-08,512200,2777410.65,2771855.83,0.778,3562000,2771236.0
2022-12-09,512200,2809469.55,2803850.61,0.787,3561900,2803215.3
2022-12-12,513330,2741376.32,2735893.57,0.463,5907800,2735311.4
2022-12-13,513330,2758687.66,2753170.28,0.465,5919600,2752614.0
2022-12-14,161226,2781931.34,2776367.48,0.735,3776600,2775801.0
2022-12-15,161226,2732427.02,2726962.17,0.722,3776100,2726344.2
2022-12-16,159985,2690488.32,2685107.35,1.924,1395300,2684557.2
2022-12-19,511880,2635286.71,2630016.14,101.737,25800,2624814.6
2022-12-20,511880,2635125.8,2629855.55,101.745,25800,2625021.0
2022-12-21,161226,2634656.5,2629387.19,0.73,3601100,2628803.0
2022-12-22,161226,2637862.19,2632586.47,0.732,3595700,2632052.4
2022-12-23,159985,2594400.3,2589211.5,1.929,1341900,2588525.1
2022-12-26,161226,2656813.23,2651499.6,0.726,3651400,2650916.4
2022-12-27,159985,2661543.39,2656220.3,1.982,1339900,2655681.8
2022-12-28,159985,2631673.91,2626410.56,1.96,1339700,2625812.0
2022-12-29,159985,2655786.71,2650475.14,1.978,1339700,2649926.6
2022-12-30,159985,2683918.31,2678550.48,1.999,1339600,2677860.4
2023-01-03,159985,2713389.51,2707962.73,2.021,1339600,2707331.6
2023-01-04,513360,2654049.87,2648741.77,0.545,4859000,2648155.0
2023-01-05,513360,2682801.9,2677436.29,0.551,4858200,2676868.2
2023-01-06,513360,2692518.3,2687133.26,0.553,4858200,2686584.6
2023-01-09,513360,2779965.9,2774405.96,0.571,4857800,2773803.8
2023-01-10,513120,2803830.68,2798223.02,1.048,2669500,2797636.0
2023-01-11,513120,2883481.1,2877714.14,1.078,2668900,2877074.2
2023-01-12,513120,2827432.1,2821777.23,1.057,2669000,2821133.0
2023-01-13,513120,2902164.1,2896359.77,1.085,2668900,2895756.5
2023-01-16,512010,3056508.51,3050395.5,0.538,5668700,3049760.6
2023-01-17,512010,2988036.66,2982060.58,0.527,5657400,2981449.8
2023-01-18,512010,2965391.09,2959460.3,0.523,5657400,2958820.2
2023-01-19,512010,3044596.09,3038506.89,0.537,5657100,3037862.7
2023-01-20,512010,3016305.08,3010272.47,0.532,5657200,3009630.4
2023-01-30,512010,3010647.88,3004626.58,0.531,5657200,3003973.2
2023-01-31,159851,2925352.02,2919501.32,1.102,2648700,2918867.4
2023-02-01,159852,2966842.94,2960909.26,0.929,3186500,2960258.5
2023-02-02,515400,3029664.49,3023605.16,0.863,3502800,3022916.4
2023-02-03,515400,3001193.51,2995191.13,0.855,3502400,2994552.0
2023-02-06,515400,3078239.11,3072082.63,0.877,3502200,3071429.4
2023-02-07,562500,3102290.82,3096086.24,0.82,3774900,3095418.0
2023-02-08,515400,3074946.21,3068796.31,0.873,3514500,3068158.5
2023-02-09,513310,3109158.59,3102940.27,1.072,2893900,3102260.8
2023-02-10,513310,3102906.95,3096701.14,1.069,2896200,3096037.8
2023-02-13,513310,3094213.51,3088025.08,1.066,2896200,3087349.2
2023-02-14,515980,3114020.09,3107792.05,0.896,3467800,3107148.8
2023-02-15,159869,3189354.03,3182975.32,0.943,3374600,3182247.8
2023-02-16,159819,3306472.82,3299859.88,0.837,3941600,3299119.2
2023-02-17,513030,3088760.75,3082583.23,1.126,2737000,3081862.0
2023-02-20,513030,3093884.46,3087696.69,1.13,2731900,3087047.0
2023-02-21,513030,3096379.73,3090186.97,1.131,2731700,3089552.7
2023-02-22,159869,3068836.15,3062698.48,0.931,3289000,3062059.0
2023-02-23,513030,3037713.88,3031638.45,1.126,2691800,3030966.8
2023-02-24,513030,3051282.99,3045180.42,1.132,2689500,3044514.0
2023-02-27,511880,3010533.64,3004512.57,100.355,29900,3000614.5
2023-02-28,511880,3014773.51,3008743.96,100.355,29900,3000614.5
2023-03-01,511880,3015024.54,3008994.49,100.366,29900,3000943.4
2023-03-02,515880,3014784.48,3008754.91,0.969,3104300,3008066.7
2023-03-03,515880,2958464.93,2952548.0,0.951,3104000,2951904.0
2023-03-06,515880,3014330.13,3008301.47,0.969,3103900,3007679.1
2023-03-07,512890,2948706.87,2942809.45,0.902,3261800,2942143.6
2023-03-08,501018,2902173.01,2896368.66,1.155,2507100,2895700.5
2023-03-09,513030,2892780.2,2886994.64,1.144,2523000,2886312.0
2023-03-10,513030,2876764.8,2871011.27,1.132,2535700,2870412.4
2023-03-13,518880,2883732.53,2877965.07,4.098,702100,2877205.8
2023-03-14,518880,2907867.56,2902051.82,4.133,702000,2901366.0
2023-03-15,518880,2911377.06,2905554.3,4.138,702000,2904876.0
2023-03-16,518880,2933135.96,2927269.69,4.169,702000,2926638.0
2023-03-17,518880,2947875.86,2941980.11,4.19,702000,2941380.0
2023-03-20,518880,3025786.76,3019735.19,4.301,701900,3018871.9
2023-03-21,518880,3032103.86,3026039.65,4.31,701900,3025189.0
2023-03-22,588200,2963576.01,2957648.86,1.266,2335700,2956996.2
2023-03-23,588200,3026185.62,3020133.25,1.293,2335200,3019413.6
2023-03-24,588200,3035526.82,3029455.77,1.297,2335200,3028754.4
2023-03-27,159869,2967358.96,2961424.24,1.151,2572300,2960717.3
2023-03-28,588200,3025617.25,3019566.02,1.266,2384600,3018903.6
2023-03-29,588200,3115764.44,3109532.91,1.303,2385900,3108827.7
2023-03-30,516510,3120063.93,3113823.8,1.135,2742900,3113191.5
2023-03-31,159852,3187679.03,3181303.68,1.109,2868000,3180612.0
2023-04-03,159819,3439027.17,3432149.11,0.964,3559600,3431454.4
2023-04-04,512480,3615921.21,3608689.37,1.06,3403700,3607922.0
2023-04-06,159851,3771358.15,3763815.43,1.321,2848600,3763000.6
2023-04-07,513310,3821488.41,3813845.43,1.19,3204200,3812998.0
2023-04-10,513310,3846546.13,3838853.04,1.198,3203700,3838032.6
2023-04-11,513310,3763249.93,3755723.43,1.172,3203800,3754853.6
2023-04-12,588080,3807531.81,3799916.75,1.157,3283600,3799125.2
2023-04-13,515400,3734174.88,3726706.53,1.072,3475700,3725950.4
2023-04-14,161226,3660091.13,3652770.95,0.772,4730600,3652023.2
2023-04-17,513310,3573872.08,3566724.34,1.186,3006700,3565946.2
2023-04-18,513310,3513213.71,3506187.29,1.165,3008900,3505368.5
2023-04-19,512480,3560816.37,3553694.74,1.075,3305000,3552875.0
2023-04-20,161226,3556447.66,3549334.76,0.754,4706300,3548550.2
2023-04-21,161226,3555915.45,3548803.62,0.754,4705600,3548022.4
2023-04-24,513030,3517744.92,3510709.43,1.196,2934700,3509901.2
2023-04-25,513030,3529885.58,3522825.8,1.203,2927700,3522023.1
2023-04-26,513030,3512113.5,3505089.28,1.197,2927600,3504337.2
2023-04-27,161226,3520737.93,3513696.46,0.755,4652900,3512939.5
2023-04-28,513030,3520945.06,3513903.17,1.203,2920300,3513120.9
2023-05-04,161226,3505662.7,3498651.37,0.773,4525100,3497902.3
2023-05-05,161226,3536809.55,3529735.93,0.779,4530100,3528947.9
2023-05-08,161226,3505094.33,3498084.15,0.772,4530200,3497314.4
2023-05-09,161226,3491499.13,3484516.13,0.769,4530300,3483800.7
2023-05-10,161226,3482433.73,3475468.86,0.767,4530300,3474740.1
2023-05-11,513520,3463863.23,3456935.51,1.136,3042400,3456166.4
2023-05-12,513520,3463034.73,3456108.66,1.157,2986500,3455380.5
2023-05-15,513520,3486589.95,3479616.77,1.165,2986100,3478806.5
2023-05-16,513520,3498534.75,3491537.68,1.169,2986100,3490750.9
2023-05-17,513520,3594093.15,3586904.97,1.201,2985900,3586065.9
2023-05-18,513520,3812066.14,3804442.01,1.274,2985600,3803654.4
2023-05-19,513520,4113617.12,4105389.89,1.375,2985100,4104512.5
2023-05-22,513100,3892124.25,3884340.0,0.984,3946700,3883552.8
2023-05-23,513100,3927056.09,3919201.98,0.994,3942000,3918348.0
2023-05-24,513100,3871861.49,3864117.77,0.98,3942100,3863258.0
2023-05-25,513100,3903398.29,3895591.49,0.988,3942100,3894794.8
2023-05-26,513100,3930992.99,3923131.0,0.995,3942000,3922290.0
2023-05-29,513100,4068966.49,4060828.56,1.03,3941700,4059951.0
2023-05-30,513100,4084728.68,4076559.22,1.034,3941700,4075717.8
2023-05-31,513100,4076845.08,4068691.39,1.032,3941700,4067834.4
2023-06-01,513100,4061077.88,4052955.72,1.028,3941700,4052067.6
2023-06-02,513100,4116263.08,4108030.55,1.042,3941600,4107147.2
2023-06-05,513100,4128083.17,4119827.0,1.045,3941600,4118972.0
2023-06-06,513100,4147791.67,4139496.09,1.05,3941500,4138575.0
2023-06-07,513100,4151728.36,4143424.91,1.051,3941500,4142516.5
2023-06-08,513500,4072286.82,4064142.24,1.435,2831500,4063202.5
2023-06-09,513100,4093713.52,4085526.1,1.047,3901300,4084661.1
2023-06-12,513100,4128207.2,4119950.78,1.056,3900600,4119033.6
2023-06-13,513100,4225724.7,4217273.25,1.081,3900400,4216332.4
2023-06-14,515880,4240686.9,4232205.53,1.214,3485400,4231275.6
2023-06-15,516510,4288196.57,4279620.18,1.25,3423000,4278750.0
2023-06-16,516510,4438140.97,4429264.68,1.293,3424800,4428266.4
2023-06-19,515050,4577863.26,4568707.53,1.095,4171400,4567683.0
2023-06-20,516190,4622364.0,4613119.27,1.316,3504700,4612185.2
2023-06-21,159852,4579268.97,4570110.44,1.102,4146200,4569112.4
2023-06-26,516520,4341640.41,4332957.13,0.967,4479900,4332063.3
2023-06-27,159985,4310482.05,4301861.08,1.9,2263600,4300840.0
2023-06-28,159985,4264219.03,4255690.6,1.894,2246400,4254681.6
2023-06-29,159985,4234175.3,4225706.95,1.881,2246000,4224726.0
2023-06-30,159985,4267861.78,4259326.06,1.896,2246000,4258416.0
2023-07-03,159985,4573331.38,4564184.72,2.032,2245700,4563262.4
2023-07-04,515880,4505276.76,4496266.21,1.309,3434100,4495236.9
2023-07-05,159985,4428402.76,4419545.95,2.01,2198300,4418583.0
2023-07-06,159985,4425541.84,4416690.75,2.01,2196900,4415769.0
2023-07-07,159985,4429930.75,4421070.88,2.012,2196900,4420162.8
2023-07-10,159985,4377202.75,4368448.34,1.988,2196900,4367437.2
2023-07-11,159985,4460688.75,4451767.37,2.026,2196800,4450716.8
2023-07-12,159985,4519999.94,4510959.94,2.053,2196800,4510030.4
2023-07-13,159985,4469471.24,4460532.29,2.03,2196800,4459504.0
2023-07-14,159985,4526590.64,4517537.45,2.056,2196800,4516620.8
2023-07-17,159985,4539772.04,4530692.49,2.062,2196700,4529595.4
2023-07-18,159985,4566128.63,4556996.37,2.074,2196700,4555955.8
2023-07-19,159985,4614458.23,4605229.31,2.096,2196700,4604283.2
2023-07-20,159985,4649607.03,4640307.81,2.112,2196600,4639219.2
2023-07-21,159985,4640815.22,4631533.58,2.108,2196600,4630432.8
2023-07-24,159985,4686945.92,4677572.02,2.129,2196600,4676561.4
2023-07-25,159985,4728683.22,4719225.85,2.148,2196500,4718082.0
2023-07-26,159985,4730874.9,4721413.15,2.149,2196500,4720278.5
2023-07-27,159985,4831918.5,4822254.67,2.195,2196400,4821098.0
2023-07-28,159985,4774804.39,4765254.78,2.169,2196500,4764208.5
2023-07-31,159985,4704516.39,4695107.36,2.137,2196600,4694134.2
2023-08-01,501018,4763108.93,4753582.72,1.246,3814300,4752617.8
2023-08-02,512880,4782713.93,4773148.51,1.017,4692400,4772170.8
2023-08-03,512200,4836261.58,4826589.05,0.709,6806200,4825595.8
2023-08-04,513090,4821203.93,4811561.52,1.257,3827000,4810539.0
2023-08-07,513090,4701864.04,4692460.31,1.226,3826600,4691411.6
2023-08-08,513090,4755430.13,4745919.27,1.24,3826500,4744860.0
2023-08-09,513090,4690379.63,4680998.87,1.223,3826700,4680054.1
2023-08-10,501018,4685846.64,4676474.94,1.285,3638500,4675472.5
2023-08-11,501018,4670550.82,4661209.72,1.273,3660800,4660198.4
2023-08-14,501018,4687278.48,4677903.92,1.28,3653800,4676864.0
2023-08-15,501018,4673506.53,4664159.52,1.276,3654500,4663142.0
2023-08-16,159985,4596536.18,4587343.1,2.227,2059400,4586283.8
2023-08-17,159985,4565013.76,4555883.74,2.27,2006500,4554755.0
2023-08-18,159985,4616087.25,4606855.08,2.297,2005100,4605714.7
2023-08-21,159985,4716231.61,4706799.15,2.347,2005000,4705735.0
2023-08-22,159985,4593926.61,4584738.76,2.286,2005100,4583658.6
2023-08-23,511880,4619300.21,4610061.61,101.227,45500,4605828.5
2023-08-24,511880,4618928.63,4609690.77,101.234,45500,4606147.0
2023-08-25,159985,4618874.75,4609637.0,2.332,1976200,4608498.4
2023-08-28,159985,4715002.36,4705572.36,2.382,1975000,4704450.0
2023-08-29,159985,4707097.67,4697683.47,2.378,1975000,4696550.0
2023-08-30,159985,4687346.67,4677971.98,2.368,1975000,4676800.0
2023-08-31,159985,4693271.97,4683885.43,2.371,1975000,4682725.0
2023-09-01,159985,4649819.77,4640520.13,2.349,1975100,4639509.9
2023-09-04,159985,4578716.17,4569558.74,2.313,1975200,4568637.6
2023-09-05,159985,4616243.07,4607010.58,2.332,1975100,4605933.2
2023-09-06,159985,4679446.27,4670087.38,2.364,1975100,4669136.4
2023-09-07,159985,4675496.07,4666145.08,2.362,1975100,4665186.2
2023-09-08,501018,4591854.56,4582670.85,1.336,3429400,4581678.4
2023-09-11,159985,4596057.54,4586865.43,2.352,1949800,4585929.6
2023-09-12,501018,4553748.61,4544641.12,1.348,3370700,4543703.6
2023-09-13,501018,4567699.18,4558563.78,1.365,3338900,4557598.5
2023-09-14,501018,4576353.04,4567200.34,1.37,3333000,4566210.0
2023-09-15,501018,4669400.95,4660062.15,1.398,3332700,4659114.6
2023-09-18,501018,4662735.35,4653409.88,1.396,3332700,4652449.2
2023-09-19,501018,4682732.15,4673366.69,1.402,3332600,4672305.2
2023-09-20,518880,4562166.76,4553042.43,4.589,991900,4551829.1
2023-09-21,518880,4552489.64,4543384.66,4.588,990000,4542120.0
2023-09-22,501018,4514949.71,4505919.81,1.372,3283500,4504962.0
2023-09-25,518880,4500030.15,4491030.09,4.579,980500,4489709.5
2023-09-26,518880,4477647.87,4468692.58,4.581,975200,4467391.2
2023-09-27,511880,4456297.61,4447385.01,101.351,43800,4439173.8
2023-09-28,501018,4459119.77,4450201.53,1.408,3160000,4449280.0
2023-10-09,515120,4251096.82,4242594.63,0.634,6690400,4241713.6
2023-10-10,515120,4203635.55,4195228.28,0.627,6689600,4194379.2
2023-10-11,515120,4330731.04,4322069.58,0.646,6689100,4321158.6
2023-10-12,515120,4317347.93,4308713.23,0.644,6689200,4307844.8
2023-10-13,515120,4364172.33,4355443.99,0.651,6689000,4354539.0
2023-10-16,515120,4330721.83,4322060.38,0.646,6689100,4321158.6
2023-10-17,511880,4263192.71,4254666.32,101.496,41900,4252682.4
2023-10-18,511880,4263810.31,4255282.69,101.526,41900,4253939.4
2023-10-19,511880,4263308.71,4254782.09,101.514,41900,4253436.6
2023-10-20,511880,4263643.11,4255115.82,101.522,41900,4253771.8
2023-10-23,511880,4263559.51,4255032.39,101.52,41900,4253688.0
2023-10-24,511880,4263852.11,4255324.4,101.527,41900,4253981.3
2023-10-25,511880,4263517.71,4254990.67,101.519,41900,4253646.1
2023-10-26,511880,4263726.71,4255199.25,101.524,41900,4253855.6
2023-10-27,511880,4264186.51,4255658.13,101.535,41900,4254316.5
2023-10-30,511880,4264270.11,4255741.57,101.537,41900,4254400.3
2023-10-31,561980,4264093.22,4255565.04,1.064,3998700,4254616.8
2023-11-01,561980,4239900.2,4231420.4,1.057,4002400,4230536.8
2023-11-02,513120,4184093.88,4175725.69,0.886,4712000,4174832.0
2023-11-03,513120,4202589.28,4194184.1,0.889,4716900,4193324.1
2023-11-06,513120,4437331.92,4428457.26,0.939,4715100,4427478.9
2023-11-07,513120,4385458.15,4376687.24,0.928,4715300,4375798.4
2023-11-08,513120,4427894.95,4419039.16,0.937,4715200,4418142.4
2023-11-09,513120,4338306.15,4329629.54,0.918,4715400,4328737.2
2023-11-10,513120,4262856.35,4254330.64,0.902,4715600,4253471.2
2023-11-13,513120,4196834.34,4188440.67,0.888,4715700,4187541.6
2023-11-14,159892,4205631.02,4197219.76,0.613,6845600,4196352.8
2023-11-15,159892,4259756.62,4251237.11,0.622,6833400,4250374.8
2023-11-16,159892,4170926.78,4162584.93,0.609,6833700,4161723.3
2023-11-17,159869,4183962.7,4175594.77,1.103,3784900,4174744.7
2023-11-20,159869,4224963.87,4216513.94,1.114,3784200,4215598.8
2023-11-21,159869,4240101.07,4231620.86,1.118,3784200,4230735.6
2023-11-22,512980,4216764.07,4208330.54,0.81,5194400,4207464.0
2023-11-23,159509,4101263.08,4093060.55,1.039,3938600,4092205.4
2023-11-24,159509,4092773.91,4084588.36,1.036,3941800,4083704.8
2023-11-27,513030,4040921.78,4032839.94,1.223,3296800,4031986.4
2023-11-28,513030,4039031.69,4030953.62,1.222,3297900,4030033.8
2023-11-29,513030,4051910.37,4043806.55,1.226,3297700,4042980.2
2023-11-30,513030,4091481.57,4083298.61,1.238,3297600,4082428.8
2023-12-01,513030,4101374.37,4093171.63,1.241,3297600,4092321.6
2023-12-04,513030,4121159.97,4112917.65,1.247,3297500,4111982.5
2023-12-05,513030,4101374.37,4093171.63,1.241,3297600,4092321.6
2023-12-06,513030,4147540.77,4139245.69,1.255,3297500,4138362.5
2023-12-07,513030,4134350.37,4126081.67,1.251,3297500,4125172.5
2023-12-08,513030,4150838.37,4142536.7,1.256,3297500,4141660.0
2023-12-11,513030,4200302.37,4191901.77,1.271,3297400,4190995.4
2023-12-12,513030,4216784.97,4208351.4,1.276,3297400,4207482.4
2023-12-13,513360,4202965.83,4194559.89,0.653,6422200,4193696.6
2023-12-14,513030,4150346.02,4142045.33,1.288,3215200,4141177.6
2023-12-15,513290,4129818.55,4121558.91,1.107,3722400,4120696.8
2023-12-18,513290,4118035.68,4109799.61,1.103,3725200,4108895.6
2023-12-19,513290,4088229.7,4080053.24,1.095,3725300,4079203.5
2023-12-20,513290,4144102.7,4135814.49,1.11,3725200,4134972.0
2023-12-21,513520,4024293.95,4016245.36,1.314,3055800,4015321.2
2023-12-22,513290,3998650.82,3990653.52,1.085,3677200,3989762.0
2023-12-25,513290,4159822.83,4151503.19,1.129,3676400,4150655.6
2023-12-26,513290,4152464.83,4144159.9,1.127,3676400,4143302.8
2023-12-27,513290,4189229.83,4180851.37,1.137,3676300,4179953.1
2023-12-28,513290,4218636.12,4210198.85,1.145,3676200,4209249.0
2023-12-29,513290,4200249.41,4191848.92,1.14,3676300,4190982.0
2024-01-02,513290,4185544.21,4177173.13,1.136,3676300,4176276.8
2024-01-03,513290,4277451.71,4268896.81,1.161,3676100,4267952.1
2024-01-04,513290,4218627.61,4210190.35,1.145,3676200,4209249.0
2024-01-05,513290,4270094.41,4261554.22,1.159,3676100,4260599.9
2024-01-08,513290,4244361.01,4235872.29,1.152,3676200,4234982.4
2024-01-09,513290,4376704.21,4367950.8,1.188,3675900,4366969.2
2024-01-10,513290,4350967.4,4342265.46,1.181,3676000,4341356.0
2024-01-11,513290,4358319.4,4349602.76,1.183,3676000,4348708.0
2024-01-12,513290,4295827.4,4287235.74,1.166,3676100,4286332.6
2024-01-15,513520,4313561.73,4304934.61,1.499,2871200,4303928.8
2024-01-16,513520,4746391.93,4736899.15,1.65,2870200,4735830.0
2024-01-17,513500,4352505.2,4343800.19,1.618,2684100,4342873.8
2024-01-18,159509,4324370.61,4315721.87,1.11,3887200,4314792.0
2024-01-19,513520,4459088.13,4450169.96,1.442,3085400,4449146.8
2024-01-22,513520,4594156.45,4584968.14,1.486,3084800,4584012.8
2024-01-23,513520,4874882.35,4865132.58,1.577,3084400,4864098.8
2024-01-24,159509,5160963.98,5150642.05,1.191,4323700,5149526.7
2024-01-25,159509,5125607.65,5115356.43,1.183,4323100,5114227.3
2024-01-26,159509,5078054.65,5067898.54,1.172,4323200,5066790.4
2024-01-29,159509,5086695.84,5076522.45,1.174,4323200,5075436.8
2024-01-30,159509,5229358.14,5218899.42,1.207,4322900,5217740.3
2024-01-31,159509,5082371.03,5072206.29,1.173,4323200,5071113.6
2024-02-01,501018,5021091.08,5011048.9,1.228,4079800,5009994.4
2024-02-02,159509,4929769.52,4919909.98,1.187,4143900,4918809.3
2024-02-05,159509,5028468.6,5018411.66,1.211,4143100,5017294.1
2024-02-06,159509,5098903.0,5088705.19,1.228,4143000,5087604.0
2024-02-07,159509,5053323.99,5043217.34,1.217,4143100,5042152.7
2024-02-08,159509,5202475.59,5192070.64,1.253,4142800,5190928.4
2024-02-19,159509,5210756.58,5200335.07,1.255,4142800,5199214.0
2024-02-20,159509,5198327.88,5187931.22,1.252,4142800,5186785.6
2024-02-21,159509,5119612.78,5109373.55,1.233,4143000,5108319.0
2024-02-22,159509,5277042.98,5266488.89,1.271,4142700,5265371.7
2024-02-23,159509,5475892.37,5464940.59,1.319,4142400,5463825.6
2024-02-26,159509,5480029.85,5469069.79,1.32,4142400,5467968.0
2024-02-27,159509,5438604.85,5427727.64,1.31,4142400,5426544.0
2024-02-28,159509,5463459.85,5452532.93,1.316,4142400,5451398.4
2024-02-29,159509,5521454.85,5510411.94,1.33,4142300,5509259.0
2024-03-01,159509,5662291.45,5650966.86,1.364,4142100,5649824.4
2024-03-04,159998,5926500.2,5914647.2,0.8,7391800,5913440.0
2024-03-05,159967,5961673.92,5949750.57,0.427,13931000,5948537.0
2024-03-06,159995,5918113.37,5906277.14,0.893,6612600,5905051.8
2024-03-07,159995,5798219.91,5786623.47,0.874,6619500,5785443.0
2024-03-08,513310,5850301.85,5838601.25,1.244,4692400,5837345.6
2024-03-11,513310,5830659.97,5818998.65,1.24,4691700,5817708.0
2024-03-12,159949,5914223.49,5902395.05,0.809,7294400,5901169.6
2024-03-13,512980,5897869.0,5886073.26,0.764,7702700,5884862.8
2024-03-14,159851,5780598.64,5769037.44,0.967,5964700,5767864.9
2024-03-15,159995,5719382.64,5707943.88,0.876,6514600,5706789.6
2024-03-18,159516,5900954.23,5889152.33,0.861,6838500,5887948.5
2024-03-19,159998,5953881.18,5941973.42,0.79,7519900,5940721.0
2024-03-20,515980,6019759.65,6007720.14,0.857,7008700,6006455.9
2024-03-21,561330,6010951.45,5998929.55,0.97,6183200,5997704.0
2024-03-22,515880,5951953.14,5940049.24,1.201,4944900,5938824.9
2024-03-25,561330,5975672.48,5963721.14,0.964,6185100,5962436.4
2024-03-26,159518,5928656.34,5916799.03,1.069,5533700,5915525.3
2024-03-27,159518,5822645.92,5811000.63,1.05,5533100,5809755.0
2024-03-28,159518,5916701.71,5904868.31,1.067,5532900,5903604.3
2024-03-29,159518,6032894.71,6020828.92,1.088,5532700,6019577.6
2024-04-01,159518,6071619.3,6059476.06,1.095,5532600,6058197.0
2024-04-02,517520,6142619.79,6130334.55,1.21,5065300,6129013.0
2024-04-03,159518,6307884.81,6295269.04,1.129,5574800,6293949.2
2024-04-08,159518,6301366.94,6288764.21,1.128,5574000,6287472.0
2024-04-09,159518,6217758.44,6205322.92,1.113,5574100,6203973.3
2024-04-10,159518,6167587.43,6155252.26,1.104,5574200,6153916.8
2024-04-11,161226,6211208.09,6198785.67,0.893,6940100,6197509.3
2024-04-12,161226,6354758.82,6342049.3,0.915,6929800,6340767.0
2024-04-15,161226,6354752.04,6342042.54,0.915,6929800,6340767.0
2024-04-16,518880,6409230.25,6396411.79,5.494,1164000,6395016.0
2024-04-17,518880,6367538.14,6354803.06,5.459,1163800,6353184.2
2024-04-18,518880,6323313.74,6310667.11,5.421,1163800,6308959.8
2024-04-19,518880,6364046.74,6351318.64,5.456,1163800,6349692.8
2024-04-22,159980,6290949.54,6278367.64,1.755,3576600,6276933.0
2024-04-23,159980,6121936.66,6109692.79,1.707,3578400,6108328.8
2024-04-24,159980,6157714.46,6145399.03,1.717,3578400,6144112.8
2024-04-25,159980,6143401.26,6131114.46,1.713,3578400,6129799.2
2024-04-26,159980,6272220.06,6259675.62,1.749,3578200,6258271.8
2024-04-29,159980,6268641.76,6256104.48,1.748,3578200,6254693.6
2024-04-30,159980,6304424.76,6291815.91,1.758,3578200,6290475.6
2024-05-06,159980,6325894.56,6313242.77,1.764,3578200,6311944.8
2024-05-07,159980,6315159.66,6302529.34,1.761,3578200,6301210.2
2024-05-08,513330,6242659.22,6230173.9,0.39,15971500,6228885.0
2024-05-09,513330,6305601.4,6292990.19,0.394,15968800,6291707.2
2024-05-10,513330,6321565.29,6308922.16,0.395,15968700,6307636.5
2024-05-13,513330,6401404.29,6388601.48,0.4,15968200,6387280.0
2024-05-14,513180,6528168.45,6515112.12,0.549,11864800,6513775.2
2024-05-15,510900,6502488.62,6489483.64,0.851,7624100,6488109.1
2024-05-16,159985,6614871.13,6601641.39,2.304,2864700,6600268.8
2024-05-17,159985,6628202.23,6614945.82,2.309,2864200,6613437.8
2024-05-20,513920,6638665.33,6625388.0,1.229,5389700,6623941.3
2024-05-21,513630,6568101.16,6554964.96,1.193,5493400,6553626.2
2024-05-22,513630,6605330.46,6592119.79,1.2,5492300,6590760.0
2024-05-23,513630,6496532.48,6483539.41,1.181,5488700,6482154.7
2024-05-24,159985,6457032.12,6444118.06,2.338,2755600,6442592.8
2024-05-27,513100,6402760.65,6389955.12,1.374,4649600,6388550.4
2024-05-28,161226,6424085.38,6411237.21,1.024,6259700,6409932.8
2024-05-29,159509,6447195.63,6434301.24,1.472,4370200,6432934.4
2024-05-30,511880,6331674.79,6319011.44,100.809,62600,6310643.4
2024-05-31,511880,6331354.68,6318691.97,100.819,62600,6311269.4
2024-06-03,159509,6330909.45,6318247.63,1.474,4285600,6316974.4
2024-06-04,159509,6338531.83,6325854.77,1.476,4284900,6324512.4
2024-06-05,159509,6355671.43,6342960.09,1.48,4284900,6341652.0
2024-06-06,159509,6621335.23,6608092.56,1.542,4284500,6606699.0
2024-06-07,159509,6647037.81,6633743.73,1.548,4284500,6632406.0
2024-06-11,159509,6698453.01,6685056.1,1.56,4284400,6683664.0
2024-06-12,159509,6882681.5,6868916.14,1.603,4284100,6867412.3
2024-06-13,159509,7148296.88,7134000.28,1.665,4283800,7132527.0
2024-06-14,513100,7027290.77,7013236.19,1.435,4886200,7011697.0
2024-06-17,513310,7059381.75,7045262.98,1.372,5134000,7043848.0
2024-06-18,513310,7114790.5,7100560.92,1.383,5133100,7099077.3
2024-06-19,561980,7082931.07,7068765.21,0.958,7377100,7067261.8
2024-06-20,513310,7243056.7,7228570.58,1.399,5165900,7227094.1
2024-06-21,513310,7076689.57,7062536.19,1.367,5165400,7061101.8
2024-06-24,513100,7044638.29,7030549.01,1.445,4864400,7029058.0
2024-06-25,513500,6969586.86,6955647.69,1.906,3648600,6954231.6
2024-06-26,513100,7022212.73,7008168.3,1.452,4825500,7006626.0
2024-06-27,513100,7040461.4,7026380.47,1.455,4828100,7024885.5
2024-06-28,159509,7126293.45,7112040.86,1.71,4158200,7110522.0
2024-07-01,159509,7112754.51,7098529.0,1.707,4157600,7097023.2
2024-07-02,159509,7091967.01,7077783.08,1.702,4157600,7076235.2
2024-07-03,513100,7003611.23,6989604.01,1.502,4652500,6988055.0
2024-07-04,513100,7160724.35,7146402.9,1.536,4651600,7144857.6
2024-07-05,513100,7072337.04,7058192.37,1.517,4651700,7056628.9
2024-07-08,513100,7179326.14,7164967.49,1.54,4651600,7163464.0
2024-07-09,513100,7309573.74,7294954.59,1.568,4651400,7293395.2
2024-07-10,513520,7220109.48,7205669.27,1.573,4579900,7204182.7
2024-07-11,513520,7301453.9,7286850.99,1.592,4576200,7285310.4
2024-07-12,513500,6961760.48,6947836.96,1.97,3526100,6946417.0
2024-07-15,513400,7107724.64,7093509.19,1.079,6572800,7092051.2
2024-07-16,513400,7139519.96,7125240.92,1.084,6571700,7123722.8
2024-07-17,513520,7506417.02,7491404.19,1.522,4921000,7489762.0
2024-07-18,513520,7323244.82,7308598.34,1.487,4914000,7307118.0
2024-07-19,513520,7274098.37,7259550.17,1.477,4914000,7257978.0
2024-07-22,513290,7150175.62,7135875.26,1.281,5569400,7134401.4
2024-07-23,513290,7310592.09,7295970.91,1.31,5568300,7294473.0
2024-07-24,511880,7203709.2,7189301.78,101.023,71100,7182735.3
2024-07-25,511880,7202633.26,7188227.99,101.024,71100,7182806.4
2024-07-26,159502,7202267.28,7187862.75,1.106,6497600,7186345.6
2024-07-29,159502,7253162.26,7238655.94,1.114,6496500,7237101.0
2024-07-30,513400,7122164.21,7107919.88,1.084,6555800,7106487.2
2024-07-31,513400,7107987.78,7093771.8,1.083,6548700,7092242.1
2024-08-01,159502,7178950.63,7164592.73,1.084,6608000,7163072.0
2024-08-02,512710,7084315.92,7070147.29,0.566,12488900,7068717.4
2024-08-05,512710,6933411.74,6919544.92,0.554,12487600,6918130.4
2024-08-06,511880,7019768.44,7005728.9,101.073,69200,6994251.6
2024-08-07,511880,7018928.07,7004890.22,101.077,69200,6994528.4
2024-08-08,511880,7019411.77,7005372.95,101.084,69200,6995012.8
2024-08-09,511880,7019826.37,7005786.72,101.09,69200,6995428.0
2024-08-12,511880,7020240.97,7006200.49,101.096,69200,6995843.2
2024-08-13,511880,7020448.27,7006407.38,101.099,69200,6996050.8
2024-08-14,511880,7020724.67,7006683.22,101.103,69200,6996327.6
2024-08-15,511880,7020724.67,7006683.22,101.103,69200,6996327.6
2024-08-16,511880,7021899.37,7007855.58,101.12,69200,6997504.0
2024-08-19,511880,7021899.37,7007855.58,101.12,69200,6997504.0
2024-08-20,511880,7022106.67,7008062.46,101.123,69200,6997711.6
2024-08-21,518880,7021404.02,7007361.21,5.532,1266400,7005724.8
2024-08-22,518880,6998827.89,6984830.23,5.515,1266200,6983093.0
2024-08-23,518880,6992496.89,6978511.9,5.51,1266200,6976762.0
2024-08-26,518880,7011489.89,6997466.91,5.525,1266200,6995755.0
2024-08-27,518880,7008957.49,6994939.57,5.523,1266200,6993222.6
2024-08-28,513520,7024366.67,7010317.94,1.491,4700800,7008892.8
2024-08-29,513030,6994068.59,6980080.46,1.417,4924900,6978583.3
2024-08-30,513030,6968400.7,6954463.9,1.413,4920700,6952949.1
2024-09-02,513030,6978237.07,6964280.59,1.415,4920700,6962790.5
2024-09-03,513030,6997920.27,6983924.43,1.419,4920700,6982473.3
2024-09-04,513030,6845375.47,6831684.72,1.388,4920900,6830209.2
2024-09-05,513030,6845375.47,6831684.72,1.388,4920900,6830209.2
2024-09-06,513030,6879821.07,6866061.43,1.395,4920900,6864655.5
2024-09-09,159985,6785310.25,6771739.63,1.953,3466600,6770269.8
2024-09-10,159529,6745159.24,6731668.92,1.121,6003800,6730259.8
2024-09-11,159529,6744699.42,6731210.02,1.12,6008800,6729856.0
2024-09-12,159529,6793215.08,6779628.65,1.13,5998400,6778192.0
2024-09-13,159529,6841012.44,6827330.42,1.138,5998200,6825951.6
2024-09-18,159985,6843118.91,6829432.67,1.981,3446700,6827912.7
2024-09-19,159985,6829092.31,6815434.12,1.959,3478300,6813989.7
2024-09-20,159529,6763420.38,6749893.54,1.14,5919700,6748458.0
2024-09-23,159529,6772216.57,6758672.14,1.143,5911900,6757301.7
2024-09-24,159851,6796637.78,6783044.51,0.829,8180500,6781634.5
2024-09-25,159851,6984361.25,6970392.53,0.867,8038000,6968946.0
2024-09-26,159851,7003005.03,6988999.02,0.869,8040900,6987542.1
2024-09-27,512200,8055135.31,8039025.04,1.499,5361800,8037338.2
2024-09-30,159605,8921058.44,8903216.32,1.016,8761200,8901379.2
2024-10-08,512980,9067280.09,9049145.53,0.79,11452300,9047317.0
2024-10-09,511380,8526473.54,8509420.6,11.013,772500,8507542.5
2024-10-10,159980,8469869.75,8452930.01,1.71,4942200,8451162.0
2024-10-11,159980,8478485.78,8461528.8,1.711,4944300,8459697.3
2024-10-14,512800,8501928.94,8484925.08,1.448,5858500,8483108.0
2024-10-15,517520,8434958.71,8418088.79,1.191,7066600,8416320.6
2024-10-16,515220,8496014.17,8479022.14,1.198,7076200,8477287.6
2024-10-17,161226,8500543.29,8483542.21,0.937,9052100,8481817.7
2024-10-18,161226,8607880.93,8590665.17,0.948,9060000,8588880.0
2024-10-21,159870,9005163.03,8987152.7,0.582,15438700,8985323.4
2024-10-22,513970,8987029.23,8969055.17,0.846,10599500,8967177.0
2024-10-23,159928,9175073.07,9156722.93,0.843,10859800,9154811.4
2024-10-24,159883,8998623.52,8980626.27,0.512,17536700,8978790.4
2024-10-25,159605,9136181.26,9117908.89,0.956,9535600,9116033.6
2024-10-28,513180,9104848.87,9086639.17,0.619,14676600,9084815.4
2024-10-29,512170,9248849.24,9230351.54,0.35,26367100,9228485.0
2024-10-30,562500,9035207.95,9017137.53,0.716,12591200,9015299.2
2024-10-31,588220,9032499.99,9014434.99,0.892,10103800,9012589.6
2024-11-01,512710,8898490.77,8880693.79,0.645,13765700,8878876.5
2024-11-04,159502,9088493.14,9070316.15,1.05,8636600,9068430.0
2024-11-05,159638,9111676.9,9093453.55,0.874,10402300,9091610.2
2024-11-06,159516,9285965.58,9267393.65,1.125,8236000,9265500.0
2024-11-07,561980,9209090.13,9190671.95,1.34,6857300,9188782.0
2024-11-08,561980,9749350.76,9729852.06,1.42,6850600,9727852.0
2024-11-11,159998,10336958.05,10316284.13,0.996,10355600,10314177.6
2024-11-12,516510,10271743.38,10251199.89,1.252,8186200,10249122.4
2024-11-13,512880,10358689.52,10337972.14,1.276,8100200,10335855.2
2024-11-14,512200,10420373.18,10399532.43,1.673,6214800,10397360.4
2024-11-15,159529,10100400.07,10080199.27,1.233,8173700,10078172.1
2024-11-18,159529,10112542.89,10092317.81,1.235,8170200,10090197.0
2024-11-19,159529,10317996.27,10297360.28,1.26,8170800,10295208.0
2024-11-20,159529,10293479.92,10272892.96,1.257,8170900,10270821.3
2024-11-21,159529,10170912.92,10150571.09,1.242,8171100,10148506.2
2024-11-22,159518,10251731.1,10231227.63,1.042,9816800,10229105.6
2024-11-25,159529,10479278.27,10458319.71,1.302,8030800,10456101.6
2024-11-26,159529,11000339.79,10978339.11,1.367,8029300,10976053.1
2024-11-27,159529,11642686.75,11619401.37,1.447,8028300,11616950.1
2024-11-28,159518,12548011.29,12522915.27,1.025,12215000,12520375.0
2024-11-29,159518,12560325.28,12535204.63,1.028,12191300,12532656.4
2024-12-02,159518,12564062.31,12538934.19,1.029,12183100,12536409.9
2024-12-03,159518,12503023.43,12478017.39,1.024,12183100,12475494.4
2024-12-04,513500,12477726.86,12452771.41,2.216,5618300,12450152.8
2024-12-05,513500,12315909.36,12291277.54,2.229,5513100,12288699.9
2024-12-06,513500,12284662.09,12260092.76,2.223,5514000,12257622.0
2024-12-09,513500,12312226.44,12287601.99,2.228,5513900,12284969.2
2024-12-10,159529,12172556.93,12148211.82,1.384,8775800,12145707.2
2024-12-11,159529,12232156.11,12207691.8,1.391,8774400,12205190.4
2024-12-12,159529,12293576.91,12268989.75,1.398,8774300,12266471.4
2024-12-13,512980,12282963.89,12258397.97,0.891,13755200,12255883.2
2024-12-16,516190,11908009.69,11884193.67,1.089,10910700,11881752.3
2024-12-17,159529,11805799.45,11782187.85,1.475,7986300,11779792.5
2024-12-18,159529,12586572.49,12561399.34,1.573,7984000,12558832.0
2024-12-19,159529,12307123.91,12282509.66,1.538,7984400,12280007.2
2024-12-20,511880,11115794.72,11093563.13,101.576,109100,11081941.6
2024-12-23,513100,11112909.15,11090683.33,1.639,6765300,11088326.7
2024-12-24,513100,11280352.13,11257791.43,1.663,6768200,11255516.6
2024-12-25,159529,11271891.48,11249347.69,1.567,7177400,11246985.8
2024-12-26,159529,11621843.33,11598599.65,1.616,7175900,11596254.4
2024-12-27,159529,12195918.31,12171526.47,1.696,7175100,12168969.6
2024-12-30,513310,11577111.69,11553957.46,1.456,7933800,11551612.8
2024-12-31,501018,11383295.26,11360528.67,1.245,9123000,11358135.0
2025-01-02,501018,11402981.89,11380175.92,1.252,9087700,11377800.4
2025-01-03,159509,11554302.48,11531193.88,1.628,7081600,11528844.8
2025-01-06,159509,11679337.32,11655978.64,1.652,7054200,11653538.4
2025-01-07,159509,11946761.03,11922867.51,1.69,7053500,11920415.0
2025-01-08,159529,11641708.68,11618425.26,1.705,6812900,11615994.5
2025-01-09,501018,12108168.14,12083951.81,1.268,9528000,12081504.0
2025-01-10,501018,12174523.12,12150174.08,1.285,9453400,12147619.0
2025-01-13,501018,12655947.36,12630635.46,1.342,9409900,12628085.8
2025-01-14,159518,12569500.93,12544361.93,1.141,10991900,12541757.9
2025-01-15,159518,12299459.78,12274860.86,1.115,11006600,12272359.0
2025-01-16,501018,12860490.97,12834769.99,1.354,9477200,12832128.8
2025-01-17,520830,13320748.59,13294107.09,1.197,11103900,13291368.3
2025-01-20,520830,13229937.52,13203477.65,1.189,11102400,13200753.6
2025-01-21,513030,13194650.58,13168261.28,1.705,7721700,13165498.5
2025-01-22,513030,13625025.16,13597775.11,1.76,7724400,13594944.0
2025-01-23,501018,14049860.12,14021760.4,1.304,10750700,14018912.8
2025-01-24,513310,14225237.9,14196787.42,1.538,9228800,14193894.4
2025-01-27,159985,13999556.0,13971556.88,1.895,7371300,13968613.5
2025-02-05,159985,14616549.38,14587316.28,1.979,7369500,14584240.5
2025-02-06,159985,14505999.83,14476987.83,1.964,7369600,14473894.4
2025-02-07,562500,14511197.31,14482174.91,0.906,15981500,14479239.0
2025-02-10,513030,14442942.58,14414056.7,1.635,8814100,14411053.5
2025-02-11,562500,14412185.82,14383361.45,0.91,15802700,14380457.0
2025-02-12,159998,14423670.27,14394822.93,1.002,14363200,14391926.4
2025-02-13,159851,14261406.05,14232883.23,1.565,9092600,14229919.0
2025-02-14,510900,14493473.47,14464486.53,1.073,13477700,14461572.1
2025-02-17,510900,14572158.1,14543013.79,1.079,13475500,14540064.5
2025-02-18,159732,15001131.67,14971129.4,0.892,16780400,14968116.8
2025-02-19,513120,14979871.68,14949911.94,0.819,18250200,14946913.8
2025-02-20,512170,15176074.11,15145721.96,0.359,42180100,15142655.9
2025-02-21,512170,15258150.38,15227634.08,0.361,42173300,15224561.3
2025-02-24,588220,15045026.69,15014936.64,1.035,14504200,15011847.0
2025-02-25,512170,15330520.32,15299859.28,0.352,43456800,15296793.6
2025-02-26,588220,15239044.61,15208566.52,1.058,14371900,15205470.2
2025-02-27,588220,14978107.31,14948151.09,1.041,14356500,14945116.5
2025-02-28,561980,14746188.77,14716696.39,1.395,10547400,14713623.0
2025-03-03,159985,14435993.03,14407121.04,2.018,7137800,14404080.4
2025-03-04,159985,14433831.61,14404963.94,2.019,7133200,14401930.8
2025-03-05,518880,14060790.05,14032668.47,6.532,2147800,14029429.6
2025-03-06,518880,14052243.44,14024138.95,6.53,2147200,14021216.0
2025-03-07,159323,14015783.45,13987751.88,1.285,10883200,13984912.0
2025-03-10,159892,13554634.18,13527524.91,0.566,23895400,13524796.4
2025-03-11,159892,13576497.5,13549344.5,0.567,23891700,13546593.9
2025-03-12,159323,13646130.22,13618837.96,1.302,10457800,13616055.6
2025-03-13,159323,13288577.25,13262000.1,1.268,10456800,13259222.4
2025-03-14,159323,13560446.42,13533325.53,1.294,10456400,13530581.6
2025-03-17,159323,13570897.71,13543755.91,1.295,10456400,13541038.0
2025-03-18,159323,13915962.21,13888130.29,1.328,10455800,13885302.4
2025-03-19,159323,13978692.57,13950735.18,1.334,10455700,13947903.8
2025-03-20,159323,14062333.96,14034209.3,1.342,10455500,14031281.0
2025-03-21,517520,13276171.73,13249619.39,1.291,10261000,13246951.0
2025-03-24,513030,13282456.12,13255891.21,1.817,7294000,13253198.0
2025-03-25,159980,12979516.71,12953557.68,1.747,7413200,12950860.4
2025-03-26,513030,13020097.42,12994057.22,1.795,7237500,12991312.5
2025-03-27,159980,12799141.18,12773542.89,1.759,7260300,12770867.7
2025-03-28,518880,12664664.5,12639335.17,6.919,1826300,12636169.7
2025-03-31,518880,12825283.04,12799632.48,7.009,1825800,12797032.2
2025-04-01,518880,12960394.61,12934473.82,7.083,1825700,12931433.1
2025-04-02,518880,12854493.17,12828784.19,7.025,1825700,12825542.5
2025-04-03,518880,13053505.37,13027398.36,7.134,1825700,13024543.8
2025-04-07,511880,12642633.8,12617348.53,100.397,125600,12609863.2
2025-04-08,511880,12640367.24,12615086.51,100.395,125600,12609612.0
2025-04-09,511880,12641873.24,12616589.49,100.407,125600,12611119.2
2025-04-10,518880,12639983.14,12614703.18,7.159,1761700,12612010.3
2025-04-11,518880,12905823.87,12880012.22,7.313,1760800,12876730.4
2025-04-14,518880,12919905.89,12894066.08,7.321,1760800,12890816.8
2025-04-15,518880,12930471.29,12904610.35,7.327,1760800,12901381.6
2025-04-16,518880,13206932.59,13180518.72,7.484,1760800,13177827.2
2025-04-17,518880,13400631.59,13373830.32,7.594,1760700,13370755.8
2025-04-18,518880,13377736.15,13350980.68,7.581,1760700,13347866.7
2025-04-21,518880,13559098.55,13531980.35,7.684,1760700,13529218.8
2025-04-22,518880,14097903.35,14069707.54,7.99,1760500,14066395.0
2025-04-23,159865,13419819.47,13392979.83,0.588,22772600,13390288.8
2025-04-24,511880,13506865.74,13479852.01,100.451,134100,13470479.1
2025-04-25,511880,13505784.63,13478773.06,100.457,134100,13471283.7
2025-04-28,518880,13502961.63,13475955.7,7.505,1795200,13472976.0
2025-04-29,518880,13495556.52,13468565.41,7.501,1795200,13465795.2
2025-04-30,518880,13482985.75,13456019.77,7.494,1795200,13453228.8
2025-05-06,518880,13671471.25,13644128.3,7.599,1795100,13640964.9
2025-05-07,518880,13766611.55,13739078.32,7.652,1795100,13736105.2
2025-05-08,513030,13766346.03,13738813.34,1.851,7420800,13735900.8
2025-05-09,513030,13957194.4,13929280.01,1.878,7415500,13926309.0
2025-05-12,513030,14068423.02,14040286.17,1.893,7415400,14037352.2
2025-05-13,513030,13719889.41,13692449.63,1.846,7415800,13689566.8
2025-05-14,513030,13823704.39,13796056.98,1.86,7415700,13793202.0
2025-05-15,513030,13601233.39,13574030.93,1.83,7416000,13571280.0
2025-05-16,513750,13843880.77,13816193.01,1.303,10601200,13813363.6
2025-05-19,513750,13831207.82,13803545.4,1.303,10591500,13800724.5
2025-05-20,513750,13979484.7,13951525.73,1.317,10591200,13948610.4
2025-05-21,513750,14095983.98,14067792.01,1.328,10591000,14064848.0
2025-05-22,159323,13977384.66,13949429.89,1.304,10695200,13946540.8
2025-05-23,159323,14103614.94,14075407.71,1.316,10693400,14072514.4
2025-05-26,159529,13299611.92,13273012.69,1.598,8304300,13270271.4
2025-05-27,513030,13212613.91,13186188.68,1.879,7016200,13183439.8
2025-05-28,159529,13278797.87,13252240.28,1.603,8265400,13249436.2
2025-05-29,159529,13260282.5,13233761.94,1.601,8264200,13230984.2
2025-05-30,159509,13093040.74,13066854.66,1.541,8477700,13064135.7
2025-06-03,159509,13116511.82,13090278.8,1.543,8481900,13087571.7
2025-06-04,159509,13226769.81,13200316.27,1.556,8481700,13197525.2
2025-06-05,513120,13233270.75,13206804.21,1.058,12480300,13204157.4
2025-06-06,513120,13143941.56,13117653.68,1.051,12478600,13115008.6
2025-06-09,159892,14065239.88,14037109.4,0.719,19519100,14034232.9
2025-06-10,515120,14626912.26,14597658.44,0.614,23769900,14594718.6
2025-06-11,515120,14505891.82,14476880.03,0.609,23766700,14473920.3
2025-06-12,515120,14791086.31,14761504.13,0.621,23765700,14758499.7
2025-06-13,515120,14505891.68,14476879.9,0.609,23766700,14473920.3
2025-06-16,161226,14479952.62,14450992.71,1.021,14150900,14448068.9
2025-06-17,161226,14562675.75,14533550.4,1.028,14134800,14530574.4
2025-06-18,161226,14873637.84,14843890.56,1.05,14134200,14840910.0
2025-06-19,501018,14659423.43,14630104.58,1.386,10553500,14627151.0
2025-06-20,159518,15446309.74,15415417.13,0.943,16343900,15412297.7
2025-06-23,159518,15640092.53,15608812.34,0.956,16323900,15605648.4
2025-06-24,513310,14756382.13,14726869.37,1.639,8983400,14723792.6
2025-06-25,513120,14940559.39,14910678.27,1.165,12796300,14907689.5
2025-06-26,159851,14590693.5,14561512.11,1.706,8533700,14558492.2
2025-06-27,159851,14332537.98,14303872.91,1.676,8532800,14300972.8
2025-06-30,513090,14330387.91,14301727.13,1.841,7766800,14298678.8
2025-07-01,513090,14235055.0,14206584.89,1.83,7761600,14203728.0
2025-07-02,159851,14217401.96,14188967.15,1.611,8805700,14185982.7
2025-07-03,513090,14072296.53,14044151.93,1.828,7681200,14041233.6
2025-07-04,513090,14722990.6,14693544.62,1.913,7679300,14690500.9
2025-07-07,513090,14469564.74,14440625.61,1.88,7679600,14437648.0
2025-07-08,513090,14884252.73,14854484.23,1.934,7679100,14851379.4
2025-07-09,159851,15073971.25,15043823.3,1.698,8857900,15040714.2
2025-07-10,159851,15169136.92,15138798.65,1.709,8856500,15135758.5
2025-07-11,159851,15576535.92,15545382.85,1.755,8855900,15542104.5
2025-07-14,515050,14927808.58,14897952.97,1.217,12239000,14894863.0
2025-07-15,515050,15610852.23,15579630.52,1.273,12236000,15576428.0
2025-07-16,515050,15782152.56,15750588.26,1.287,12235700,15747345.9
2025-07-17,515050,16222636.34,16190191.07,1.323,12235000,16186905.0
2025-07-18,159363,16305835.48,16273223.8,1.2,13558300,16269960.0
2025-07-21,159583,15948546.91,15916649.82,1.393,11423800,15913353.4
2025-07-22,515210,16009274.81,15977256.26,1.406,11361300,15973987.8
2025-07-23,515210,16256788.02,16224274.44,1.428,11359200,16220937.6
2025-07-24,560860,16333853.09,16301185.39,1.028,15854000,16297912.0
2025-07-25,560860,16347257.92,16314563.4,1.03,15836200,16311286.0
2025-07-28,159583,16455642.98,16422731.69,1.413,11620200,16419342.6
2025-07-29,515120,16628128.52,16594872.27,0.7,23702200,16591540.0
2025-07-30,512170,16883797.32,16850029.72,0.379,44450200,16846625.8
2025-07-31,560860,16656644.76,16623331.47,1.001,16603300,16619903.3
2025-08-01,159509,16495241.81,16462251.32,1.787,9210300,16458806.1
2025-08-04,518880,16328102.89,16295446.68,7.444,2188600,16291938.4
2025-08-05,159509,16353846.4,16321138.71,1.797,9080600,16317838.2
2025-08-06,159509,16324161.42,16291513.1,1.794,9079200,16288084.8
2025-08-07,159583,16512352.89,16479328.19,1.48,11132400,16475952.0
2025-08-08,159583,16589010.35,16555832.33,1.493,11086700,16552443.1
2025-08-11,159892,16894709.16,16860919.74,0.888,18983700,16857525.6
2025-08-12,159583,16990031.26,16956051.2,1.538,11022500,16952605.0
2025-08-13,159583,18025462.64,17989411.72,1.632,11020700,17985782.4
2025-08-14,159583,17849127.15,17813428.89,1.616,11020900,17809774.4
2025-08-15,159583,17838106.35,17802430.13,1.615,11020900,17798753.5
2025-08-18,159363,18871640.3,18833897.02,0.715,26335800,18830097.0
2025-08-19,588790,19341871.79,19303188.04,0.71,27182100,19299291.0
2025-08-20,588790,19148735.31,19110437.84,0.702,27217300,19106544.6
2025-08-21,588200,19962256.58,19922332.07,1.868,10662900,19918297.2
2025-08-22,588220,21544577.42,21501488.27,1.259,17074800,21497173.2
2025-08-25,588220,21797433.67,21753838.8,1.275,17058400,21749460.0
2025-08-26,159915,21964711.18,21920781.76,2.73,8027900,21916167.0
2025-08-27,159667,22351381.8,22306679.04,1.422,15683600,22302079.2
2025-08-28,516520,21803237.57,21759631.1,1.261,17252300,21755150.3
2025-08-29,159667,22058453.05,22014336.15,1.42,15499900,22009858.0
2025-09-01,513310,22170107.5,22125767.28,1.938,11414500,22121301.0
2025-09-02,159840,22060773.26,22016651.71,0.675,32610700,22012222.5
2025-09-03,517520,22314977.86,22270347.9,1.786,12466900,22265883.4
2025-09-04,515790,21784847.64,21741277.94,0.864,25158400,21736857.6
2025-09-05,161226,22381954.96,22337191.05,1.127,19816000,22332632.0
2025-09-08,161226,22239914.46,22195434.63,1.12,19813300,22190896.0
2025-09-09,562800,22573355.02,22528208.31,0.762,29558600,22523653.2
2025-09-10,513310,22093813.15,22049625.52,1.957,11264700,22045017.9
2025-09-11,513310,22878915.09,22833157.26,2.028,11256600,22828384.8
2025-09-12,512400,23370712.09,23323970.66,1.568,14872000,23319296.0
2025-09-15,512400,23322605.52,23275960.31,1.55,15013700,23271235.0
2025-09-16,159819,22598536.81,22553339.73,1.468,15360200,22548773.6
2025-09-17,159363,22607128.73,22561914.47,0.865,26077900,22557383.5
2025-09-18,515790,23043552.37,22997465.26,0.915,25128800,22992852.0
2025-09-19,515980,22584473.39,22539304.44,1.724,13071200,22534748.8
2025-09-22,515880,23087328.51,23041153.85,2.702,8525700,23036441.4
2025-09-23,517520,22679831.92,22634472.26,1.872,12088600,22629859.2
2025-09-24,159915,22842232.45,22796547.98,3.141,7256200,22791724.2
2025-09-25,159732,23459238.8,23412320.33,1.199,19522600,23407597.4
2025-09-26,159732,22948218.49,22902322.05,1.173,19520600,22897663.8
2025-09-29,159949,22749603.2,22704103.99,1.523,14904500,22699553.5
2025-09-30,159995,22951389.42,22905486.64,1.897,12072100,22900773.7
2025-10-09,159949,24187568.01,24139192.87,1.559,15480600,24134255.4
2025-10-10,513330,23004157.46,22958149.14,0.602,38128800,22953537.6
2025-10-13,161226,21968105.84,21924169.63,1.324,16555700,21919746.8
2025-10-14,159326,24228979.15,24180521.19,1.373,17607900,24175646.7
2025-10-15,518880,24361614.98,24312891.75,9.148,2657100,24307150.8
2025-10-16,518880,24712030.09,24662606.03,9.277,2657900,24657338.3
2025-10-17,159502,25508114.9,25457098.67,1.137,22385200,25451972.4
2025-10-20,159502,25705730.4,25654318.94,1.147,22361900,25649099.3
2025-10-21,159502,26085858.47,26033686.75,1.164,22361200,26028436.8
2025-10-22,513310,25970159.54,25918219.22,2.387,10855800,25912794.6
2025-10-23,159509,25756189.96,25704677.58,2.187,11751000,25699437.0
2025-10-24,159509,26339795.5,26287115.91,2.237,11748700,26281841.9
2025-10-27,159502,26923199.77,26869353.37,1.159,23178500,26863881.5
