date,time,weak,threshold,pool
2020-01-02,09:40:00,False,475797.0,34
2020-01-03,09:40:00,False,497303.0,34
2020-01-06,09:40:00,False,479843.0,34
2020-01-07,09:40:00,False,550535.0,34
2020-01-08,09:40:00,False,519826.0,34
2020-01-09,09:40:00,False,577093.0,34
2020-01-10,09:40:00,False,549996.0,34
2020-01-13,09:40:00,False,531474.0,34
2020-01-14,09:40:00,False,480227.0,34
2020-01-15,09:40:00,False,464678.0,34
2020-01-16,09:40:00,False,469444.0,34
2020-01-17,09:40:00,False,451242.0,34
2020-01-20,09:40:00,False,431315.0,34
2020-01-21,09:40:00,False,447764.0,34
2020-01-22,09:40:00,False,517832.0,35
2020-01-23,09:40:00,False,604149.0,35
2020-02-03,09:40:00,True,687426.0,9
2020-02-04,09:40:00,True,778632.0,9
2020-02-05,09:40:00,True,815645.0,9
2020-02-06,09:40:00,True,801632.0,9
2020-02-07,09:40:00,True,714643.0,9
2020-02-10,09:40:00,True,621343.0,9
2020-02-11,09:40:00,False,574535.0,34
2020-02-12,09:40:00,False,519500.0,35
2020-02-13,09:40:00,False,567631.0,37
2020-02-14,09:40:00,False,559695.0,37
2020-02-17,09:40:00,False,583661.0,37
2020-02-18,09:40:00,False,669124.0,36
2020-02-19,09:40:00,False,757848.0,36
2020-02-20,09:40:00,False,830153.0,36
2020-02-21,09:40:00,False,853728.0,36
2020-02-24,09:40:00,False,891219.0,36
2020-02-25,09:40:00,False,981144.0,36
2020-02-26,09:40:00,False,1215163.0,36
2020-02-27,09:40:00,False,1357271.0,36
2020-02-28,09:40:00,False,1377014.0,36
2020-03-02,09:40:00,True,1293302.0,8
2020-03-03,09:40:00,True,1211418.0,8
2020-03-04,09:40:00,False,1214122.0,36
2020-03-05,09:40:00,False,1101873.0,38
2020-03-06,09:40:00,False,1086417.0,39
2020-03-09,09:40:00,False,971804.0,40
2020-03-10,09:40:00,True,966965.0,9
2020-03-11,09:40:00,True,1008189.0,9
2020-03-12,09:40:00,True,1116546.0,9
2020-03-13,09:40:00,True,1066753.0,9
2020-03-16,09:40:00,True,1090659.0,9
2020-03-17,09:40:00,True,1130487.0,9
2020-03-18,09:40:00,True,1239573.0,9
2020-03-19,09:40:00,True,1158688.0,9
2020-03-20,09:40:00,True,1213494.0,9
2020-03-23,09:40:00,True,1132386.0,9
2020-03-24,09:40:00,True,1140106.0,9
2020-03-25,09:40:00,True,1063322.0,9
2020-03-26,09:40:00,False,1154201.0,40
2020-03-27,09:40:00,False,1027159.0,40
2020-03-30,09:40:00,False,914740.0,40
2020-03-31,09:40:00,True,795324.0,9
2020-04-01,09:40:00,True,759448.0,9
2020-04-02,09:40:00,True,721176.0,9
2020-04-03,09:40:00,False,727902.0,41
2020-04-07,09:40:00,False,707960.0,41
2020-04-08,09:40:00,False,752235.0,41
2020-04-09,09:40:00,False,658283.0,41
2020-04-10,09:40:00,False,665244.0,42
2020-04-13,09:40:00,False,633834.0,42
2020-04-14,09:40:00,False,628277.0,42
2020-04-15,09:40:00,False,691352.0,42
2020-04-16,09:40:00,False,658739.0,44
2020-04-17,09:40:00,False,655400.0,44
2020-04-20,09:40:00,False,707842.0,44
2020-04-21,09:40:00,False,655117.0,44
2020-04-22,09:40:00,False,695606.0,44
2020-04-23,09:40:00,False,593159.0,44
2020-04-24,09:40:00,False,580688.0,44
2020-04-27,09:40:00,True,534201.0,9
2020-04-28,09:40:00,True,521067.0,9
2020-04-29,09:40:00,True,628197.0,9
2020-04-30,09:40:00,True,626506.0,9
2020-05-06,09:40:00,False,736059.0,44
2020-05-07,09:40:00,False,722335.0,44
2020-05-08,09:40:00,False,760619.0,44
2020-05-11,09:40:00,False,729098.0,44
2020-05-12,09:40:00,False,706774.0,44
2020-05-13,09:40:00,False,708436.0,44
2020-05-14,09:40:00,False,642010.0,44
2020-05-15,09:40:00,False,589264.0,44
2020-05-18,09:40:00,False,586673.0,44
2020-05-19,09:40:00,False,651328.0,44
2020-05-20,09:40:00,False,700590.0,44
2020-05-21,09:40:00,True,693713.0,9
2020-05-22,09:40:00,True,648523.0,9
2020-05-25,09:40:00,True,679289.0,9
2020-05-26,09:40:00,True,663591.0,9
2020-05-27,09:40:00,True,666474.0,9
2020-05-28,09:40:00,True,587537.0,9
2020-05-29,09:40:00,True,603506.0,9
2020-06-01,09:40:00,True,566005.0,9
2020-06-02,09:40:00,False,658414.0,44
2020-06-03,09:40:00,False,642216.0,44
2020-06-04,09:40:00,False,707965.0,44
2020-06-05,09:40:00,False,614633.0,44
2020-06-08,09:40:00,False,590250.0,44
2020-06-09,09:40:00,False,547443.0,44
2020-06-10,09:40:00,False,530576.0,44
2020-06-11,09:40:00,False,517841.0,44
2020-06-12,09:40:00,False,541049.0,44
2020-06-15,09:40:00,False,601641.0,44
2020-06-16,09:40:00,False,661361.0,44
2020-06-17,09:40:00,False,681151.0,44
2020-06-18,09:40:00,False,644362.0,44
2020-06-19,09:40:00,False,685006.0,44
2020-06-22,09:40:00,False,749729.0,44
2020-06-23,09:40:00,False,871275.0,44
2020-06-24,09:40:00,False,860821.0,44
2020-06-29,09:40:00,False,805508.0,44
2020-06-30,09:40:00,False,713273.0,44
2020-07-01,09:40:00,False,747920.0,44
2020-07-02,09:40:00,False,802758.0,44
2020-07-03,09:40:00,False,929969.0,44
2020-07-06,09:40:00,False,1061267.0,44
2020-07-07,09:40:00,False,1409597.0,44
2020-07-08,09:40:00,False,1730585.0,44
2020-07-09,09:40:00,False,1853757.0,44
2020-07-10,09:40:00,False,1776113.0,44
2020-07-13,09:40:00,False,1558236.0,44
2020-07-14,09:40:00,False,1503153.0,44
2020-07-15,09:40:00,False,1503422.0,44
2020-07-16,09:40:00,False,1593926.0,44
2020-07-17,09:40:00,True,1695416.0,9
2020-07-20,09:40:00,True,1622623.0,9
2020-07-21,09:40:00,True,1563517.0,9
2020-07-22,09:40:00,True,1355124.0,9
2020-07-23,09:40:00,False,1283542.0,44
2020-07-24,09:40:00,False,1219410.0,44
2020-07-27,09:40:00,True,1327419.0,9
2020-07-28,09:40:00,True,1258480.0,9
2020-07-29,09:40:00,True,1156153.0,9
2020-07-30,09:40:00,False,1081852.0,44
2020-07-31,09:40:00,False,1042642.0,43
2020-08-03,09:40:00,False,1132639.0,44
2020-08-04,09:40:00,False,1094742.0,44
2020-08-05,09:40:00,False,1156749.0,44
2020-08-06,09:40:00,False,1098974.0,44
2020-08-07,09:40:00,False,1135179.0,43
2020-08-10,09:40:00,False,1179844.0,43
2020-08-11,09:40:00,False,1176505.0,43
2020-08-12,09:40:00,True,1095061.0,9
2020-08-13,09:40:00,True,1039865.0,9
2020-08-14,09:40:00,True,947985.0,9
2020-08-17,09:40:00,True,913966.0,9
2020-08-18,09:40:00,False,979012.0,44
2020-08-19,09:40:00,False,1013271.0,44
2020-08-20,09:40:00,True,994872.0,9
2020-08-21,09:40:00,True,829640.0,9
2020-08-24,09:40:00,True,800656.0,9
2020-08-25,09:40:00,False,778445.0,44
2020-08-26,09:40:00,False,751632.0,44
2020-08-27,09:40:00,True,776492.0,9
2020-08-28,09:40:00,True,769241.0,9
2020-08-31,09:40:00,False,827256.0,44
2020-09-01,09:40:00,False,858635.0,44
2020-09-02,09:40:00,False,848232.0,44
2020-09-03,09:40:00,False,822799.0,44
2020-09-04,09:40:00,False,745329.0,44
2020-09-07,09:40:00,True,752825.0,9
2020-09-08,09:40:00,True,761646.0,9
2020-09-09,09:40:00,True,809234.0,9
2020-09-10,09:40:00,True,865839.0,9
2020-09-11,09:40:00,True,849259.0,9
2020-09-14,09:40:00,True,786911.0,9
2020-09-15,09:40:00,True,700528.0,9
2020-09-16,09:40:00,True,643709.0,9
2020-09-17,09:40:00,True,594340.0,9
2020-09-18,09:40:00,True,605420.0,9
2020-09-21,09:40:00,False,701573.0,45
2020-09-22,09:40:00,False,780612.0,45
2020-09-23,09:40:00,True,793379.0,9
2020-09-24,09:40:00,False,699076.0,44
2020-09-25,09:40:00,True,657680.0,9
2020-09-28,09:40:00,True,615755.0,9
2020-09-29,09:40:00,True,573293.0,9
2020-09-30,09:40:00,True,554980.0,9
2020-10-09,09:40:00,True,553051.0,9
2020-10-12,09:40:00,False,595283.0,46
2020-10-13,09:40:00,False,713674.0,45
2020-10-14,09:40:00,False,757200.0,46
2020-10-15,09:40:00,False,759096.0,46
2020-10-16,09:40:00,False,653702.0,46
2020-10-19,09:40:00,False,625639.0,46
2020-10-20,09:40:00,False,684427.0,46
2020-10-21,09:40:00,False,686975.0,46
2020-10-22,09:40:00,True,705727.0,9
2020-10-23,09:40:00,True,637652.0,9
2020-10-26,09:40:00,True,706663.0,9
2020-10-27,09:40:00,True,707307.0,9
2020-10-28,09:40:00,True,683177.0,9
2020-10-29,09:40:00,True,615994.0,9
2020-10-30,09:40:00,False,628938.0,45
2020-11-02,09:40:00,True,714985.0,9
2020-11-03,09:40:00,True,718518.0,9
2020-11-04,09:40:00,False,739686.0,45
2020-11-05,09:40:00,False,723547.0,45
2020-11-06,09:40:00,False,788952.0,45
2020-11-09,09:40:00,False,817683.0,45
2020-11-10,09:40:00,False,1017782.0,45
2020-11-11,09:40:00,False,1066596.0,45
2020-11-12,09:40:00,True,1050022.0,9
2020-11-13,09:40:00,True,809257.0,9
2020-11-16,09:40:00,True,720169.0,9
2020-11-17,09:40:00,True,648627.0,9
2020-11-18,09:40:00,True,716165.0,9
2020-11-19,09:40:00,True,769384.0,9
2020-11-20,09:40:00,True,797746.0,9
2020-11-23,09:40:00,False,750225.0,47
2020-11-24,09:40:00,False,807558.0,47
2020-11-25,09:40:00,False,805894.0,47
2020-11-26,09:40:00,True,854888.0,9
2020-11-27,09:40:00,True,777649.0,9
2020-11-30,09:40:00,True,778123.0,9
2020-12-01,09:40:00,True,872519.0,9
2020-12-02,09:40:00,False,964507.0,46
2020-12-03,09:40:00,False,1016300.0,46
2020-12-04,09:40:00,False,899537.0,46
2020-12-07,09:40:00,False,818412.0,46
2020-12-08,09:40:00,False,775435.0,46
2020-12-09,09:40:00,False,730458.0,46
2020-12-10,09:40:00,True,764229.0,9
2020-12-11,09:40:00,True,746811.0,9
2020-12-14,09:40:00,True,785757.0,9
2020-12-15,09:40:00,True,710659.0,9
2020-12-16,09:40:00,True,689319.0,9
2020-12-17,09:40:00,True,627085.0,9
2020-12-18,09:40:00,True,720457.0,9
2020-12-21,09:40:00,True,769432.0,9
2020-12-22,09:40:00,False,901270.0,46
2020-12-23,09:40:00,False,978690.0,47
2020-12-24,09:40:00,False,1042716.0,47
2020-12-25,09:40:00,False,981707.0,47
2020-12-28,09:40:00,False,936729.0,47
2020-12-29,09:40:00,False,906671.0,47
2020-12-30,09:40:00,True,964734.0,9
2020-12-31,09:40:00,False,964415.0,47
2021-01-04,09:40:00,False,1103372.0,48
2021-01-05,09:40:00,False,1206221.0,48
2021-01-06,09:40:00,False,1403439.0,48
2021-01-07,09:40:00,False,1396290.0,49
2021-01-08,09:40:00,False,1368188.0,50
2021-01-11,09:40:00,False,1303181.0,50
2021-01-12,09:40:00,False,1379964.0,50
2021-01-13,09:40:00,False,1439926.0,50
2021-01-14,09:40:00,False,1456441.0,49
2021-01-15,09:40:00,True,1410845.0,9
2021-01-18,09:40:00,True,1396628.0,9
2021-01-19,09:40:00,False,1352339.0,51
2021-01-20,09:40:00,True,1300380.0,9
2021-01-21,09:40:00,False,1260196.0,51
2021-01-22,09:40:00,False,1259398.0,51
2021-01-25,09:40:00,False,1272623.0,52
2021-01-26,09:40:00,False,1311145.0,52
2021-01-27,09:40:00,False,1305223.0,51
2021-01-28,09:40:00,False,1233996.0,51
2021-01-29,09:40:00,True,1173217.0,9
2021-02-01,09:40:00,True,1167567.0,9
2021-02-02,09:40:00,True,1116478.0,9
2021-02-03,09:40:00,True,1076761.0,9
2021-02-04,09:40:00,True,979233.0,9
2021-02-05,09:40:00,True,1063574.0,9
2021-02-08,09:40:00,True,1061915.0,9
2021-02-09,09:40:00,True,1049564.0,9
2021-02-10,09:40:00,False,1034026.0,52
2021-02-18,09:40:00,False,1073999.0,52
2021-02-19,09:40:00,False,1196161.0,54
2021-02-22,09:40:00,False,1242532.0,54
2021-02-23,09:40:00,False,1395456.0,54
2021-02-24,09:40:00,False,1341801.0,54
2021-02-25,09:40:00,True,1473110.0,9
2021-02-26,09:40:00,True,1372003.0,9
2021-03-01,09:40:00,True,1417227.0,9
2021-03-02,09:40:00,True,1231026.0,9
2021-03-03,09:40:00,True,1188618.0,9
2021-03-04,09:40:00,True,1063911.0,9
2021-03-05,09:40:00,True,1139248.0,9
2021-03-08,09:40:00,True,1172961.0,9
2021-03-09,09:40:00,True,1287044.0,9
2021-03-10,09:40:00,True,1340265.0,9
2021-03-11,09:40:00,True,1290822.0,9
2021-03-12,09:40:00,True,1240665.0,9
2021-03-15,09:40:00,True,1045865.0,9
2021-03-16,09:40:00,True,1030231.0,9
2021-03-17,09:40:00,True,892438.0,9
2021-03-18,09:40:00,True,839766.0,9
2021-03-19,09:40:00,False,743649.0,57
2021-03-22,09:40:00,True,742220.0,9
2021-03-23,09:40:00,False,729933.0,58
2021-03-24,09:40:00,True,752724.0,9
2021-03-25,09:40:00,True,823757.0,9
2021-03-26,09:40:00,True,815338.0,9
2021-03-29,09:40:00,False,870231.0,58
2021-03-30,09:40:00,False,856835.0,58
2021-03-31,09:40:00,False,850087.0,58
2021-04-01,09:40:00,False,734695.0,58
2021-04-02,09:40:00,False,682395.0,58
2021-04-06,09:40:00,False,722942.0,58
2021-04-07,09:40:00,False,724655.0,58
2021-04-08,09:40:00,False,685013.0,58
2021-04-09,09:40:00,False,625415.0,58
2021-04-12,09:40:00,True,605878.0,9
2021-04-13,09:40:00,True,665375.0,9
2021-04-14,09:40:00,True,675158.0,9
2021-04-15,09:40:00,True,719315.0,9
2021-04-16,09:40:00,True,673007.0,9
2021-04-19,09:40:00,True,688914.0,9
2021-04-20,09:40:00,False,761572.0,60
2021-04-21,09:40:00,False,775431.0,60
2021-04-22,09:40:00,False,758100.0,60
2021-04-23,09:40:00,False,678723.0,60
2021-04-26,09:40:00,False,644997.0,60
2021-04-27,09:40:00,False,719188.0,60
2021-04-28,09:40:00,False,709110.0,60
2021-04-29,09:40:00,False,712861.0,60
2021-04-30,09:40:00,False,688480.0,60
2021-05-06,09:40:00,False,748243.0,60
2021-05-07,09:40:00,True,795461.0,9
2021-05-10,09:40:00,True,802851.0,9
2021-05-11,09:40:00,True,785778.0,9
2021-05-12,09:40:00,True,794007.0,9
2021-05-13,09:40:00,True,736505.0,9
2021-05-14,09:40:00,True,709798.0,9
2021-05-17,09:40:00,False,833065.0,61
2021-05-18,09:40:00,False,952429.0,61
2021-05-19,09:40:00,False,955921.0,60
2021-05-20,09:40:00,False,795249.0,60
2021-05-21,09:40:00,False,698453.0,60
2021-05-24,09:40:00,False,705695.0,60
2021-05-25,09:40:00,False,720393.0,60
2021-05-26,09:40:00,False,944319.0,60
2021-05-27,09:40:00,False,1017032.0,61
2021-05-28,09:40:00,False,1091569.0,62
2021-05-31,09:40:00,False,952208.0,62
2021-06-01,09:40:00,False,922169.0,62
2021-06-02,09:40:00,False,950817.0,62
2021-06-03,09:40:00,False,931646.0,62
2021-06-04,09:40:00,False,909227.0,61
2021-06-07,09:40:00,False,879598.0,61
2021-06-08,09:40:00,False,829277.0,61
2021-06-09,09:40:00,False,857905.0,62
2021-06-10,09:40:00,False,789705.0,62
2021-06-11,09:40:00,False,821687.0,62
2021-06-15,09:40:00,False,798405.0,61
2021-06-16,09:40:00,True,818808.0,9
2021-06-17,09:40:00,True,823858.0,9
2021-06-18,09:40:00,True,829847.0,9
2021-06-21,09:40:00,True,902233.0,9
2021-06-22,09:40:00,False,899607.0,62
2021-06-23,09:40:00,False,903294.0,62
2021-06-24,09:40:00,False,894764.0,63
2021-06-25,09:40:00,False,872651.0,63
2021-06-28,09:40:00,False,952675.0,63
2021-06-29,09:40:00,False,937868.0,64
2021-06-30,09:40:00,False,920003.0,64
2021-07-01,09:40:00,False,837637.0,64
2021-07-02,09:40:00,False,855257.0,64
2021-07-05,09:40:00,True,908967.0,9
2021-07-06,09:40:00,True,889259.0,9
2021-07-07,09:40:00,True,920871.0,9
2021-07-08,09:40:00,False,965806.0,64
2021-07-09,09:40:00,False,1055701.0,64
2021-07-12,09:40:00,False,1046875.0,64
2021-07-13,09:40:00,False,1058375.0,64
2021-07-14,09:40:00,False,1045069.0,64
2021-07-15,09:40:00,False,1015277.0,64
2021-07-16,09:40:00,False,954924.0,64
2021-07-19,09:40:00,False,951321.0,64
2021-07-20,09:40:00,False,916336.0,64
2021-07-21,09:40:00,True,873495.0,9
2021-07-22,09:40:00,False,920487.0,64
2021-07-23,09:40:00,False,980871.0,64
2021-07-26,09:40:00,False,1063028.0,64
2021-07-27,09:40:00,True,1195553.0,9
2021-07-28,09:40:00,True,1379769.0,9
2021-07-29,09:40:00,True,1555154.0,9
2021-07-30,09:40:00,True,1484332.0,9
2021-08-02,09:40:00,True,1327162.0,9
2021-08-03,09:40:00,False,1262901.0,65
2021-08-04,09:40:00,False,1205419.0,65
2021-08-05,09:40:00,False,1239647.0,65
2021-08-06,09:40:00,False,1117887.0,65
2021-08-09,09:40:00,False,1022554.0,65
2021-08-10,09:40:00,False,992817.0,65
2021-08-11,09:40:00,False,1052551.0,65
2021-08-12,09:40:00,False,1076507.0,65
2021-08-13,09:40:00,False,1013126.0,65
2021-08-16,09:40:00,False,916380.0,65
2021-08-17,09:40:00,True,917239.0,9
2021-08-18,09:40:00,True,1013907.0,9
2021-08-19,09:40:00,True,1129049.0,9
2021-08-20,09:40:00,True,1183832.0,9
2021-08-23,09:40:00,True,1206356.0,9
2021-08-24,09:40:00,True,1150039.0,9
2021-08-25,09:40:00,False,1188600.0,66
2021-08-26,09:40:00,False,1072543.0,67
2021-08-27,09:40:00,False,1038294.0,67
2021-08-30,09:40:00,False,911688.0,67
2021-08-31,09:40:00,False,956084.0,67
2021-09-01,09:40:00,False,989063.0,67
2021-09-02,09:40:00,True,1155954.0,9
2021-09-03,09:40:00,True,1165072.0,9
2021-09-06,09:40:00,True,1200115.0,9
2021-09-07,09:40:00,False,1144832.0,67
2021-09-08,09:40:00,False,1165937.0,67
2021-09-09,09:40:00,False,1107166.0,67
2021-09-10,09:40:00,False,1011177.0,67
2021-09-13,09:40:00,False,1023198.0,67
2021-09-14,09:40:00,False,1021865.0,67
2021-09-15,09:40:00,False,1064255.0,67
2021-09-16,09:40:00,False,973290.0,67
2021-09-17,09:40:00,True,997647.0,9
2021-09-22,09:40:00,True,1041436.0,9
2021-09-23,09:40:00,True,1025171.0,9
2021-09-24,09:40:00,True,978993.0,9
2021-09-27,09:40:00,True,938304.0,9
2021-09-28,09:40:00,True,1075616.0,9
2021-09-29,09:40:00,True,1051627.0,9
2021-09-30,09:40:00,True,1073623.0,9
2021-10-08,09:40:00,True,943852.0,9
2021-10-11,09:40:00,True,956469.0,9
2021-10-12,09:40:00,True,898846.0,9
2021-10-13,09:40:00,True,960381.0,9
2021-10-14,09:40:00,True,960902.0,9
2021-10-15,09:40:00,True,913811.0,9
2021-10-18,09:40:00,False,861920.0,69
2021-10-19,09:40:00,False,881879.0,69
2021-10-20,09:40:00,False,902338.0,68
2021-10-21,09:40:00,False,866050.0,69
2021-10-22,09:40:00,False,824478.0,70
2021-10-25,09:40:00,False,824068.0,70
2021-10-26,09:40:00,False,844649.0,70
2021-10-27,09:40:00,False,835178.0,70
2021-10-28,09:40:00,False,833316.0,69
2021-10-29,09:40:00,True,848545.0,9
2021-11-01,09:40:00,True,909547.0,9
2021-11-02,09:40:00,False,918115.0,69
2021-11-03,09:40:00,False,1011290.0,69
2021-11-04,09:40:00,False,973011.0,69
2021-11-05,09:40:00,False,955202.0,68
2021-11-08,09:40:00,False,832818.0,70
2021-11-09,09:40:00,False,817710.0,70
2021-11-10,09:40:00,False,845677.0,69
2021-11-11,09:40:00,False,919897.0,69
2021-11-12,09:40:00,False,994173.0,70
2021-11-15,09:40:00,False,958661.0,70
2021-11-16,09:40:00,False,889287.0,70
2021-11-17,09:40:00,False,864290.0,70
2021-11-18,09:40:00,False,844776.0,69
2021-11-19,09:40:00,False,838237.0,69
2021-11-22,09:40:00,False,807502.0,70
2021-11-23,09:40:00,False,919655.0,69
2021-11-24,09:40:00,False,945329.0,67
2021-11-25,09:40:00,False,926893.0,69
2021-11-26,09:40:00,False,807663.0,70
2021-11-29,09:40:00,False,778691.0,70
2021-11-30,09:40:00,False,809197.0,70
2021-12-01,09:40:00,False,864737.0,70
2021-12-02,09:40:00,False,850691.0,70
2021-12-03,09:40:00,True,791564.0,9
2021-12-06,09:40:00,False,795937.0,69
2021-12-07,09:40:00,True,925579.0,9
2021-12-08,09:40:00,True,1004976.0,9
2021-12-09,09:40:00,True,1022844.0,9
2021-12-10,09:40:00,False,1023755.0,70
2021-12-13,09:40:00,False,974654.0,70
2021-12-14,09:40:00,False,996937.0,70
2021-12-15,09:40:00,False,899046.0,71
2021-12-16,09:40:00,False,888780.0,71
2021-12-17,09:40:00,False,839596.0,71
2021-12-20,09:40:00,True,918085.0,9
2021-12-21,09:40:00,True,1074564.0,9
2021-12-22,09:40:00,True,1087185.0,9
2021-12-23,09:40:00,True,1007978.0,9
2021-12-24,09:40:00,True,812130.0,9
2021-12-27,09:40:00,True,778411.0,9
2021-12-28,09:40:00,True,749210.0,9
2021-12-29,09:40:00,True,796937.0,9
2021-12-30,09:40:00,True,808008.0,9
2021-12-31,09:40:00,False,880886.0,71
2022-01-04,09:40:00,False,894970.0,72
2022-01-05,09:40:00,False,937404.0,72
2022-01-06,09:40:00,True,995920.0,9
2022-01-07,09:40:00,True,1061688.0,9
2022-01-10,09:40:00,True,1057449.0,9
2022-01-11,09:40:00,True,977646.0,9
2022-01-12,09:40:00,True,918046.0,9
2022-01-13,09:40:00,True,947744.0,9
2022-01-14,09:40:00,True,958218.0,9
2022-01-17,09:40:00,True,968617.0,9
2022-01-18,09:40:00,False,898894.0,72
2022-01-19,09:40:00,False,882501.0,73
2022-01-20,09:40:00,True,913794.0,9
2022-01-21,09:40:00,True,998474.0,9
2022-01-24,09:40:00,True,1104182.0,9
2022-01-25,09:40:00,True,1067377.0,9
2022-01-26,09:40:00,True,1068764.0,9
2022-01-27,09:40:00,True,976854.0,9
2022-01-28,09:40:00,True,1037853.0,9
2022-02-07,09:40:00,True,1045657.0,9
2022-02-08,09:40:00,True,1040993.0,9
2022-02-09,09:40:00,True,1001596.0,9
2022-02-10,09:40:00,True,937587.0,9
2022-02-11,09:40:00,True,935428.0,9
2022-02-14,09:40:00,True,953303.0,9
2022-02-15,09:40:00,True,967168.0,9
2022-02-16,09:40:00,True,1016073.0,9
2022-02-17,09:40:00,False,943618.0,72
2022-02-18,09:40:00,False,923469.0,72
2022-02-21,09:40:00,False,818827.0,72
2022-02-22,09:40:00,False,824846.0,72
2022-02-23,09:40:00,False,845609.0,72
2022-02-24,09:40:00,False,949261.0,72
2022-02-25,09:40:00,True,1173960.0,9
2022-02-28,09:40:00,False,1203294.0,72
2022-03-01,09:40:00,False,1144520.0,72
2022-03-02,09:40:00,False,944150.0,72
2022-03-03,09:40:00,False,877576.0,72
2022-03-04,09:40:00,True,893630.0,9
2022-03-07,09:40:00,True,958478.0,9
2022-03-08,09:40:00,True,1114416.0,9
2022-03-09,09:40:00,True,1322941.0,9
2022-03-10,09:40:00,True,1550130.0,9
2022-03-11,09:40:00,True,1602512.0,9
2022-03-14,09:40:00,True,1538818.0,9
2022-03-15,09:40:00,True,1367876.0,9
2022-03-16,09:40:00,True,1482157.0,9
2022-03-17,09:40:00,True,1716814.0,9
2022-03-18,09:40:00,True,1819433.0,9
2022-03-21,09:40:00,False,1711707.0,72
2022-03-22,09:40:00,False,1435945.0,71
2022-03-23,09:40:00,False,1261623.0,72
2022-03-24,09:40:00,False,1175610.0,72
2022-03-25,09:40:00,False,1098907.0,72
2022-03-28,09:40:00,True,1141321.0,9
2022-03-29,09:40:00,True,1114805.0,9
2022-03-30,09:40:00,True,1093339.0,9
2022-03-31,09:40:00,False,1118692.0,71
2022-04-01,09:40:00,True,1035553.0,9
2022-04-06,09:40:00,True,1065131.0,9
2022-04-07,09:40:00,True,964784.0,9
2022-04-08,09:40:00,True,975340.0,9
2022-04-11,09:40:00,True,936137.0,9
2022-04-12,09:40:00,True,991152.0,9
2022-04-13,09:40:00,True,1103814.0,9
2022-04-14,09:40:00,True,1103497.0,9
2022-04-15,09:40:00,True,1087232.0,9
2022-04-18,09:40:00,True,960237.0,9
2022-04-19,09:40:00,True,931266.0,9
2022-04-20,09:40:00,True,842777.0,9
2022-04-21,09:40:00,True,866117.0,9
2022-04-22,09:40:00,True,975716.0,9
2022-04-25,09:40:00,True,1067040.0,9
2022-04-26,09:40:00,True,1234082.0,9
2022-04-27,09:40:00,True,1328964.0,9
2022-04-28,09:40:00,True,1539181.0,9
2022-04-29,09:40:00,True,1480791.0,9
2022-05-05,09:40:00,False,1538819.0,72
2022-05-06,09:40:00,False,1351763.0,72
2022-05-09,09:40:00,False,1285335.0,72
2022-05-10,09:40:00,False,977741.0,71
2022-05-11,09:40:00,False,997375.0,72
2022-05-12,09:40:00,False,1153428.0,72
2022-05-13,09:40:00,False,1264206.0,71
2022-05-16,09:40:00,False,1170444.0,71
2022-05-17,09:40:00,False,960090.0,71
2022-05-18,09:40:00,False,934617.0,72
2022-05-19,09:40:00,False,930610.0,73
2022-05-20,09:40:00,False,952800.0,72
2022-05-23,09:40:00,False,1007007.0,72
2022-05-24,09:40:00,False,999305.0,72
2022-05-25,09:40:00,True,1020716.0,9
2022-05-26,09:40:00,True,950866.0,9
2022-05-27,09:40:00,True,1002166.0,9
2022-05-30,09:40:00,True,994859.0,9
2022-05-31,09:40:00,False,990180.0,73
2022-06-01,09:40:00,False,1035085.0,73
2022-06-02,09:40:00,False,989828.0,72
2022-06-06,09:40:00,False,1003319.0,72
2022-06-07,09:40:00,False,1035112.0,72
2022-06-08,09:40:00,False,1142527.0,72
2022-06-09,09:40:00,False,1299824.0,71
2022-06-10,09:40:00,False,1302780.0,71
2022-06-13,09:40:00,False,1338586.0,72
2022-06-14,09:40:00,False,1311128.0,73
2022-06-15,09:40:00,False,1399407.0,73
2022-06-16,09:40:00,False,1588862.0,73
2022-06-17,09:40:00,False,1628499.0,72
2022-06-20,09:40:00,False,1623002.0,72
2022-06-21,09:40:00,False,1457798.0,72
2022-06-22,09:40:00,False,1388538.0,72
2022-06-23,09:40:00,False,1258146.0,72
2022-06-24,09:40:00,False,1245505.0,72
2022-06-27,09:40:00,False,1285270.0,72
2022-06-28,09:40:00,False,1435558.0,72
2022-06-29,09:40:00,False,1464267.0,72
2022-06-30,09:40:00,False,1527470.0,72
2022-07-01,09:40:00,False,1490300.0,72
2022-07-04,09:40:00,False,1349615.0,72
2022-07-05,09:40:00,False,1300310.0,72
2022-07-06,09:40:00,False,1259080.0,72
2022-07-07,09:40:00,True,1374794.0,9
2022-07-08,09:40:00,False,1323380.0,72
2022-07-11,09:40:00,False,1253426.0,72
2022-07-12,09:40:00,True,1196652.0,9
2022-07-13,09:40:00,True,1191445.0,9
2022-07-14,09:40:00,True,1189424.0,9
2022-07-15,09:40:00,True,1167210.0,9
2022-07-18,09:40:00,True,1147732.0,9
2022-07-19,09:40:00,True,1157735.0,9
2022-07-20,09:40:00,True,1102971.0,9
2022-07-21,09:40:00,True,1028648.0,9
2022-07-22,09:40:00,True,996577.0,9
2022-07-25,09:40:00,True,1027053.0,9
2022-07-26,09:40:00,True,1022882.0,9
2022-07-27,09:40:00,True,1002800.0,9
2022-07-28,09:40:00,True,950578.0,9
2022-07-29,09:40:00,True,1018017.0,9
2022-08-01,09:40:00,True,1148741.0,9
2022-08-02,09:40:00,False,1210686.0,73
2022-08-03,09:40:00,True,1304730.0,9
2022-08-04,09:40:00,True,1287768.0,9
2022-08-05,09:40:00,True,1305476.0,9
2022-08-08,09:40:00,True,1232675.0,9
2022-08-09,09:40:00,True,1112520.0,9
2022-08-10,09:40:00,False,1053196.0,73
2022-08-11,09:40:00,False,984415.0,73
2022-08-12,09:40:00,False,1063414.0,73
2022-08-15,09:40:00,False,1048207.0,73
2022-08-16,09:40:00,False,1056652.0,73
2022-08-17,09:40:00,False,1003231.0,74
2022-08-18,09:40:00,False,1034319.0,74
2022-08-19,09:40:00,False,996586.0,74
2022-08-22,09:40:00,True,1002641.0,9
2022-08-23,09:40:00,False,975747.0,74
2022-08-24,09:40:00,False,973999.0,74
2022-08-25,09:40:00,True,1038493.0,9
2022-08-26,09:40:00,True,1094006.0,9
2022-08-29,09:40:00,True,1133966.0,9
2022-08-30,09:40:00,True,1062254.0,9
2022-08-31,09:40:00,True,1001470.0,9
2022-09-01,09:40:00,True,1095050.0,10
2022-09-02,09:40:00,True,1107827.0,10
2022-09-05,09:40:00,True,1099480.0,10
2022-09-06,09:40:00,True,1011578.0,10
2022-09-07,09:40:00,True,1018532.0,10
2022-09-08,09:40:00,True,1064809.0,10
2022-09-09,09:40:00,True,1017698.0,10
2022-09-13,09:40:00,False,1037543.0,76
2022-09-14,09:40:00,False,990631.0,76
2022-09-15,09:40:00,False,1034080.0,76
2022-09-16,09:40:00,True,1058058.0,10
2022-09-19,09:40:00,True,1159117.0,10
2022-09-20,09:40:00,True,1153178.0,10
2022-09-21,09:40:00,True,1059725.0,10
2022-09-22,09:40:00,True,976133.0,10
2022-09-23,09:40:00,True,960662.0,10
2022-09-26,09:40:00,True,996457.0,10
2022-09-27,09:40:00,True,1064506.0,10
2022-09-28,09:40:00,True,1122068.0,10
2022-09-29,09:40:00,True,1120353.0,10
2022-09-30,09:40:00,True,1099142.0,10
2022-10-10,09:40:00,True,1074961.0,10
2022-10-11,09:40:00,True,1076913.0,10
2022-10-12,09:40:00,True,1034954.0,10
2022-10-13,09:40:00,True,1163606.0,10
2022-10-14,09:40:00,True,1169923.0,10
2022-10-17,09:40:00,False,1331095.0,76
2022-10-18,09:40:00,False,1219481.0,76
2022-10-19,09:40:00,False,1264140.0,75
2022-10-20,09:40:00,False,1106070.0,75
2022-10-21,09:40:00,False,1212036.0,75
2022-10-24,09:40:00,False,1156490.0,75
2022-10-25,09:40:00,True,1356041.0,10
2022-10-26,09:40:00,True,1414934.0,10
2022-10-27,09:40:00,True,1611253.0,10
2022-10-28,09:40:00,True,1541449.0,10
2022-10-31,09:40:00,True,1502568.0,10
2022-11-01,09:40:00,True,1411016.0,10
2022-11-02,09:40:00,True,1587695.0,10
2022-11-03,09:40:00,False,1703765.0,77
2022-11-04,09:40:00,False,1666879.0,78
2022-11-07,09:40:00,False,1731532.0,78
2022-11-08,09:40:00,False,1695885.0,78
2022-11-09,09:40:00,False,1722610.0,78
2022-11-10,09:40:00,False,1405591.0,78
2022-11-11,09:40:00,False,1296317.0,78
2022-11-14,09:40:00,False,1623452.0,78
2022-11-15,09:40:00,False,1835954.0,78
2022-11-16,09:40:00,False,2106151.0,78
2022-11-17,09:40:00,False,1885966.0,78
2022-11-18,09:40:00,False,1827679.0,78
2022-11-21,09:40:00,False,1703881.0,78
2022-11-22,09:40:00,False,1590608.0,79
2022-11-23,09:40:00,True,1541382.0,10
2022-11-24,09:40:00,True,1438230.0,10
2022-11-25,09:40:00,True,1356315.0,10
2022-11-28,09:40:00,True,1228389.0,10
2022-11-29,09:40:00,True,1197199.0,10
2022-11-30,09:40:00,True,1455908.0,10
2022-12-01,09:40:00,True,1517655.0,9
2022-12-02,09:40:00,False,1667547.0,79
2022-12-05,09:40:00,False,1495415.0,77
2022-12-06,09:40:00,False,1653962.0,77
2022-12-07,09:40:00,False,1590027.0,77
2022-12-08,09:40:00,False,1749833.0,77
2022-12-09,09:40:00,False,1620397.0,78
2022-12-12,09:40:00,False,1622251.0,78
2022-12-13,09:40:00,False,1443053.0,78
2022-12-14,09:40:00,True,1377080.0,9
2022-12-15,09:40:00,True,1273606.0,9
2022-12-16,09:40:00,True,1244758.0,9
2022-12-19,09:40:00,True,1301827.0,9
2022-12-20,09:40:00,True,1341412.0,9
2022-12-21,09:40:00,True,1388416.0,9
2022-12-22,09:40:00,True,1270458.0,9
2022-12-23,09:40:00,True,1197367.0,9
2022-12-26,09:40:00,True,1173536.0,9
2022-12-27,09:40:00,True,1158829.0,10
2022-12-28,09:40:00,True,1080669.0,10
2022-12-29,09:40:00,True,1016848.0,10
2022-12-30,09:40:00,True,1055340.0,10
2023-01-03,09:40:00,False,1058249.0,78
2023-01-04,09:40:00,False,1156751.0,78
2023-01-05,09:40:00,False,1266415.0,78
2023-01-06,09:40:00,False,1476176.0,79
2023-01-09,09:40:00,False,1527652.0,79
2023-01-10,09:40:00,False,1523696.0,79
2023-01-11,09:40:00,False,1408545.0,79
2023-01-12,09:40:00,False,1325109.0,79
2023-01-13,09:40:00,False,1264836.0,79
2023-01-16,09:40:00,False,1256833.0,80
2023-01-17,09:40:00,False,1517670.0,80
2023-01-18,09:40:00,False,1573392.0,80
2023-01-19,09:40:00,False,1520715.0,79
2023-01-20,09:40:00,False,1263561.0,80
2023-01-30,09:40:00,False,1251533.0,80
2023-01-31,09:40:00,False,1505536.0,79
2023-02-01,09:40:00,False,1592613.0,79
2023-02-02,09:40:00,False,1689960.0,79
2023-02-03,09:40:00,False,1601625.0,79
2023-02-06,09:40:00,False,1611470.0,79
2023-02-07,09:40:00,False,1588752.0,79
2023-02-08,09:40:00,False,1535419.0,79
2023-02-09,09:40:00,True,1440569.0,11
2023-02-10,09:40:00,True,1449582.0,11
2023-02-13,09:40:00,True,1445594.0,11
2023-02-14,09:40:00,False,1538789.0,80
2023-02-15,09:40:00,False,1345209.0,80
2023-02-16,09:40:00,False,1276332.0,80
2023-02-17,09:40:00,True,1362710.0,11
2023-02-20,09:40:00,True,1527504.0,11
2023-02-21,09:40:00,True,1707932.0,11
2023-02-22,09:40:00,False,1578991.0,80
2023-02-23,09:40:00,True,1487324.0,11
2023-02-24,09:40:00,True,1336211.0,11
2023-02-27,09:40:00,True,1294449.0,11
2023-02-28,09:40:00,True,1304224.0,11
2023-03-01,09:40:00,True,1251879.0,11
2023-03-02,09:40:00,False,1391791.0,80
2023-03-03,09:40:00,False,1400733.0,80
2023-03-06,09:40:00,False,1497041.0,80
2023-03-07,09:40:00,False,1425193.0,80
2023-03-08,09:40:00,True,1550788.0,11
2023-03-09,09:40:00,True,1492417.0,11
2023-03-10,09:40:00,True,1369622.0,11
2023-03-13,09:40:00,True,1291165.0,11
2023-03-14,09:40:00,True,1358625.0,11
2023-03-15,09:40:00,True,1506670.0,11
2023-03-16,09:40:00,True,1491184.0,11
2023-03-17,09:40:00,True,1492177.0,11
2023-03-20,09:40:00,True,1597639.0,11
2023-03-21,09:40:00,True,1666993.0,11
2023-03-22,09:40:00,False,1691277.0,81
2023-03-23,09:40:00,False,1537624.0,81
2023-03-24,09:40:00,False,1568272.0,81
2023-03-27,09:40:00,False,1550211.0,81
2023-03-28,09:40:00,False,1630929.0,81
2023-03-29,09:40:00,False,1535902.0,81
2023-03-30,09:40:00,False,1560363.0,81
2023-03-31,09:40:00,False,1516487.0,81
2023-04-03,09:40:00,False,1559109.0,81
2023-04-04,09:40:00,False,1652525.0,81
2023-04-06,09:40:00,False,1721364.0,81
2023-04-07,09:40:00,False,1768772.0,81
2023-04-10,09:40:00,False,1620294.0,81
2023-04-11,09:40:00,False,1540991.0,81
2023-04-12,09:40:00,False,1546949.0,81
2023-04-13,09:40:00,False,1567857.0,80
2023-04-14,09:40:00,True,1596633.0,11
2023-04-17,09:40:00,True,1608942.0,11
2023-04-18,09:40:00,False,1667738.0,81
2023-04-19,09:40:00,False,1640915.0,81
2023-04-20,09:40:00,True,1527244.0,11
2023-04-21,09:40:00,True,1501860.0,11
2023-04-24,09:40:00,True,1561736.0,11
2023-04-25,09:40:00,True,1658401.0,11
2023-04-26,09:40:00,True,1808580.0,11
2023-04-27,09:40:00,True,1865238.0,11
2023-04-28,09:40:00,True,1800763.0,11
2023-05-04,09:40:00,True,1654255.0,11
2023-05-05,09:40:00,True,1468856.0,11
2023-05-08,09:40:00,True,1460804.0,11
2023-05-09,09:40:00,True,1480782.0,11
2023-05-10,09:40:00,True,1627948.0,11
2023-05-11,09:40:00,True,1686604.0,11
2023-05-12,09:40:00,True,1552203.0,11
2023-05-15,09:40:00,True,1405828.0,11
2023-05-16,09:40:00,True,1415502.0,11
2023-05-17,09:40:00,True,1417021.0,11
2023-05-18,09:40:00,True,1391967.0,11
2023-05-19,09:40:00,True,1312251.0,11
2023-05-22,09:40:00,False,1356969.0,82
2023-05-23,09:40:00,False,1390191.0,82
2023-05-24,09:40:00,True,1321715.0,11
2023-05-25,09:40:00,True,1324029.0,11
2023-05-26,09:40:00,True,1363602.0,11
2023-05-29,09:40:00,True,1359742.0,11
2023-05-30,09:40:00,True,1358318.0,11
2023-05-31,09:40:00,True,1369854.0,11
2023-06-01,09:40:00,True,1465475.0,11
2023-06-02,09:40:00,True,1543454.0,11
2023-06-05,09:40:00,False,1554316.0,82
2023-06-06,09:40:00,False,1492797.0,82
2023-06-07,09:40:00,True,1440853.0,11
2023-06-08,09:40:00,True,1351717.0,11
2023-06-09,09:40:00,True,1382543.0,11
2023-06-12,09:40:00,True,1346648.0,11
2023-06-13,09:40:00,True,1325797.0,11
2023-06-14,09:40:00,False,1345101.0,82
2023-06-15,09:40:00,False,1375510.0,82
2023-06-16,09:40:00,False,1580878.0,82
2023-06-19,09:40:00,False,1665556.0,82
2023-06-20,09:40:00,False,1653164.0,82
2023-06-21,09:40:00,False,1501744.0,82
2023-06-26,09:40:00,False,1441977.0,82
2023-06-27,09:40:00,True,1500758.0,11
2023-06-28,09:40:00,True,1501174.0,11
2023-06-29,09:40:00,True,1464076.0,11
2023-06-30,09:40:00,True,1340276.0,11
2023-07-03,09:40:00,True,1351679.0,11
2023-07-04,09:40:00,False,1352469.0,82
2023-07-05,09:40:00,False,1392804.0,82
2023-07-06,09:40:00,False,1285442.0,82
2023-07-07,09:40:00,False,1215443.0,82
2023-07-10,09:40:00,True,1183453.0,11
2023-07-11,09:40:00,True,1185609.0,11
2023-07-12,09:40:00,False,1155676.0,82
2023-07-13,09:40:00,True,1151262.0,11
2023-07-14,09:40:00,False,1321440.0,82
2023-07-17,09:40:00,False,1333227.0,82
2023-07-18,09:40:00,True,1229076.0,11
2023-07-19,09:40:00,True,1033432.0,11
2023-07-20,09:40:00,True,1085236.0,11
2023-07-21,09:40:00,True,1291689.0,11
2023-07-24,09:40:00,True,1398373.0,11
2023-07-25,09:40:00,True,1352915.0,11
2023-07-26,09:40:00,False,1507007.0,82
2023-07-27,09:40:00,False,1491501.0,82
2023-07-28,09:40:00,True,1579191.0,11
2023-07-31,09:40:00,False,1687513.0,82
2023-08-01,09:40:00,False,2094877.0,83
2023-08-02,09:40:00,False,2224004.0,83
2023-08-03,09:40:00,False,1982159.0,83
2023-08-04,09:40:00,False,1723643.0,83
2023-08-07,09:40:00,False,1846043.0,83
2023-08-08,09:40:00,False,1922480.0,83
2023-08-09,09:40:00,False,1907088.0,83
2023-08-10,09:40:00,True,1723843.0,11
2023-08-11,09:40:00,True,1599147.0,12
2023-08-14,09:40:00,True,1604282.0,12
2023-08-15,09:40:00,True,1600692.0,12
2023-08-16,09:40:00,True,1670003.0,12
2023-08-17,09:40:00,True,1605666.0,12
2023-08-18,09:40:00,True,1665464.0,12
2023-08-21,09:40:00,True,1674043.0,12
2023-08-22,09:40:00,True,1712216.0,12
2023-08-23,09:40:00,True,1788818.0,12
2023-08-24,09:40:00,True,1754684.0,12
2023-08-25,09:40:00,True,1843157.0,12
2023-08-28,09:40:00,True,1708213.0,12
2023-08-29,09:40:00,True,2156144.0,12
2023-08-30,09:40:00,False,2402939.0,84
2023-08-31,09:40:00,False,2503142.0,84
2023-09-01,09:40:00,False,2050050.0,83
2023-09-04,09:40:00,False,1556198.0,84
2023-09-05,09:40:00,False,1467043.0,83
2023-09-06,09:40:00,False,1406933.0,84
2023-09-07,09:40:00,False,1501369.0,84
2023-09-08,09:40:00,True,1457210.0,12
2023-09-11,09:40:00,True,1414025.0,12
2023-09-12,09:40:00,True,1466313.0,12
2023-09-13,09:40:00,True,1303856.0,12
2023-09-14,09:40:00,True,1362605.0,12
2023-09-15,09:40:00,True,1266231.0,12
2023-09-18,09:40:00,True,1451162.0,12
2023-09-19,09:40:00,True,1479177.0,12
2023-09-20,09:40:00,True,1443304.0,12
2023-09-21,09:40:00,True,1266124.0,12
2023-09-22,09:40:00,True,1194705.0,12
2023-09-25,09:40:00,True,1405520.0,12
2023-09-26,09:40:00,True,1434433.0,12
2023-09-27,09:40:00,True,1375583.0,12
2023-09-28,09:40:00,True,1264556.0,12
2023-10-09,09:40:00,False,1305466.0,86
2023-10-10,09:40:00,False,1358290.0,86
2023-10-11,09:40:00,False,1266030.0,86
2023-10-12,09:40:00,False,1304865.0,86
2023-10-13,09:40:00,False,1317292.0,86
2023-10-16,09:40:00,False,1346546.0,87
2023-10-17,09:40:00,True,1292754.0,12
2023-10-18,09:40:00,True,1231357.0,12
2023-10-19,09:40:00,True,1206595.0,12
2023-10-20,09:40:00,True,1286721.0,12
2023-10-23,09:40:00,True,1405614.0,12
2023-10-24,09:40:00,True,1535644.0,12
2023-10-25,09:40:00,True,1581597.0,12
2023-10-26,09:40:00,True,1671001.0,12
2023-10-27,09:40:00,True,1591396.0,12
2023-10-30,09:40:00,False,1696129.0,89
2023-10-31,09:40:00,False,1780205.0,88
2023-11-01,09:40:00,False,1764608.0,89
2023-11-02,09:40:00,False,1528570.0,89
2023-11-03,09:40:00,False,1304322.0,90
2023-11-06,09:40:00,False,1397868.0,91
2023-11-07,09:40:00,False,1681949.0,91
2023-11-08,09:40:00,False,1726304.0,91
2023-11-09,09:40:00,False,1751237.0,91
2023-11-10,09:40:00,False,1495914.0,91
2023-11-13,09:40:00,False,1461982.0,91
2023-11-14,09:40:00,False,1336837.0,91
2023-11-15,09:40:00,False,1343416.0,90
2023-11-16,09:40:00,False,1440400.0,90
2023-11-17,09:40:00,False,1525848.0,91
2023-11-20,09:40:00,False,1530615.0,92
2023-11-21,09:40:00,False,1474269.0,92
2023-11-22,09:40:00,False,1453282.0,92
2023-11-23,09:40:00,True,1422496.0,13
2023-11-24,09:40:00,True,1355885.0,13
2023-11-27,09:40:00,True,1260197.0,13
2023-11-28,09:40:00,True,1224247.0,13
2023-11-29,09:40:00,True,1200295.0,13
2023-11-30,09:40:00,True,1219621.0,13
2023-12-01,09:40:00,True,1219663.0,13
2023-12-04,09:40:00,True,1259262.0,13
2023-12-05,09:40:00,True,1285511.0,13
2023-12-06,09:40:00,True,1373293.0,13
2023-12-07,09:40:00,True,1440030.0,13
2023-12-08,09:40:00,True,1427214.0,13
2023-12-11,09:40:00,True,1404595.0,13
2023-12-12,09:40:00,True,1461868.0,13
2023-12-13,09:40:00,False,1450216.0,93
2023-12-14,09:40:00,True,1374344.0,13
2023-12-15,09:40:00,True,1261808.0,13
2023-12-18,09:40:00,True,1395754.0,13
2023-12-19,09:40:00,True,1406028.0,13
2023-12-20,09:40:00,True,1381426.0,13
2023-12-21,09:40:00,True,1258738.0,13
2023-12-22,09:40:00,True,1396850.0,13
2023-12-25,09:40:00,True,1663337.0,13
2023-12-26,09:40:00,True,1610061.0,13
2023-12-27,09:40:00,True,1426483.0,13
2023-12-28,09:40:00,True,1195419.0,13
2023-12-29,09:40:00,False,1568718.0,94
2024-01-02,09:40:00,False,1775533.0,94
2024-01-03,09:40:00,False,1761892.0,93
2024-01-04,09:40:00,False,1481481.0,94
2024-01-05,09:40:00,True,1392098.0,13
2024-01-08,09:40:00,True,1475065.0,13
2024-01-09,09:40:00,True,1509399.0,13
2024-01-10,09:40:00,True,1526177.0,13
2024-01-11,09:40:00,True,1439822.0,13
2024-01-12,09:40:00,True,1508942.0,13
2024-01-15,09:40:00,True,1455446.0,14
2024-01-16,09:40:00,True,1427542.0,14
2024-01-17,09:40:00,True,1460048.0,14
2024-01-18,09:40:00,True,1577233.0,14
2024-01-19,09:40:00,True,2049448.0,14
2024-01-22,09:40:00,True,2143733.0,14
2024-01-23,09:40:00,True,2416835.0,14
2024-01-24,09:40:00,True,2301000.0,14
2024-01-25,09:40:00,True,2415486.0,14
2024-01-26,09:40:00,True,2323116.0,14
2024-01-29,09:40:00,True,2266530.0,14
2024-01-30,09:40:00,True,2028208.0,14
2024-01-31,09:40:00,True,1866432.0,14
2024-02-01,09:40:00,True,1817449.0,14
2024-02-02,09:40:00,True,1929536.0,14
2024-02-05,09:40:00,True,2142034.0,14
2024-02-06,09:40:00,True,2782947.0,14
2024-02-07,09:40:00,True,3156133.0,16
2024-02-08,09:40:00,True,3416646.0,16
2024-02-19,09:40:00,False,3051401.0,97
2024-02-20,09:40:00,False,2858102.0,97
2024-02-21,09:40:00,False,2336092.0,99
2024-02-22,09:40:00,False,2163703.0,99
2024-02-23,09:40:00,False,1906612.0,99
2024-02-26,09:40:00,False,1973116.0,99
2024-02-27,09:40:00,False,1764591.0,99
2024-02-28,09:40:00,False,1817401.0,99
2024-02-29,09:40:00,False,2127862.0,99
2024-03-01,09:40:00,False,2318544.0,99
2024-03-04,09:40:00,False,2384247.0,100
2024-03-05,09:40:00,False,2109206.0,100
2024-03-06,09:40:00,False,2316536.0,99
2024-03-07,09:40:00,False,2258029.0,99
2024-03-08,09:40:00,True,2213689.0,16
2024-03-11,09:40:00,False,1767502.0,99
2024-03-12,09:40:00,False,1777258.0,99
2024-03-13,09:40:00,False,1898925.0,98
2024-03-14,09:40:00,False,1946923.0,100
2024-03-15,09:40:00,False,1868533.0,100
2024-03-18,09:40:00,False,1709658.0,100
2024-03-19,09:40:00,False,1756742.0,100
2024-03-20,09:40:00,False,1678547.0,100
2024-03-21,09:40:00,False,1561840.0,100
2024-03-22,09:40:00,False,1471298.0,100
2024-03-25,09:40:00,False,1597464.0,100
2024-03-26,09:40:00,True,1675836.0,16
2024-03-27,09:40:00,True,1669937.0,16
2024-03-28,09:40:00,True,1522957.0,16
2024-03-29,09:40:00,True,1571608.0,16
2024-04-01,09:40:00,True,1436139.0,16
2024-04-02,09:40:00,False,1448837.0,100
2024-04-03,09:40:00,False,1320614.0,100
2024-04-08,09:40:00,False,1371728.0,100
2024-04-09,09:40:00,True,1370286.0,16
2024-04-10,09:40:00,True,1326636.0,16
2024-04-11,09:40:00,True,1355994.0,16
2024-04-12,09:40:00,True,1303876.0,16
2024-04-15,09:40:00,True,1363120.0,16
2024-04-16,09:40:00,True,1424035.0,16
2024-04-17,09:40:00,True,1519185.0,16
2024-04-18,09:40:00,True,1622519.0,16
2024-04-19,09:40:00,True,1633753.0,16
2024-04-22,09:40:00,True,1640725.0,16
2024-04-23,09:40:00,True,1558403.0,16
2024-04-24,09:40:00,True,1517632.0,16
2024-04-25,09:40:00,True,1464367.0,16
2024-04-26,09:40:00,False,1449999.0,99
2024-04-29,09:40:00,False,1702574.0,99
2024-04-30,09:40:00,False,2027540.0,99
2024-05-06,09:40:00,False,2069166.0,99
2024-05-07,09:40:00,False,1992508.0,99
2024-05-08,09:40:00,False,1665327.0,99
2024-05-09,09:40:00,False,1675288.0,99
2024-05-10,09:40:00,False,1553396.0,99
2024-05-13,09:40:00,False,1711302.0,99
2024-05-14,09:40:00,False,1764676.0,99
2024-05-15,09:40:00,False,1706060.0,99
2024-05-16,09:40:00,True,1485027.0,16
2024-05-17,09:40:00,True,1523426.0,16
2024-05-20,09:40:00,False,1640951.0,99
2024-05-21,09:40:00,False,1857679.0,99
2024-05-22,09:40:00,False,1734733.0,99
2024-05-23,09:40:00,False,1624307.0,99
2024-05-24,09:40:00,True,1510960.0,16
2024-05-27,09:40:00,True,1585858.0,16
2024-05-28,09:40:00,True,1605542.0,16
2024-05-29,09:40:00,True,1554764.0,16
2024-05-30,09:40:00,True,1466132.0,16
2024-05-31,09:40:00,True,1416271.0,16
2024-06-03,09:40:00,True,1404188.0,15
2024-06-04,09:40:00,True,1453649.0,16
2024-06-05,09:40:00,True,1456773.0,16
2024-06-06,09:40:00,True,1451085.0,16
2024-06-07,09:40:00,True,1509467.0,16
2024-06-11,09:40:00,True,1579631.0,16
2024-06-12,09:40:00,True,1647742.0,16
2024-06-13,09:40:00,True,1512819.0,16
2024-06-14,09:40:00,True,1455954.0,16
2024-06-17,09:40:00,True,1444858.0,16
2024-06-18,09:40:00,True,1443126.0,16
2024-06-19,09:40:00,False,1439518.0,99
2024-06-20,09:40:00,True,1420145.0,16
2024-06-21,09:40:00,True,1503688.0,16
2024-06-24,09:40:00,True,1587011.0,16
2024-06-25,09:40:00,True,1724149.0,16
2024-06-26,09:40:00,True,1833967.0,16
2024-06-27,09:40:00,True,1853942.0,16
2024-06-28,09:40:00,True,1768559.0,16
2024-07-01,09:40:00,True,1707543.0,16
2024-07-02,09:40:00,True,1574009.0,16
2024-07-03,09:40:00,True,1471326.0,16
2024-07-04,09:40:00,True,1419748.0,16
2024-07-05,09:40:00,True,1526554.0,16
2024-07-08,09:40:00,True,1662667.0,16
2024-07-09,09:40:00,True,1622653.0,16
2024-07-10,09:40:00,True,1694564.0,16
2024-07-11,09:40:00,True,1602564.0,16
2024-07-12,09:40:00,False,1730110.0,101
2024-07-15,09:40:00,False,1631489.0,101
2024-07-16,09:40:00,False,1675499.0,101
2024-07-17,09:40:00,False,1626045.0,101
2024-07-18,09:40:00,False,1778670.0,101
2024-07-19,09:40:00,False,2155460.0,102
2024-07-22,09:40:00,False,2387781.0,102
2024-07-23,09:40:00,False,2289566.0,101
2024-07-24,09:40:00,True,1969930.0,17
2024-07-25,09:40:00,True,1731996.0,17
2024-07-26,09:40:00,True,1717615.0,17
2024-07-29,09:40:00,True,1754864.0,17
2024-07-30,09:40:00,True,1595767.0,17
2024-07-31,09:40:00,True,1492672.0,17
2024-08-01,09:40:00,False,1748576.0,100
2024-08-02,09:40:00,False,1896157.0,101
2024-08-05,09:40:00,False,2013161.0,101
2024-08-06,09:40:00,True,2059149.0,17
2024-08-07,09:40:00,True,2146454.0,17
2024-08-08,09:40:00,True,2049311.0,17
2024-08-09,09:40:00,True,1714555.0,17
2024-08-12,09:40:00,True,1500295.0,17
2024-08-13,09:40:00,True,1357853.0,17
2024-08-14,09:40:00,True,1258069.0,17
2024-08-15,09:40:00,True,1223048.0,17
2024-08-16,09:40:00,True,1492159.0,17
2024-08-19,09:40:00,True,1668597.0,17
2024-08-20,09:40:00,True,1719573.0,17
2024-08-21,09:40:00,True,1572668.0,17
2024-08-22,09:40:00,True,1377524.0,17
2024-08-23,09:40:00,True,1390592.0,17
2024-08-26,09:40:00,True,1320171.0,17
2024-08-27,09:40:00,True,1331939.0,17
2024-08-28,09:40:00,True,1300145.0,17
2024-08-29,09:40:00,True,1339092.0,17
2024-08-30,09:40:00,True,1520936.0,17
2024-09-02,09:40:00,False,1880008.0,100
2024-09-03,09:40:00,False,1939928.0,100
2024-09-04,09:40:00,False,1844296.0,100
2024-09-05,09:40:00,False,1515870.0,100
2024-09-06,09:40:00,False,1457234.0,99
2024-09-09,09:40:00,True,1350727.0,17
2024-09-10,09:40:00,True,1330853.0,17
2024-09-11,09:40:00,True,1348371.0,17
2024-09-12,09:40:00,True,1403317.0,17
2024-09-13,09:40:00,True,1414136.0,17
2024-09-18,09:40:00,True,1359842.0,17
2024-09-19,09:40:00,True,1308155.0,17
2024-09-20,09:40:00,True,1513439.0,17
2024-09-23,09:40:00,True,1725857.0,17
2024-09-24,09:40:00,False,1802470.0,102
2024-09-25,09:40:00,False,2330525.0,102
2024-09-26,09:40:00,False,2833417.0,102
2024-09-27,09:40:00,False,3848589.0,102
2024-09-30,09:40:00,False,3889315.0,103
2024-10-08,09:40:00,False,5848604.0,101
2024-10-09,09:40:00,False,8997019.0,99
2024-10-10,09:40:00,False,11984796.0,99
2024-10-11,09:40:00,False,11618283.0,99
2024-10-14,09:40:00,False,8892911.0,99
2024-10-15,09:40:00,False,6729935.0,99
2024-10-16,09:40:00,False,5644671.0,98
2024-10-17,09:40:00,True,5254901.0,17
2024-10-18,09:40:00,True,4651275.0,17
2024-10-21,09:40:00,False,5962148.0,100
2024-10-22,09:40:00,False,6794280.0,100
2024-10-23,09:40:00,False,6923038.0,101
2024-10-24,09:40:00,False,5602383.0,102
2024-10-25,09:40:00,False,4442163.0,102
2024-10-28,09:40:00,False,4359346.0,103
2024-10-29,09:40:00,False,3908820.0,103
2024-10-30,09:40:00,False,4131753.0,103
2024-10-31,09:40:00,False,3825474.0,103
2024-11-01,09:40:00,False,4105318.0,102
2024-11-04,09:40:00,True,3952781.0,17
2024-11-05,09:40:00,False,3762728.0,102
2024-11-06,09:40:00,False,4337483.0,102
2024-11-07,09:40:00,False,5120551.0,102
2024-11-08,09:40:00,False,6249027.0,101
2024-11-11,09:40:00,False,6239106.0,100
2024-11-12,09:40:00,False,5993919.0,101
2024-11-13,09:40:00,False,5671708.0,101
2024-11-14,09:40:00,False,5050387.0,103
2024-11-15,09:40:00,True,4621351.0,17
2024-11-18,09:40:00,True,4210808.0,17
2024-11-19,09:40:00,True,4136187.0,17
2024-11-20,09:40:00,True,4267258.0,17
2024-11-21,09:40:00,True,4068716.0,17
2024-11-22,09:40:00,True,3672455.0,17
2024-11-25,09:40:00,True,3487717.0,17
2024-11-26,09:40:00,True,3324749.0,17
2024-11-27,09:40:00,True,3174507.0,17
2024-11-28,09:40:00,True,3214481.0,17
2024-11-29,09:40:00,True,3090892.0,17
2024-12-02,09:40:00,False,3749800.0,103
2024-12-03,09:40:00,False,3634954.0,104
2024-12-04,09:40:00,False,3824593.0,103
2024-12-05,09:40:00,False,3324918.0,104
2024-12-06,09:40:00,False,3042836.0,104
2024-12-09,09:40:00,False,3329511.0,104
2024-12-10,09:40:00,False,3310479.0,104
2024-12-11,09:40:00,False,4331696.0,103
2024-12-12,09:40:00,False,3953151.0,103
2024-12-13,09:40:00,False,4246239.0,103
2024-12-16,09:40:00,False,3645768.0,103
2024-12-17,09:40:00,True,3486550.0,17
2024-12-18,09:40:00,True,3306117.0,17
2024-12-19,09:40:00,True,2945852.0,17
2024-12-20,09:40:00,True,3066244.0,17
2024-12-23,09:40:00,True,3049066.0,17
2024-12-24,09:40:00,True,3186429.0,17
2024-12-25,09:40:00,True,3219073.0,17
2024-12-26,09:40:00,True,3002936.0,17
2024-12-27,09:40:00,True,2712796.0,17
2024-12-30,09:40:00,True,2790394.0,17
2024-12-31,09:40:00,True,2883060.0,17
2025-01-02,09:40:00,True,3260403.0,17
2025-01-03,09:40:00,True,3406243.0,17
2025-01-06,09:40:00,True,3663566.0,17
2025-01-07,09:40:00,True,3555148.0,17
2025-01-08,09:40:00,True,3447347.0,17
2025-01-09,09:40:00,True,3499374.0,17
2025-01-10,09:40:00,True,3392949.0,17
2025-01-13,09:40:00,True,3377222.0,17
2025-01-14,09:40:00,True,3217778.0,17
2025-01-15,09:40:00,False,3947943.0,106
2025-01-16,09:40:00,False,3820795.0,106
2025-01-17,09:40:00,False,4005940.0,106
2025-01-20,09:40:00,False,3440197.0,106
2025-01-21,09:40:00,False,3540764.0,106
2025-01-22,09:40:00,False,3326479.0,106
2025-01-23,09:40:00,False,3259287.0,106
2025-01-24,09:40:00,False,3457424.0,106
2025-01-27,09:40:00,False,3491178.0,107
2025-02-05,09:40:00,True,3462917.0,17
2025-02-06,09:40:00,True,3300343.0,17
2025-02-07,09:40:00,False,3424807.0,106
2025-02-10,09:40:00,False,4112409.0,106
2025-02-11,09:40:00,False,4267043.0,107
2025-02-12,09:40:00,False,4228749.0,107
2025-02-13,09:40:00,False,3824766.0,107
2025-02-14,09:40:00,False,3984682.0,105
2025-02-17,09:40:00,False,4281904.0,105
2025-02-18,09:40:00,False,4568856.0,106
2025-02-19,09:40:00,False,4595438.0,106
2025-02-20,09:40:00,False,4504823.0,107
2025-02-21,09:40:00,False,4155509.0,105
2025-02-24,09:40:00,False,4405367.0,105
2025-02-25,09:40:00,False,4543531.0,105
2025-02-26,09:40:00,False,4661190.0,105
2025-02-27,09:40:00,False,4429168.0,106
2025-02-28,09:40:00,False,4647603.0,106
2025-03-03,09:40:00,True,4929229.0,17
2025-03-04,09:40:00,True,4803847.0,17
2025-03-05,09:40:00,True,4369002.0,17
2025-03-06,09:40:00,True,4008800.0,17
2025-03-07,09:40:00,False,4202610.0,106
2025-03-10,09:40:00,False,4339335.0,107
2025-03-11,09:40:00,False,4226725.0,107
2025-03-12,09:40:00,False,3934101.0,106
2025-03-13,09:40:00,False,3699905.0,106
2025-03-14,09:40:00,False,3850007.0,106
2025-03-17,09:40:00,False,4409732.0,106
2025-03-18,09:40:00,False,4283018.0,106
2025-03-19,09:40:00,False,4066918.0,106
2025-03-20,09:40:00,False,3285500.0,108
2025-03-21,09:40:00,False,3342796.0,107
2025-03-24,09:40:00,True,3689218.0,17
2025-03-25,09:40:00,True,3773113.0,17
2025-03-26,09:40:00,True,3649791.0,17
2025-03-27,09:40:00,True,3120823.0,17
2025-03-28,09:40:00,True,3083371.0,17
2025-03-31,09:40:00,True,3170735.0,17
2025-04-01,09:40:00,True,3457424.0,17
2025-04-02,09:40:00,True,3481785.0,17
2025-04-03,09:40:00,True,3267936.0,17
2025-04-07,09:40:00,True,3314954.0,17
2025-04-08,09:40:00,True,4135677.0,17
2025-04-09,09:40:00,True,5673968.0,17
2025-04-10,09:40:00,True,6526539.0,17
2025-04-11,09:40:00,True,6408767.0,17
2025-04-14,09:40:00,True,5599333.0,17
2025-04-15,09:40:00,True,4652732.0,17
2025-04-16,09:40:00,True,3748912.0,17
2025-04-17,09:40:00,True,3302629.0,17
2025-04-18,09:40:00,False,3235491.0,108
2025-04-21,09:40:00,False,2996726.0,108
2025-04-22,09:40:00,False,2580197.0,108
2025-04-23,09:40:00,False,2575862.0,108
2025-04-24,09:40:00,False,3137348.0,108
2025-04-25,09:40:00,False,3361232.0,106
2025-04-28,09:40:00,False,3339400.0,106
2025-04-29,09:40:00,False,2875970.0,106
2025-04-30,09:40:00,False,2612543.0,107
2025-05-06,09:40:00,False,2366704.0,107
2025-05-07,09:40:00,False,2531265.0,107
2025-05-08,09:40:00,False,2996779.0,107
2025-05-09,09:40:00,False,3179411.0,107
2025-05-12,09:40:00,False,3116331.0,107
2025-05-13,09:40:00,False,3052161.0,107
2025-05-14,09:40:00,False,3147343.0,107
2025-05-15,09:40:00,False,3618896.0,107
2025-05-16,09:40:00,False,3485485.0,107
2025-05-19,09:40:00,False,3309197.0,107
2025-05-20,09:40:00,False,2725671.0,107
2025-05-21,09:40:00,False,2538984.0,107
2025-05-22,09:40:00,False,2472865.0,109
2025-05-23,09:40:00,False,2517983.0,109
2025-05-26,09:40:00,True,2591294.0,17
2025-05-27,09:40:00,True,2499143.0,17
2025-05-28,09:40:00,True,2426685.0,17
2025-05-29,09:40:00,True,2127922.0,17
2025-05-30,09:40:00,True,2401532.0,17
2025-06-03,09:40:00,True,2404730.0,17
2025-06-04,09:40:00,True,2621165.0,17
2025-06-05,09:40:00,False,2404703.0,108
2025-06-06,09:40:00,False,2568009.0,108
2025-06-09,09:40:00,False,2495322.0,108
2025-06-10,09:40:00,False,2646840.0,108
2025-06-11,09:40:00,False,2874021.0,108
2025-06-12,09:40:00,False,3127074.0,108
2025-06-13,09:40:00,False,3137845.0,108
2025-06-16,09:40:00,True,3215938.0,17
2025-06-17,09:40:00,True,3229357.0,17
2025-06-18,09:40:00,True,3178267.0,17
2025-06-19,09:40:00,True,2760801.0,17
2025-06-20,09:40:00,True,2752062.0,17
2025-06-23,09:40:00,True,2681854.0,17
2025-06-24,09:40:00,True,2865281.0,17
2025-06-25,09:40:00,False,3213477.0,108
2025-06-26,09:40:00,False,4200564.0,108
2025-06-27,09:40:00,False,4716979.0,108
2025-06-30,09:40:00,False,4907267.0,108
2025-07-01,09:40:00,False,4257978.0,107
2025-07-02,09:40:00,False,3618613.0,108
2025-07-03,09:40:00,False,3093767.0,107
2025-07-04,09:40:00,False,3063727.0,108
2025-07-07,09:40:00,False,3703116.0,107
2025-07-08,09:40:00,False,3569911.0,107
2025-07-09,09:40:00,False,3652998.0,109
2025-07-10,09:40:00,False,3330163.0,109
2025-07-11,09:40:00,False,3746325.0,109
2025-07-14,09:40:00,False,4533962.0,108
2025-07-15,09:40:00,False,4511115.0,108
2025-07-16,09:40:00,False,4821784.0,108
2025-07-17,09:40:00,False,4100178.0,108
2025-07-18,09:40:00,False,4274640.0,108
2025-07-21,09:40:00,False,4082143.0,109
2025-07-22,09:40:00,False,4185960.0,109
2025-07-23,09:40:00,False,4434761.0,110
2025-07-24,09:40:00,False,4980539.0,110
2025-07-25,09:40:00,False,5344953.0,110
2025-07-28,09:40:00,False,5297041.0,109
2025-07-29,09:40:00,False,4901442.0,109
2025-07-30,09:40:00,False,4823707.0,108
2025-07-31,09:40:00,False,5254783.0,109
2025-08-01,09:40:00,True,5707619.0,17
2025-08-04,09:40:00,True,5573544.0,17
2025-08-05,09:40:00,True,4908847.0,17
2025-08-06,09:40:00,True,4371874.0,17
2025-08-07,09:40:00,False,4108301.0,111
2025-08-08,09:40:00,False,4304806.0,111
2025-08-11,09:40:00,False,4074622.0,110
2025-08-12,09:40:00,False,4224985.0,111
2025-08-13,09:40:00,False,4153667.0,111
2025-08-14,09:40:00,False,4891132.0,111
2025-08-15,09:40:00,False,5494656.0,110
2025-08-18,09:40:00,False,6334704.0,110
2025-08-19,09:40:00,False,6702096.0,110
2025-08-20,09:40:00,False,6515954.0,110
2025-08-21,09:40:00,False,6242063.0,110
2025-08-22,09:40:00,False,5806923.0,110
2025-08-25,09:40:00,False,6477801.0,110
2025-08-26,09:40:00,False,7320446.0,111
2025-08-27,09:40:00,False,7383881.0,111
2025-08-28,09:40:00,False,7576367.0,111
2025-08-29,09:40:00,False,7704402.0,111
2025-09-01,09:40:00,False,8385838.0,111
2025-09-02,09:40:00,False,8079412.0,111
2025-09-03,09:40:00,False,7866122.0,111
2025-09-04,09:40:00,False,7524315.0,111
2025-09-05,09:40:00,True,7837310.0,17
2025-09-08,09:40:00,True,7477008.0,17
2025-09-09,09:40:00,False,7323927.0,111
2025-09-10,09:40:00,True,6761101.0,17
2025-09-11,09:40:00,True,6330900.0,17
2025-09-12,09:40:00,False,6820681.0,111
2025-09-15,09:40:00,False,6873573.0,111
2025-09-16,09:40:00,False,6818269.0,111
2025-09-17,09:40:00,False,6209779.0,111
2025-09-18,09:40:00,False,6101829.0,111
2025-09-19,09:40:00,False,7204317.0,111
2025-09-22,09:40:00,False,7241443.0,111
2025-09-23,09:40:00,False,7036128.0,111
2025-09-24,09:40:00,False,6275411.0,111
2025-09-25,09:40:00,False,6494431.0,111
2025-09-26,09:40:00,False,6540277.0,111
2025-09-29,09:40:00,False,6099029.0,111
2025-09-30,09:40:00,False,6607941.0,111
2025-10-09,09:40:00,False,6998804.0,111
2025-10-10,09:40:00,False,7771628.0,111
2025-10-13,09:40:00,False,7586846.0,111
2025-10-14,09:40:00,False,7861260.0,111
2025-10-15,09:40:00,True,8313256.0,17
2025-10-16,09:40:00,True,8197420.0,17
2025-10-17,09:40:00,True,7785523.0,17
2025-10-20,09:40:00,True,7040777.0,17
2025-10-21,09:40:00,True,6633757.0,17
2025-10-22,09:40:00,True,6791460.0,17
2025-10-23,09:40:00,True,6270288.0,17
2025-10-24,09:40:00,True,6036575.0,17
2025-10-27,09:40:00,False,5794279.0,111
