date,dt_ths,code,mode_ths,shares_ths,minute_volume_ths,cap_shares_ths,participation_ths,splits_ths,target_value_ths,dt_jq,mode_jq,shares_jq,minute_volume_jq,cap_shares_jq,participation_jq,splits_jq,target_value_jq,_merge
2020-01-02,2020-01-02 13:40:00,512400,trend,1353800.0,452000.0,113000.0,0.25,5.0,997750.6,2020-01-02 13:40:00,trend,1353800.0,452000.0,113000.0,0.25,5.0,997750.6,both
2020-01-07,2020-01-07 13:11:00,512980,trend,1107900.0,363600.0,90900.0,0.25,5.0,1022591.7,2020-01-07 13:11:00,trend,1107300.0,363600.0,90900.0,0.25,5.0,1022037.9,both
2020-01-08,2020-01-08 14:40:00,512880,force,993600.0,3560700.0,890100.0,0.25,5.0,1017446.4,2020-01-08 14:40:00,force,993800.0,3560700.0,890100.0,0.25,5.0,1017651.2,both
2020-01-09,2020-01-09 13:40:00,512980,trend,1119100.0,129400.0,32300.0,0.25,5.0,1026214.7,2020-01-09 13:40:00,trend,1119100.0,129400.0,32300.0,0.25,5.0,1026214.7,both
2020-01-15,2020-01-15 14:10:00,512980,trend,1121500.0,66500.0,16600.0,0.25,5.0,1028415.5,2020-01-15 14:10:00,trend,1120500.0,66500.0,16600.0,0.25,5.0,1027498.5,both
2020-01-16,2020-01-16 14:40:00,512400,force,1352600.0,100600.0,25100.0,0.25,5.0,1019860.4,2020-01-16 14:40:00,force,1351800.0,100600.0,25100.0,0.25,5.0,1019257.2,both
2020-01-20,2020-01-20 13:11:00,512480,trend,589200.0,296000.0,74000.0,0.25,5.0,1022851.2,2020-01-20 13:11:00,trend,589800.0,296000.0,74000.0,0.25,5.0,1023892.8,both
2020-01-21,2020-01-21 13:11:00,159915,trend,540500.0,1396200.0,349000.0,0.25,5.0,1024247.5,2020-01-21 13:11:00,trend,541000.0,1396200.0,349000.0,0.25,5.0,1025195.0,both
2020-01-22,2020-01-22 13:11:00,515050,trend,899700.0,2713000.0,678200.0,0.25,5.0,1027457.4,2020-01-22 13:11:00,trend,900100.0,2713000.0,678200.0,0.25,5.0,1027914.2,both
2020-01-23,2020-01-23 14:40:00,159949,force,1431500.0,3332000.0,833000.0,0.25,5.0,1002050.0,2020-01-23 14:40:00,force,1432200.0,3332000.0,833000.0,0.25,5.0,1002540.0,both
2020-02-03,2020-02-03 14:40:00,518880,force,268100.0,976600.0,244100.0,0.25,5.0,943712.0,2020-02-03 14:40:00,force,268600.0,976600.0,244100.0,0.25,5.0,945472.0,both
2020-02-06,2020-02-06 13:11:00,513100,trend,250400.0,45100.0,11200.0,0.25,5.0,921972.8,2020-02-06 13:11:00,trend,251000.0,45100.0,11200.0,0.25,5.0,924182.0,both
2020-02-13,2020-02-13 13:40:00,512170,trend,704600.0,163500.0,40800.0,0.25,5.0,1023079.2,2020-02-13 13:40:00,trend,706000.0,163500.0,40800.0,0.25,5.0,1025112.0,both
2020-02-20,2020-02-20 13:11:00,159949,trend,1298800.0,3333000.0,833200.0,0.25,5.0,1049430.4,2020-02-20 13:11:00,trend,1301500.0,3333000.0,833200.0,0.25,5.0,1051612.0,both
2020-02-24,2020-02-24 13:11:00,159915,trend,502800.0,1239400.0,309800.0,0.25,5.0,1089567.6,2020-02-24 13:11:00,trend,503700.0,1239400.0,309800.0,0.25,5.0,1091517.9,both
2020-02-27,2020-02-27 13:11:00,512670,trend,851500.0,50100.0,12500.0,0.25,5.0,1080553.5,2020-02-27 13:11:00,trend,852700.0,50100.0,12500.0,0.25,5.0,1082076.3,both
2020-03-06,2020-03-06 13:11:00,515050,trend,787900.0,2538400.0,634600.0,0.25,5.0,973056.5,2020-03-06 13:11:00,trend,789900.0,2538400.0,634600.0,0.25,5.0,975526.5,both
2020-03-09,2020-03-09 14:10:00,512170,trend,593800.0,18300.0,4500.0,0.25,5.0,941173.0,2020-03-09 14:10:00,trend,596000.0,18300.0,4500.0,0.25,5.0,944660.0,both
2020-03-16,2020-03-16 14:40:00,159985,force,960500.0,34000.0,8500.0,0.25,5.0,921119.5,2020-03-16 14:40:00,force,964700.0,34000.0,8500.0,0.25,5.0,925147.3,both
2020-04-03,2020-04-03 14:40:00,159985,force,960000.0,45000.0,11200.0,0.25,5.0,936960.0,2020-04-03 14:40:00,force,963900.0,45000.0,11200.0,0.25,5.0,940766.4,both
2020-04-14,2020-04-14 13:11:00,512010,trend,451800.0,139100.0,34700.0,0.25,5.0,938840.4,2020-04-14 13:11:00,trend,453700.0,139100.0,34700.0,0.25,5.0,942788.6,both
2020-04-21,2020-04-21 13:40:00,512170,trend,581700.0,47500.0,11800.0,0.25,5.0,926066.4,2020-04-21 13:40:00,trend,584100.0,47500.0,11800.0,0.25,5.0,929887.2,both
2020-04-27,2020-04-27 13:11:00,513100,trend,263100.0,114500.0,28600.0,0.25,5.0,934268.1,2020-04-27 13:11:00,trend,264600.0,114500.0,28600.0,0.25,5.0,939594.6,both
2020-04-30,2020-04-30 13:40:00,512690,trend,856100.0,6400.0,1600.0,0.25,5.0,1005917.5,2020-04-30 13:40:00,trend,861400.0,6400.0,1600.0,0.25,5.0,1012145.0,both
2020-05-18,2020-05-18 13:40:00,512480,trend,518600.0,140500.0,35100.0,0.25,5.0,1040830.2,2020-05-18 13:40:00,trend,521600.0,140500.0,35100.0,0.25,5.0,1046851.2,both
2020-05-19,2020-05-19 14:10:00,513100,trend,278200.0,47200.0,11800.0,0.25,5.0,1034069.4,2020-05-19 14:10:00,trend,280000.0,47200.0,11800.0,0.25,5.0,1040760.0,both
2020-05-20,2020-05-20 13:40:00,512690,trend,798700.0,218300.0,54500.0,0.25,5.0,1035913.9,2020-05-20 13:40:00,trend,803900.0,218300.0,54500.0,0.25,5.0,1042658.3,both
2020-05-21,2020-05-21 14:40:00,513100,force,280400.0,35100.0,8700.0,0.25,5.0,1042807.6,2020-05-21 14:40:00,force,282400.0,35100.0,8700.0,0.25,5.0,1050245.6,both
2020-05-22,2020-05-22 13:40:00,161226,trend,1277400.0,599500.0,149800.0,0.25,5.0,1016810.4,2020-05-22 13:40:00,trend,1286600.0,599500.0,149800.0,0.25,5.0,1024133.6,both
2020-06-02,2020-06-02 13:40:00,512690,trend,821400.0,65900.0,16400.0,0.25,5.0,1102318.8,2020-06-02 13:40:00,trend,827800.0,65900.0,16400.0,0.25,5.0,1110907.6,both
2020-06-03,2020-06-03 13:11:00,513030,trend,1070100.0,105900.0,26400.0,0.25,5.0,1091502.0,2020-06-03 13:11:00,trend,1079200.0,105900.0,26400.0,0.25,5.0,1100784.0,both
2020-06-04,2020-06-04 14:40:00,161226,force,1357800.0,162300.0,40500.0,0.25,5.0,1121542.8,2020-06-04 14:40:00,force,1371000.0,162300.0,40500.0,0.25,5.0,1132446.0,both
2020-06-08,2020-06-08 14:40:00,513520,force,1024500.0,900.0,200.0,0.25,5.0,1123876.5,2020-06-08 14:40:00,force,1034300.0,900.0,200.0,0.25,5.0,1134627.1,both
2020-06-15,2020-06-15 14:30:00,512690,trend,798400.0,450700.0,112600.0,0.25,5.0,1089816.0,2020-06-15 14:30:00,trend,806100.0,450700.0,112600.0,0.25,5.0,1100326.5,both
2020-06-16,2020-06-16 14:40:00,513030,force,1073500.0,410700.0,102600.0,0.25,5.0,1105705.0,2020-06-16 14:40:00,force,1084600.0,410700.0,102600.0,0.25,5.0,1117138.0,both
2020-06-19,2020-06-19 13:11:00,515030,trend,1131300.0,875100.0,218700.0,0.25,5.0,1106411.4,2020-06-19 13:11:00,trend,1143400.0,875100.0,218700.0,0.25,5.0,1118245.2,both
2020-06-23,2020-06-23 13:11:00,159949,trend,1214100.0,4504100.0,1126000.0,0.25,5.0,1113329.7,2020-06-23 13:11:00,trend,1227900.0,4504100.0,1126000.0,0.25,5.0,1125984.3,both
2020-06-29,2020-06-29 13:11:00,512010,trend,442400.0,92200.0,23000.0,0.25,5.0,1105557.6,2020-06-29 13:11:00,trend,447200.0,92200.0,23000.0,0.25,5.0,1117552.8,both
2020-06-30,2020-06-30 13:11:00,159967,trend,636100.0,22600.0,5600.0,0.25,5.0,1124624.8,2020-06-30 13:11:00,trend,642800.0,22600.0,5600.0,0.25,5.0,1136470.4,both
2020-07-02,2020-07-02 14:10:00,159915,trend,467100.0,1368800.0,342200.0,0.25,5.0,1090211.4,2020-07-02 14:10:00,trend,472000.0,1368800.0,342200.0,0.25,5.0,1101648.0,both
2020-07-03,2020-07-03 13:40:00,515050,trend,861700.0,1539300.0,384800.0,0.25,5.0,1106422.8,2020-07-03 13:40:00,trend,870600.0,1539300.0,384800.0,0.25,5.0,1117850.4,both
2020-07-06,2020-07-06 13:11:00,512690,trend,733300.0,220600.0,55100.0,0.25,5.0,1179879.7,2020-07-06 13:11:00,trend,740300.0,220600.0,55100.0,0.25,5.0,1191142.7,both
2020-07-07,2020-07-07 13:40:00,159928,trend,297600.0,68600.0,17100.0,0.25,5.0,1240694.4,2020-07-07 13:40:00,trend,300500.0,68600.0,17100.0,0.25,5.0,1252784.5,both
2020-07-08,2020-07-08 13:11:00,515030,trend,1103700.0,1854000.0,463500.0,0.25,5.0,1230625.5,2020-07-08 13:11:00,trend,1114600.0,1854000.0,463500.0,0.25,5.0,1242779.0,both
2020-07-09,2020-07-09 13:11:00,512710,trend,900900.0,310300.0,77500.0,0.25,5.0,1256755.5,2020-07-09 13:11:00,trend,909700.0,310300.0,77500.0,0.25,5.0,1269031.5,both
2020-07-14,2020-07-14 14:30:00,510880,trend,451400.0,26100.0,6500.0,0.25,5.0,1238190.2,2020-07-14 14:30:00,trend,457200.0,26100.0,6500.0,0.25,5.0,1254099.6,both
2020-07-17,2020-07-17 13:40:00,161226,trend,1388200.0,11600.0,2900.0,0.25,5.0,1200793.0,,,,,,,,,left_only
2020-07-20,,161226,,,,,,,,2020-07-20 13:40:00,trend,1383800.0,21300.0,5300.0,0.25,5.0,1213592.6,right_only
2020-07-23,2020-07-23 13:11:00,513090,trend,1036800.0,837600.0,209400.0,0.25,5.0,1373760.0,2020-07-23 13:11:00,trend,1033800.0,837600.0,209400.0,0.25,5.0,1369785.0,both
2020-07-24,2020-07-24 14:30:00,161226,trend,1342300.0,735300.0,183800.0,0.25,5.0,1326192.4,2020-07-24 14:30:00,trend,1339900.0,735300.0,183800.0,0.25,5.0,1323821.2,both
2020-07-27,2020-07-27 13:40:00,513030,trend,1274400.0,225800.0,56400.0,0.25,5.0,1401840.0,2020-07-27 13:40:00,trend,1274400.0,225800.0,56400.0,0.25,5.0,1401840.0,both
2020-07-29,2020-07-29 14:30:00,159980,trend,1340000.0,234400.0,58600.0,0.25,5.0,1401640.0,2020-07-29 14:30:00,trend,1340200.0,234400.0,58600.0,0.25,5.0,1401849.2,both
2020-07-30,2020-07-30 13:40:00,512010,trend,470600.0,81100.0,20200.0,0.25,5.0,1410388.2,2020-07-30 13:40:00,trend,470600.0,81100.0,20200.0,0.25,5.0,1410388.2,both
2020-08-10,2020-08-10 13:11:00,159992,trend,887800.0,82900.0,20700.0,0.25,5.0,1357446.2,2020-08-10 13:11:00,trend,888000.0,82900.0,20700.0,0.25,5.0,1357752.0,both
2020-08-12,2020-08-12 14:10:00,513500,trend,586500.0,43500.0,10800.0,0.25,5.0,1277397.0,2020-08-12 14:10:00,trend,585500.0,43500.0,10800.0,0.25,5.0,1275219.0,both
2020-08-20,2020-08-20 13:40:00,513100,trend,313800.0,2000.0,500.0,0.25,5.0,1284069.6,2020-08-20 13:40:00,trend,313300.0,2000.0,500.0,0.25,5.0,1282023.6,both
2020-08-28,2020-08-28 14:40:00,513500,force,599400.0,11200.0,2800.0,0.25,5.0,1379818.8,2020-08-28 14:40:00,force,661700.0,11200.0,2800.0,0.25,5.0,1523233.4,both
2020-08-31,2020-08-31 13:11:00,512690,trend,688600.0,182500.0,45600.0,0.25,5.0,1395103.6,2020-08-31 13:11:00,trend,760100.0,182500.0,45600.0,0.25,5.0,1539962.6,both
2020-09-01,2020-09-01 13:40:00,159928,trend,277200.0,68000.0,17000.0,0.25,5.0,1338876.0,2020-09-01 13:40:00,trend,306000.0,68000.0,17000.0,0.25,5.0,1477980.0,both
2020-09-02,2020-09-02 13:11:00,512690,trend,693100.0,77900.0,19400.0,0.25,5.0,1355703.6,2020-09-02 13:11:00,trend,764900.0,77900.0,19400.0,0.25,5.0,1496144.4,both
2020-09-09,2020-09-09 13:40:00,159985,trend,1264000.0,158900.0,39700.0,0.25,5.0,1317088.0,2020-09-09 13:40:00,trend,1394700.0,158900.0,39700.0,0.25,5.0,1453277.4,both
2020-09-15,2020-09-15 13:11:00,513100,trend,287700.0,293700.0,73400.0,0.25,5.0,1374630.6,2020-09-15 13:11:00,trend,317200.0,293700.0,73400.0,0.25,5.0,1515581.6,both
2020-09-17,2020-09-17 13:40:00,159985,trend,1243300.0,32500.0,8100.0,0.25,5.0,1339034.1,2020-09-17 13:40:00,trend,1371100.0,32500.0,8100.0,0.25,5.0,1476674.7,both
2020-10-09,2020-10-09 14:10:00,159985,trend,1168500.0,98600.0,24600.0,0.25,5.0,1330921.5,2020-10-09 14:10:00,trend,1288900.0,98600.0,24600.0,0.25,5.0,1468057.1,both
2020-10-15,2020-10-15 13:40:00,515030,trend,1081300.0,609300.0,152300.0,0.25,5.0,1322429.9,2020-10-15 13:40:00,trend,1190100.0,609300.0,152300.0,0.25,5.0,1455492.3,both
2020-10-16,2020-10-16 13:40:00,515030,trend,1079100.0,317800.0,79400.0,0.25,5.0,1273338.0,2020-10-16 13:40:00,trend,1187100.0,317800.0,79400.0,0.25,5.0,1400778.0,both
2020-10-23,2020-10-23 14:40:00,159985,force,1135700.0,20300.0,5000.0,0.25,5.0,1287883.8,2020-10-23 14:40:00,force,1249600.0,20300.0,5000.0,0.25,5.0,1417046.4,both
2020-10-30,2020-10-30 13:11:00,515030,trend,1006500.0,601400.0,150300.0,0.25,5.0,1285300.5,2020-10-30 13:11:00,trend,1109700.0,601400.0,150300.0,0.25,5.0,1417086.9,both
2020-11-04,2020-11-04 13:40:00,515030,trend,991200.0,993100.0,248200.0,0.25,5.0,1286577.6,2020-11-04 13:40:00,trend,1092800.0,993100.0,248200.0,0.25,5.0,1418454.4,both
2020-11-05,2020-11-05 13:11:00,512690,trend,638400.0,72400.0,18100.0,0.25,5.0,1365537.6,2020-11-05 13:11:00,trend,704000.0,72400.0,18100.0,0.25,5.0,1505856.0,both
2020-11-06,2020-11-06 13:40:00,512690,trend,635900.0,103300.0,25800.0,0.25,5.0,1324579.7,2020-11-06 13:40:00,trend,701000.0,103300.0,25800.0,0.25,5.0,1460183.0,both
2020-11-13,2020-11-13 14:30:00,512400,trend,1561800.0,177000.0,44200.0,0.25,5.0,1371260.4,2020-11-13 14:30:00,trend,1721800.0,177000.0,44200.0,0.25,5.0,1511740.4,both
2020-11-16,2020-11-16 13:11:00,513520,trend,1203700.0,199600.0,49900.0,0.25,5.0,1439625.2,2020-11-16 13:11:00,trend,1327400.0,199600.0,49900.0,0.25,5.0,1587570.4,both
2020-11-23,2020-11-23 14:30:00,512690,trend,632700.0,105000.0,26200.0,0.25,5.0,1436861.7,2020-11-23 14:30:00,trend,697800.0,105000.0,26200.0,0.25,5.0,1584703.8,both
2020-11-25,2020-11-25 14:10:00,515220,trend,1068100.0,22300.0,5500.0,0.25,5.0,1391734.3,2020-11-25 14:10:00,trend,1178800.0,22300.0,5500.0,0.25,5.0,1535976.4,both
2020-12-02,2020-12-02 14:10:00,515220,trend,1057300.0,334800.0,83700.0,0.25,5.0,1393521.4,2020-12-02 14:10:00,trend,1166500.0,334800.0,83700.0,0.25,5.0,1537447.0,both
2020-12-14,2020-12-14 13:11:00,501018,trend,2536400.0,1000.0,200.0,0.25,5.0,1422920.4,,,,,,,,,left_only
2020-12-18,2020-12-18 13:11:00,159981,trend,1406400.0,30200.0,7500.0,0.25,5.0,1454217.6,2020-12-18 13:11:00,trend,1523200.0,30200.0,7500.0,0.25,5.0,1574988.8,both
2020-12-22,2020-12-22 13:11:00,512690,trend,557100.0,399900.0,99900.0,0.25,5.0,1455145.2,2020-12-22 13:11:00,trend,603400.0,399900.0,99900.0,0.25,5.0,1576080.8,both
2020-12-23,2020-12-23 13:11:00,159967,trend,2344500.0,506300.0,126500.0,0.25,5.0,1458279.0,2020-12-23 13:11:00,trend,2539400.0,506300.0,126500.0,0.25,5.0,1579506.8,both
2020-12-24,2020-12-24 14:30:00,512690,trend,580600.0,297700.0,74400.0,0.25,5.0,1443371.6,2020-12-24 14:30:00,trend,629500.0,297700.0,74400.0,0.25,5.0,1564937.0,both
2020-12-25,2020-12-25 13:11:00,515030,trend,898500.0,2501000.0,625200.0,0.25,5.0,1449280.5,2020-12-25 13:11:00,trend,975500.0,2501000.0,625200.0,0.25,5.0,1573481.5,both
2020-12-28,2020-12-28 13:11:00,512690,trend,566800.0,123800.0,30900.0,0.25,5.0,1465178.0,2020-12-28 13:11:00,trend,615200.0,123800.0,30900.0,0.25,5.0,1590292.0,both
2020-12-29,2020-12-29 13:40:00,512010,trend,497000.0,6900.0,1700.0,0.25,5.0,1455713.0,2020-12-29 13:40:00,trend,539600.0,6900.0,1700.0,0.25,5.0,1580488.4,both
2020-12-30,2020-12-30 13:11:00,159967,trend,2326100.0,129800.0,32400.0,0.25,5.0,1472421.3,2020-12-30 13:11:00,trend,2525900.0,129800.0,32400.0,0.25,5.0,1598894.7,both
2021-01-04,2021-01-04 13:11:00,512670,trend,709000.0,116100.0,29000.0,0.25,5.0,1569726.0,2021-01-04 13:11:00,trend,771300.0,116100.0,29000.0,0.25,5.0,1707658.2,both
2021-01-05,2021-01-05 13:11:00,512660,trend,1154500.0,2782600.0,695600.0,0.25,5.0,1587437.5,2021-01-05 13:11:00,trend,1256700.0,2782600.0,695600.0,0.25,5.0,1727962.5,both
2021-01-06,2021-01-06 13:40:00,159949,trend,1244600.0,1025700.0,256400.0,0.25,5.0,1620469.2,2021-01-06 13:40:00,trend,1355300.0,1025700.0,256400.0,0.25,5.0,1764600.6,both
2021-01-08,2021-01-08 14:30:00,512010,trend,521600.0,28800.0,7200.0,0.25,5.0,1648777.6,2021-01-08 14:30:00,trend,568000.0,28800.0,7200.0,0.25,5.0,1795448.0,both
2021-01-11,2021-01-11 14:30:00,159928,trend,298700.0,741300.0,185300.0,0.25,5.0,1636876.0,2021-01-11 14:30:00,trend,325400.0,741300.0,185300.0,0.25,5.0,1783192.0,both
2021-01-12,2021-01-12 13:11:00,159985,trend,1252500.0,42300.0,10500.0,0.25,5.0,1654552.5,2021-01-12 13:11:00,trend,1364400.0,42300.0,10500.0,0.25,5.0,1802372.4,both
2021-01-13,2021-01-13 14:10:00,159915,trend,574200.0,178900.0,44700.0,0.25,5.0,1731787.2,2021-01-13 14:10:00,trend,626400.0,178900.0,44700.0,0.25,5.0,1889222.4,both
2021-01-15,2021-01-15 13:40:00,512400,trend,1603900.0,595800.0,148900.0,0.25,5.0,1679283.3,2021-01-15 13:40:00,trend,1749100.0,595800.0,148900.0,0.25,5.0,1831307.7,both
2021-01-18,2021-01-18 14:10:00,501018,trend,2816100.0,53100.0,13200.0,0.25,5.0,1717821.0,2021-01-18 14:10:00,trend,3071900.0,53100.0,13200.0,0.25,5.0,1873859.0,both
2021-01-19,2021-01-19 14:40:00,159949,force,1319100.0,2993200.0,748300.0,0.25,5.0,1724063.7,2021-01-19 14:40:00,force,1436200.0,2993200.0,748300.0,0.25,5.0,1877113.4,both
2021-01-20,2021-01-20 13:11:00,501018,trend,2875100.0,38000.0,9500.0,0.25,5.0,1782562.0,2021-01-20 13:11:00,trend,3127900.0,38000.0,9500.0,0.25,5.0,1939298.0,both
2021-01-22,2021-01-22 13:11:00,159915,trend,548100.0,1635900.0,408900.0,0.25,5.0,1757756.7,2021-01-22 13:11:00,trend,596000.0,1635900.0,408900.0,0.25,5.0,1911372.0,both
2021-01-25,2021-01-25 13:11:00,512170,trend,643200.0,143400.0,35800.0,0.25,5.0,1811251.2,2021-01-25 13:11:00,trend,699500.0,143400.0,35800.0,0.25,5.0,1969792.0,both
2021-01-26,2021-01-26 14:10:00,159995,trend,1275600.0,590400.0,147600.0,0.25,5.0,1736091.6,2021-01-26 14:10:00,trend,1389600.0,590400.0,147600.0,0.25,5.0,1891245.6,both
2021-02-02,2021-02-02 14:10:00,501018,trend,2643800.0,32800.0,8200.0,0.25,5.0,1657662.6,2021-02-02 14:10:00,trend,2880300.0,32800.0,8200.0,0.25,5.0,1805948.1,both
2021-02-09,2021-02-09 13:40:00,512800,trend,1371800.0,643500.0,160800.0,0.25,5.0,1755904.0,2021-02-09 13:40:00,trend,1495100.0,643500.0,160800.0,0.25,5.0,1913728.0,both
2021-02-19,2021-02-19 13:11:00,159825,trend,1479800.0,1374739.0,343600.0,0.25,5.0,1781679.2,2021-02-19 13:11:00,trend,1612300.0,1374739.0,343600.0,0.25,5.0,1941209.2,both
2021-02-24,2021-02-24 13:11:00,501018,trend,2462400.0,39667.0,9900.0,0.25,5.0,1718755.2,2021-02-24 13:11:00,trend,2684000.0,39667.0,9900.0,0.25,5.0,1873432.0,both
2021-02-26,2021-02-26 14:10:00,159980,trend,1322400.0,50500.0,12600.0,0.25,5.0,1752180.0,2021-02-26 14:10:00,trend,1442700.0,50500.0,12600.0,0.25,5.0,1911577.5,both
2021-03-05,2021-03-05 14:10:00,501018,trend,2264600.0,170000.0,42500.0,0.25,5.0,1648628.8,2021-03-05 14:10:00,trend,2471000.0,170000.0,42500.0,0.25,5.0,1798888.0,both
2021-03-09,2021-03-09 13:11:00,513030,trend,1481100.0,2600.0,600.0,0.25,5.0,1722519.3,2021-03-09 13:11:00,trend,1616600.0,2600.0,600.0,0.25,5.0,1880105.8,both
2021-03-10,2021-03-10 14:40:00,501018,force,2380000.0,277891.0,69400.0,0.25,5.0,1732640.0,2021-03-10 14:40:00,force,2598100.0,277891.0,69400.0,0.25,5.0,1891416.8,both
2021-03-18,2021-03-18 14:10:00,513030,trend,1488800.0,29900.0,7400.0,0.25,5.0,1767205.6,2021-03-18 14:10:00,trend,1624500.0,29900.0,7400.0,0.25,5.0,1928281.5,both
2021-03-19,2021-03-19 14:40:00,515210,force,1190300.0,2200.0,500.0,0.25,5.0,1766405.2,2021-03-19 14:40:00,force,1298900.0,2200.0,500.0,0.25,5.0,1927567.6,both
2021-04-06,2021-04-06 14:10:00,513500,trend,725900.0,197000.0,49200.0,0.25,5.0,1832171.6,2021-04-06 14:10:00,trend,800100.0,197000.0,49200.0,0.25,5.0,2019452.4,both
2021-04-08,2021-04-08 13:40:00,513090,trend,1446700.0,96200.0,24000.0,0.25,5.0,1840202.4,2021-04-08 13:40:00,trend,1594000.0,96200.0,24000.0,0.25,5.0,2027568.0,both
2021-04-12,2021-04-12 13:40:00,513100,trend,390600.0,2500.0,600.0,0.25,5.0,1808868.6,2021-04-12 13:40:00,trend,430200.0,2500.0,600.0,0.25,5.0,1992256.2,both
2021-04-20,2021-04-20 13:11:00,512480,trend,1888200.0,168400.0,42100.0,0.25,5.0,1810783.8,,,,,,,,,left_only
2021-04-20,,512690,,,,,,,,2021-04-20 13:11:00,trend,765100.0,524300.0,131000.0,0.25,5.0,1994615.7,right_only
2021-04-21,2021-04-21 14:10:00,512690,trend,688300.0,170800.0,42700.0,0.25,5.0,1797839.6,,,,,,,,,left_only
2021-04-28,2021-04-28 13:11:00,159967,trend,2624900.0,121300.0,30300.0,0.25,5.0,1834805.1,2021-04-28 13:11:00,trend,2914800.0,121300.0,30300.0,0.25,5.0,2037445.2,both
2021-05-07,2021-05-07 14:40:00,159980,force,1268600.0,531600.0,132900.0,0.25,5.0,1779845.8,2021-05-07 14:40:00,force,1407900.0,531600.0,132900.0,0.25,5.0,1975283.7,both
2021-05-17,2021-05-17 14:30:00,159992,trend,1112300.0,237800.0,59400.0,0.25,5.0,1769669.3,2021-05-17 14:30:00,trend,1234800.0,237800.0,59400.0,0.25,5.0,1964566.8,both
2021-05-19,2021-05-19 13:11:00,515120,trend,1496400.0,4400.0,1100.0,0.25,5.0,1729838.4,2021-05-19 13:11:00,trend,1661600.0,4400.0,1100.0,0.25,5.0,1920809.6,both
2021-05-25,2021-05-25 13:40:00,512010,trend,512900.0,127300.0,31800.0,0.25,5.0,1678208.8,2021-05-25 13:40:00,trend,569100.0,127300.0,31800.0,0.25,5.0,1862095.2,both
2021-05-26,2021-05-26 13:11:00,512690,trend,1153100.0,598700.0,149600.0,0.25,5.0,1684679.1,,,,,,,,,left_only
2021-05-27,,512170,,,,,,,,2021-05-27 13:40:00,trend,2072400.0,857900.0,214400.0,0.25,5.0,1873449.6,right_only
2021-05-28,,159949,,,,,,,,2021-05-28 13:11:00,trend,1311700.0,1366500.0,341600.0,0.25,5.0,1873107.6,right_only
2021-05-31,,515030,,,,,,,,2021-05-31 13:11:00,trend,1000900.0,162700.0,40600.0,0.25,5.0,1880691.1,right_only
2021-06-01,2021-06-01 14:10:00,515030,trend,916600.0,172400.0,43100.0,0.25,5.0,1706709.2,,,,,,,,,left_only
2021-06-03,,512670,,,,,,,,2021-06-03 14:40:00,force,1079100.0,151400.0,37800.0,0.25,5.0,1883029.5,right_only
2021-06-03,2021-06-03 14:40:00,512690,force,1154700.0,2241100.0,560200.0,0.25,5.0,1722812.4,,,,,,,,,left_only
2021-06-07,2021-06-07 13:11:00,512690,trend,1145200.0,628600.0,157100.0,0.25,5.0,1753301.2,2021-06-07 13:11:00,trend,1246200.0,628600.0,157100.0,0.25,5.0,1907932.2,both
2021-06-08,2021-06-08 13:11:00,501018,trend,2151300.0,30800.0,7700.0,0.25,5.0,1675862.7,2021-06-08 13:11:00,trend,2341000.0,30800.0,7700.0,0.25,5.0,1823639.0,both
2021-06-11,2021-06-11 14:10:00,159995,trend,1273500.0,1152600.0,288100.0,0.25,5.0,1707763.5,2021-06-11 14:10:00,trend,1384400.0,1152600.0,288100.0,0.25,5.0,1856480.4,both
2021-06-15,,501018,,,,,,,,2021-06-15 13:11:00,trend,2335400.0,6200.0,1500.0,0.25,5.0,1877661.6,right_only
2021-06-24,2021-06-24 14:10:00,159851,trend,1426100.0,400.0,100.0,0.25,5.0,1741268.1,2021-06-24 14:10:00,trend,1590900.0,400.0,100.0,0.25,5.0,1942488.9,both
2021-06-25,2021-06-25 14:10:00,501018,trend,2105700.0,7600.0,1900.0,0.25,5.0,1758259.5,2021-06-25 14:10:00,trend,2350600.0,7600.0,1900.0,0.25,5.0,1962751.0,both
2021-06-28,2021-06-28 14:30:00,588080,trend,1103700.0,618204.0,154500.0,0.25,5.0,1764816.3,2021-06-28 14:30:00,trend,1233400.0,618204.0,154500.0,0.25,5.0,1972206.6,both
2021-07-01,2021-07-01 13:11:00,515030,trend,836100.0,97900.0,24400.0,0.25,5.0,1753301.7,,,,,,,,,left_only
2021-07-01,,516160,,,,,,,,2021-07-01 13:11:00,trend,1766000.0,78900.0,19700.0,0.25,5.0,1958494.0,right_only
2021-07-05,2021-07-05 13:40:00,501018,trend,2077200.0,8000.0,2000.0,0.25,5.0,1761465.6,2021-07-05 13:40:00,trend,2290300.0,8000.0,2000.0,0.25,5.0,1942174.4,both
2021-07-07,2021-07-07 14:10:00,513100,trend,354700.0,18000.0,4500.0,0.25,5.0,1745124.0,2021-07-07 14:10:00,trend,390500.0,18000.0,4500.0,0.25,5.0,1921260.0,both
2021-07-13,2021-07-13 13:40:00,159967,trend,2084600.0,1250700.0,312600.0,0.25,5.0,1753148.6,2021-07-13 13:40:00,trend,2295300.0,1250700.0,312600.0,0.25,5.0,1930347.3,both
2021-07-16,2021-07-16 13:11:00,159870,trend,1610500.0,206798.0,51600.0,0.25,5.0,1752224.0,2021-07-16 13:11:00,trend,1776400.0,206798.0,51600.0,0.25,5.0,1932723.2,both
2021-07-19,2021-07-19 13:40:00,159985,trend,1278900.0,3700.0,900.0,0.25,5.0,1700937.0,2021-07-19 13:40:00,trend,1409400.0,3700.0,900.0,0.25,5.0,1874502.0,both
2021-07-22,2021-07-22 13:11:00,159870,trend,1553700.0,1231788.0,307900.0,0.25,5.0,1681103.4,2021-07-22 13:11:00,trend,1694100.0,1231788.0,307900.0,0.25,5.0,1833016.2,both
2021-07-23,2021-07-23 14:40:00,515210,force,928500.0,438600.0,109600.0,0.25,5.0,1676871.0,2021-07-23 14:40:00,force,1011400.0,438600.0,109600.0,0.25,5.0,1826588.4,both
2021-07-26,2021-07-26 14:10:00,159980,trend,1170100.0,300800.0,75200.0,0.25,5.0,1647500.8,2021-07-26 14:10:00,trend,1274200.0,300800.0,75200.0,0.25,5.0,1794073.6,both
2021-08-03,2021-08-03 14:40:00,512670,force,797500.0,155900.0,38900.0,0.25,5.0,1641255.0,2021-08-03 14:40:00,force,868000.0,155900.0,38900.0,0.25,5.0,1786344.0,both
2021-08-09,2021-08-09 14:30:00,512660,trend,1317300.0,4276400.0,1069100.0,0.25,5.0,1755960.9,2021-08-09 14:30:00,trend,1435800.0,4276400.0,1069100.0,0.25,5.0,1913921.4,both
2021-08-10,2021-08-10 13:11:00,159995,trend,1087500.0,1917400.0,479300.0,0.25,5.0,1856362.5,2021-08-10 13:11:00,trend,1185200.0,1917400.0,479300.0,0.25,5.0,2023136.4,both
2021-08-12,2021-08-12 13:40:00,515220,trend,971700.0,14200.0,3500.0,0.25,5.0,1875381.0,2021-08-12 13:40:00,trend,1058900.0,14200.0,3500.0,0.25,5.0,2043677.0,both
2021-08-16,2021-08-16 13:11:00,513500,trend,693600.0,7900.0,1900.0,0.25,5.0,1893528.0,2021-08-16 13:11:00,trend,755400.0,7900.0,1900.0,0.25,5.0,2062242.0,both
2021-08-23,2021-08-23 13:11:00,513500,trend,683800.0,2900.0,700.0,0.25,5.0,1868825.4,2021-08-23 13:11:00,trend,744700.0,2900.0,700.0,0.25,5.0,2035265.1,both
2021-08-25,2021-08-25 13:11:00,515220,trend,955600.0,341700.0,85400.0,0.25,5.0,1876798.4,2021-08-25 13:11:00,trend,1040600.0,341700.0,85400.0,0.25,5.0,2043738.4,both
2021-08-27,2021-08-27 14:30:00,513500,trend,722700.0,1300.0,300.0,0.25,5.0,1981643.4,2021-08-27 14:30:00,trend,787000.0,1300.0,300.0,0.25,5.0,2157954.0,both
2021-08-31,2021-08-31 13:40:00,512400,trend,1222400.0,446700.0,111600.0,0.25,5.0,2005958.4,,,,,,,,,left_only
2021-08-31,,516150,,,,,,,,2021-08-31 13:40:00,trend,1332900.0,556200.0,139000.0,0.25,5.0,2184623.1,right_only
2021-09-01,2021-09-01 13:40:00,513100,trend,371200.0,46000.0,11500.0,0.25,5.0,1927641.6,2021-09-01 13:40:00,trend,417700.0,46000.0,11500.0,0.25,5.0,2169116.1,both
2021-09-07,2021-09-07 13:40:00,510880,trend,589800.0,499600.0,124900.0,0.25,5.0,1926876.6,2021-09-07 13:40:00,trend,663900.0,499600.0,124900.0,0.25,5.0,2168961.3,both
2021-09-09,2021-09-09 13:11:00,512890,trend,1158500.0,500.0,100.0,0.25,5.0,2004205.0,2021-09-09 13:11:00,trend,1304200.0,500.0,100.0,0.25,5.0,2256266.0,both
2021-09-10,,516150,,,,,,,,2021-09-10 13:11:00,trend,1330300.0,44700.0,11100.0,0.25,5.0,2258849.4,right_only
2021-09-13,2021-09-13 13:11:00,512400,trend,1201800.0,509700.0,127400.0,0.25,5.0,2039454.6,2021-09-13 13:11:00,trend,1347500.0,509700.0,127400.0,0.25,5.0,2286707.5,both
2021-09-15,2021-09-15 14:40:00,159869,force,2150500.0,4200.0,1000.0,0.25,5.0,2021470.0,2021-09-15 14:40:00,force,2387800.0,4200.0,1000.0,0.25,5.0,2244532.0,both
2021-09-22,2021-09-22 13:11:00,501018,trend,2364800.0,10600.0,2600.0,0.25,5.0,1986432.0,2021-09-22 13:11:00,trend,2613700.0,10600.0,2600.0,0.25,5.0,2195508.0,both
2021-10-18,2021-10-18 13:11:00,159865,trend,2886300.0,210600.0,52600.0,0.25,5.0,2285949.6,2021-10-18 13:11:00,trend,3193500.0,210600.0,52600.0,0.25,5.0,2529252.0,both
2021-10-21,2021-10-21 13:40:00,159928,trend,2041000.0,86100.0,21500.0,0.25,5.0,2338986.0,2021-10-21 13:40:00,trend,2263800.0,86100.0,21500.0,0.25,5.0,2594314.8,both
2021-10-22,2021-10-22 13:11:00,501018,trend,2545800.0,21100.0,5200.0,0.25,5.0,2398143.6,2021-10-22 13:11:00,trend,2823500.0,21100.0,5200.0,0.25,5.0,2659737.0,both
2021-10-29,2021-10-29 14:40:00,513500,force,864400.0,22000.0,5500.0,0.25,5.0,2385744.0,2021-10-29 14:40:00,force,959400.0,22000.0,5500.0,0.25,5.0,2647944.0,both
2021-11-01,2021-11-01 13:11:00,515790,trend,1273400.0,810300.0,202500.0,0.25,5.0,2401632.4,2021-11-01 13:11:00,trend,1420800.0,810300.0,202500.0,0.25,5.0,2679628.8,both
2021-11-02,2021-11-02 14:30:00,515790,trend,1282000.0,1066100.0,266500.0,0.25,5.0,2326830.0,2021-11-02 14:30:00,trend,1430500.0,1066100.0,266500.0,0.25,5.0,2596357.5,both
2021-11-03,2021-11-03 14:10:00,516520,trend,2032100.0,14000.0,3500.0,0.25,5.0,2277984.1,2021-11-03 14:10:00,trend,2267300.0,14000.0,3500.0,0.25,5.0,2541643.3,both
2021-11-10,2021-11-10 13:11:00,512670,trend,2038000.0,226100.0,56500.0,0.25,5.0,2323320.0,2021-11-10 13:11:00,trend,2275400.0,226100.0,56500.0,0.25,5.0,2593956.0,both
2021-11-15,2021-11-15 13:11:00,512660,trend,1654200.0,1834200.0,458500.0,0.25,5.0,2365506.0,2021-11-15 13:11:00,trend,1854600.0,1834200.0,458500.0,0.25,5.0,2652078.0,both
2021-11-17,2021-11-17 13:40:00,512980,trend,2877300.0,47400.0,11800.0,0.25,5.0,2293208.1,2021-11-17 13:40:00,trend,3227000.0,47400.0,11800.0,0.25,5.0,2571919.0,both
2021-11-18,2021-11-18 14:40:00,515880,force,2040100.0,344600.0,86100.0,0.25,5.0,2219628.8,2021-11-18 14:40:00,force,2292400.0,344600.0,86100.0,0.25,5.0,2494131.2,both
2021-11-19,2021-11-19 14:40:00,513100,force,410600.0,53900.0,13400.0,0.25,5.0,2230789.8,2021-11-19 14:40:00,force,461400.0,53900.0,13400.0,0.25,5.0,2506786.2,both
2021-11-22,2021-11-22 13:11:00,512670,trend,1885300.0,137200.0,34300.0,0.25,5.0,2235965.8,2021-11-22 13:11:00,trend,2118600.0,137200.0,34300.0,0.25,5.0,2512659.6,both
2021-11-23,2021-11-23 14:10:00,159869,trend,2174100.0,8600.0,2100.0,0.25,5.0,2237148.9,2021-11-23 14:10:00,trend,2445100.0,8600.0,2100.0,0.25,5.0,2516007.9,both
2021-11-25,2021-11-25 13:40:00,515880,trend,1999000.0,125000.0,31200.0,0.25,5.0,2226886.0,2021-11-25 13:40:00,trend,2246200.0,125000.0,31200.0,0.25,5.0,2502266.8,both
2021-11-30,,516150,,,,,,,,2021-11-30 14:40:00,force,1508400.0,18400.0,4600.0,0.25,5.0,2484334.8,right_only
2021-12-01,2021-12-01 13:11:00,562800,trend,2214100.0,571300.0,142800.0,0.25,5.0,2189744.9,,,,,,,,,left_only
2021-12-02,,562800,,,,,,,,2021-12-02 13:11:00,trend,2507800.0,270000.0,67500.0,0.25,5.0,2467675.2,right_only
2021-12-03,2021-12-03 13:11:00,159985,trend,1864600.0,1600.0,400.0,0.25,5.0,2207686.4,2021-12-03 13:11:00,trend,2112500.0,1600.0,400.0,0.25,5.0,2501200.0,both
2021-12-06,2021-12-06 13:40:00,562800,trend,2221100.0,208000.0,52000.0,0.25,5.0,2207773.4,2021-12-06 13:40:00,trend,2515400.0,208000.0,52000.0,0.25,5.0,2500307.6,both
2021-12-08,2021-12-08 13:11:00,159980,trend,1450600.0,5600.0,1400.0,0.25,5.0,2099018.2,2021-12-08 13:11:00,trend,1641000.0,5600.0,1400.0,0.25,5.0,2374527.0,both
2021-12-09,,516150,,,,,,,,2021-12-09 13:40:00,trend,1469100.0,111400.0,27800.0,0.25,5.0,2382880.2,right_only
2021-12-10,2021-12-10 13:11:00,512690,trend,1538600.0,345300.0,86300.0,0.25,5.0,2143269.8,,,,,,,,,left_only
2021-12-13,,512690,,,,,,,,2021-12-13 14:40:00,force,1700300.0,1338000.0,334500.0,0.25,5.0,2383820.6,right_only
2021-12-16,,512690,,,,,,,,2021-12-16 13:11:00,trend,1699600.0,717800.0,179400.0,0.25,5.0,2308056.8,right_only
2021-12-17,2021-12-17 14:30:00,512690,trend,1540800.0,579800.0,144900.0,0.25,5.0,2066212.8,,,,,,,,,left_only
2021-12-29,2021-12-29 14:40:00,512980,force,2622600.0,499100.0,124700.0,0.25,5.0,2105947.8,2021-12-29 14:40:00,force,2907100.0,499100.0,124700.0,0.25,5.0,2334401.3,both
2021-12-30,2021-12-30 14:10:00,159985,trend,1774700.0,8500.0,2100.0,0.25,5.0,2198853.3,2021-12-30 14:10:00,trend,1965100.0,8500.0,2100.0,0.25,5.0,2434758.9,both
2021-12-31,2021-12-31 13:40:00,513500,trend,753000.0,75800.0,18900.0,0.25,5.0,2166381.0,2021-12-31 13:40:00,trend,833500.0,75800.0,18900.0,0.25,5.0,2397979.5,both
2022-01-04,2022-01-04 13:11:00,512980,trend,2473900.0,635200.0,158800.0,0.25,5.0,2181979.8,2022-01-04 13:11:00,trend,2735600.0,635200.0,158800.0,0.25,5.0,2412799.2,both
2022-01-05,2022-01-05 13:40:00,159985,trend,1729400.0,24500.0,6100.0,0.25,5.0,2177314.6,2022-01-05 13:40:00,trend,1913000.0,24500.0,6100.0,0.25,5.0,2408467.0,both
2022-01-06,2022-01-06 14:10:00,501018,trend,2374100.0,200000.0,50000.0,0.25,5.0,2136690.0,2022-01-06 14:10:00,trend,2629300.0,200000.0,50000.0,0.25,5.0,2366370.0,both
2022-01-25,2022-01-25 13:11:00,518880,trend,619900.0,243400.0,60800.0,0.25,5.0,2276272.8,2022-01-25 13:11:00,trend,686400.0,243400.0,60800.0,0.25,5.0,2520460.8,both
2022-01-26,,501018,,,,,,,,2022-01-26 13:11:00,trend,2607000.0,1500.0,300.0,0.25,5.0,2523576.0,right_only
2022-02-11,2022-02-11 13:11:00,159985,trend,1603400.0,1500.0,300.0,0.25,5.0,2326533.4,2022-02-11 13:11:00,trend,1826200.0,1500.0,300.0,0.25,5.0,2649816.2,both
2022-02-16,2022-02-16 13:40:00,159980,trend,1446300.0,14100.0,3500.0,0.25,5.0,2285154.0,2022-02-16 13:40:00,trend,1647200.0,14100.0,3500.0,0.25,5.0,2602576.0,both
2022-02-17,2022-02-17 13:11:00,501018,trend,2235900.0,151000.0,37700.0,0.25,5.0,2282853.9,2022-02-17 13:11:00,trend,2546700.0,151000.0,37700.0,0.25,5.0,2600180.7,both
2022-02-24,2022-02-24 14:40:00,562800,force,2771600.0,19100.0,4700.0,0.25,5.0,2480582.0,2022-02-24 14:40:00,force,3155500.0,19100.0,4700.0,0.25,5.0,2824172.5,both
2022-02-25,2022-02-25 14:40:00,501018,force,2370900.0,11000.0,2700.0,0.25,5.0,2543975.7,2022-02-25 14:40:00,force,2700700.0,11000.0,2700.0,0.25,5.0,2897851.1,both
2022-03-02,2022-03-02 14:30:00,512400,trend,1950200.0,341600.0,85400.0,0.25,5.0,2753682.4,2022-03-02 14:30:00,trend,2220100.0,341600.0,85400.0,0.25,5.0,3134781.2,both
2022-03-03,2022-03-03 13:11:00,501018,trend,2230100.0,43700.0,10900.0,0.25,5.0,2767554.1,2022-03-03 13:11:00,trend,2538100.0,43700.0,10900.0,0.25,5.0,3149782.1,both
2022-03-04,2022-03-04 14:10:00,159985,trend,1789800.0,94300.0,23500.0,0.25,5.0,2693649.0,2022-03-04 14:10:00,trend,2037200.0,94300.0,23500.0,0.25,5.0,3065986.0,both
2022-03-29,,513100,,,,,,,,2022-03-29 13:11:00,trend,3421000.0,52800.0,13200.0,0.25,5.0,3335475.0,right_only
2022-03-29,2022-03-29 13:11:00,513500,trend,1071500.0,1500400.0,375100.0,0.25,5.0,2930552.5,,,,,,,,,left_only
2022-03-30,2022-03-30 14:40:00,513100,force,2957100.0,245400.0,61300.0,0.25,5.0,2930486.1,,,,,,,,,left_only
2022-04-14,2022-04-14 13:11:00,159980,trend,1634000.0,1900.0,400.0,0.25,5.0,2795774.0,2022-04-14 13:11:00,trend,1888500.0,1900.0,400.0,0.25,5.0,3231223.5,both
2022-04-21,2022-04-21 13:11:00,518880,trend,720900.0,57600.0,14400.0,0.25,5.0,2831695.2,2022-04-21 13:11:00,trend,833000.0,57600.0,14400.0,0.25,5.0,3272024.0,both
2022-04-29,2022-04-29 14:10:00,518880,trend,715600.0,620500.0,155100.0,0.25,5.0,2825188.8,2022-04-29 14:10:00,trend,827000.0,620500.0,155100.0,0.25,5.0,3264996.0,both
2022-05-05,2022-05-05 14:40:00,511880,force,27900.0,82600.0,20600.0,0.25,5.0,2811650.4,2022-05-05 14:40:00,force,32200.0,82600.0,20600.0,0.25,5.0,3244987.2,both
2022-05-09,2022-05-09 14:40:00,501018,force,2102400.0,1000.0,200.0,0.25,5.0,2813011.2,2022-05-09 14:40:00,force,2429600.0,1000.0,200.0,0.25,5.0,3250804.8,both
2022-05-13,2022-05-13 13:11:00,501018,trend,2010400.0,130400.0,32600.0,0.25,5.0,2653728.0,2022-05-13 13:11:00,trend,2318400.0,130400.0,32600.0,0.25,5.0,3060288.0,both
2022-05-23,2022-05-23 13:40:00,512670,trend,3141800.0,60500.0,15100.0,0.25,5.0,2686239.0,2022-05-23 13:40:00,trend,3625600.0,60500.0,15100.0,0.25,5.0,3099888.0,both
2022-05-24,,515790,,,,,,,,2022-05-24 13:40:00,trend,2226700.0,8634100.0,2158500.0,0.25,5.0,3086206.2,right_only
2022-05-31,2022-05-31 13:11:00,159755,trend,2692800.0,560900.0,140200.0,0.25,5.0,2700878.4,2022-05-31 13:11:00,trend,3200200.0,560900.0,140200.0,0.25,5.0,3209800.6,both
2022-06-01,2022-06-01 13:11:00,516520,trend,3086300.0,20000.0,5000.0,0.25,5.0,2796187.8,2022-06-01 13:11:00,trend,3672500.0,20000.0,5000.0,0.25,5.0,3327285.0,both
2022-06-02,2022-06-02 13:11:00,515220,trend,1182600.0,42200.0,10500.0,0.25,5.0,2838240.0,2022-06-02 13:11:00,trend,1407700.0,42200.0,10500.0,0.25,5.0,3378480.0,both
2022-06-07,2022-06-07 14:30:00,516520,trend,3115100.0,10000.0,2500.0,0.25,5.0,2934424.2,2022-06-07 14:30:00,trend,3711600.0,10000.0,2500.0,0.25,5.0,3496327.2,both
2022-06-09,2022-06-09 13:11:00,159605,trend,3275100.0,1114300.0,278500.0,0.25,5.0,2859162.3,2022-06-09 13:11:00,trend,3903500.0,1114300.0,278500.0,0.25,5.0,3407755.5,both
2022-06-10,2022-06-10 13:11:00,512400,trend,2219400.0,25200.0,6300.0,0.25,5.0,2827515.6,2022-06-10 13:11:00,trend,2644800.0,25200.0,6300.0,0.25,5.0,3369475.2,both
2022-06-13,2022-06-13 14:40:00,513180,force,4874900.0,9374400.0,2343600.0,0.25,5.0,2900565.5,2022-06-13 14:40:00,force,5810900.0,9374400.0,2343600.0,0.25,5.0,3457485.5,both
2022-06-14,2022-06-14 13:11:00,516520,trend,3074200.0,3700.0,900.0,0.25,5.0,2874377.0,2022-06-14 13:11:00,trend,3657400.0,3700.0,900.0,0.25,5.0,3419669.0,both
2022-06-16,2022-06-16 14:40:00,513180,force,5064100.0,11079200.0,2769800.0,0.25,5.0,2977690.8,2022-06-16 14:40:00,force,6027800.0,11079200.0,2769800.0,0.25,5.0,3544346.4,both
2022-06-17,2022-06-17 13:11:00,516520,trend,3149800.0,20000.0,5000.0,0.25,5.0,3011208.8,2022-06-17 13:11:00,trend,3750900.0,20000.0,5000.0,0.25,5.0,3585860.4,both
2022-06-21,2022-06-21 13:11:00,512400,trend,2403700.0,40100.0,10000.0,0.25,5.0,3074332.3,2022-06-21 13:11:00,trend,2863300.0,40100.0,10000.0,0.25,5.0,3662160.7,both
2022-06-22,2022-06-22 13:40:00,515790,trend,1911600.0,665500.0,166300.0,0.25,5.0,3073852.8,2022-06-22 13:40:00,trend,2277000.0,665500.0,166300.0,0.25,5.0,3661416.0,both
2022-06-24,2022-06-24 14:10:00,159915,trend,1165600.0,448600.0,112100.0,0.25,5.0,3180922.4,2022-06-24 14:10:00,trend,1388400.0,448600.0,112100.0,0.25,5.0,3788943.6,both
2022-06-27,2022-06-27 13:40:00,159605,trend,3563200.0,8145700.0,2036400.0,0.25,5.0,3221132.8,2022-06-27 13:40:00,trend,4245100.0,8145700.0,2036400.0,0.25,5.0,3837570.4,both
2022-06-29,2022-06-29 14:30:00,516520,trend,3014000.0,10000.0,2500.0,0.25,5.0,3101406.0,2022-06-29 14:30:00,trend,3548700.0,10000.0,2500.0,0.25,5.0,3651612.3,both
2022-06-30,2022-06-30 13:11:00,512690,trend,3327600.0,1265500.0,316300.0,0.25,5.0,3117961.2,2022-06-30 13:11:00,trend,3921300.0,1265500.0,316300.0,0.25,5.0,3674258.1,both
2022-07-04,2022-07-04 13:11:00,159967,trend,4373200.0,33000.0,8200.0,0.25,5.0,3048120.4,2022-07-04 13:11:00,trend,5156300.0,33000.0,8200.0,0.25,5.0,3593941.1,both
2022-07-05,2022-07-05 13:11:00,159992,trend,2659600.0,5241300.0,1310300.0,0.25,5.0,3055880.4,2022-07-05 13:11:00,trend,3136200.0,5241300.0,1310300.0,0.25,5.0,3603493.8,both
2022-07-06,2022-07-06 14:40:00,562800,force,3050200.0,286000.0,71500.0,0.25,5.0,2989196.0,2022-07-06 14:40:00,force,3593900.0,286000.0,71500.0,0.25,5.0,3522022.0,both
2022-07-12,2022-07-12 13:40:00,513100,trend,3710800.0,247700.0,61900.0,0.25,5.0,3035434.4,2022-07-12 13:40:00,trend,4372700.0,247700.0,61900.0,0.25,5.0,3576868.6,both
2022-07-13,2022-07-13 13:11:00,513500,trend,2496500.0,12400.0,3100.0,0.25,5.0,3030751.0,2022-07-13 13:11:00,trend,2942900.0,12400.0,3100.0,0.25,5.0,3572680.6,both
2022-07-15,2022-07-15 14:40:00,513100,force,3679500.0,479600.0,119900.0,0.25,5.0,3013510.5,2022-07-15 14:40:00,force,4334100.0,479600.0,119900.0,0.25,5.0,3549627.9,both
2022-07-20,2022-07-20 14:40:00,513500,force,2489100.0,8876900.0,2219200.0,0.25,5.0,3131287.8,2022-07-20 14:40:00,force,2933700.0,8876900.0,2219200.0,0.25,5.0,3690594.6,both
2022-07-21,2022-07-21 14:10:00,513100,trend,3631800.0,591200.0,147800.0,0.25,5.0,3137875.2,2022-07-21 14:10:00,trend,4282100.0,591200.0,147800.0,0.25,5.0,3699734.4,both
2022-08-15,2022-08-15 13:40:00,512480,trend,3271300.0,1710900.0,427700.0,0.25,5.0,3382524.2,2022-08-15 13:40:00,trend,3858300.0,1710900.0,427700.0,0.25,5.0,3989482.2,both
2022-08-17,2022-08-17 14:40:00,513100,force,3558100.0,986500.0,246600.0,0.25,5.0,3341055.9,2022-08-17 14:40:00,force,4197000.0,986500.0,246600.0,0.25,5.0,3940983.0,both
2022-08-18,2022-08-18 13:40:00,512480,trend,3198600.0,8360100.0,2090000.0,0.25,5.0,3307352.4,2022-08-18 13:40:00,trend,3774200.0,8360100.0,2090000.0,0.25,5.0,3902522.8,both
2022-08-19,2022-08-19 14:40:00,513100,force,3496600.0,1674700.0,418600.0,0.25,5.0,3248341.4,2022-08-19 14:40:00,force,4132700.0,1674700.0,418600.0,0.25,5.0,3839278.3,both
2022-08-22,2022-08-22 13:40:00,513500,trend,2359500.0,4200.0,1000.0,0.25,5.0,3197122.5,2022-08-22 13:40:00,trend,2790800.0,4200.0,1000.0,0.25,5.0,3781534.0,both
2022-08-24,2022-08-24 13:40:00,515220,trend,1178600.0,231300.0,57800.0,0.25,5.0,3143326.2,2022-08-24 13:40:00,trend,1393000.0,231300.0,57800.0,0.25,5.0,3715131.0,both
2022-08-30,2022-08-30 14:40:00,518880,force,840700.0,11600.0,2900.0,0.25,5.0,3182890.2,2022-08-30 14:40:00,force,994700.0,11600.0,2900.0,0.25,5.0,3765934.2,both
2022-08-31,2022-08-31 13:11:00,159985,trend,1938900.0,131700.0,32900.0,0.25,5.0,3164284.8,2022-08-31 13:11:00,trend,2293600.0,131700.0,32900.0,0.25,5.0,3743155.2,both
2022-09-02,2022-09-02 13:11:00,159985,trend,1919100.0,5800.0,1400.0,0.25,5.0,3153081.3,2022-09-02 13:11:00,trend,2270600.0,5800.0,1400.0,0.25,5.0,3730595.8,both
2022-09-13,2022-09-13 13:11:00,515220,trend,1225700.0,415300.0,103800.0,0.25,5.0,3353515.2,2022-09-13 13:11:00,trend,1450200.0,415300.0,103800.0,0.25,5.0,3967747.2,both
2022-09-16,2022-09-16 14:10:00,159985,trend,1873700.0,11400.0,2800.0,0.25,5.0,3241501.0,2022-09-16 14:10:00,trend,2217400.0,11400.0,2800.0,0.25,5.0,3836102.0,both
2022-10-11,2022-10-11 14:10:00,161226,trend,5137700.0,79000.0,19700.0,0.25,5.0,3247026.4,2022-10-11 14:10:00,trend,6081800.0,79000.0,19700.0,0.25,5.0,3843697.6,both
2022-10-24,2022-10-24 13:40:00,159883,trend,4526600.0,689900.0,172400.0,0.25,5.0,3109774.2,2022-10-24 13:40:00,trend,5350800.0,689900.0,172400.0,0.25,5.0,3675999.6,both
2022-10-31,2022-10-31 13:40:00,513030,trend,3249000.0,35600.0,8900.0,0.25,5.0,3132036.0,2022-10-31 13:40:00,trend,3888100.0,35600.0,8900.0,0.25,5.0,3748128.4,both
2022-11-03,2022-11-03 14:30:00,515400,trend,4178300.0,800600.0,200100.0,0.25,5.0,3083585.4,2022-11-03 14:30:00,trend,5003100.0,800600.0,200100.0,0.25,5.0,3692287.8,both
2022-11-04,2022-11-04 13:11:00,159998,trend,3750000.0,74000.0,18500.0,0.25,5.0,3082500.0,2022-11-04 13:11:00,trend,4538300.0,74000.0,18500.0,0.25,5.0,3730482.6,both
2022-11-07,2022-11-07 13:11:00,513360,trend,6489000.0,1172900.0,293200.0,0.25,5.0,3062808.0,2022-11-07 13:11:00,trend,7850100.0,1172900.0,293200.0,0.25,5.0,3705247.2,both
2022-11-08,2022-11-08 13:40:00,159998,trend,3685800.0,15900.0,3900.0,0.25,5.0,3007612.8,2022-11-08 13:40:00,trend,4469000.0,15900.0,3900.0,0.25,5.0,3646704.0,both
2022-11-09,2022-11-09 13:40:00,159892,trend,4837600.0,440900.0,110200.0,0.25,5.0,2994474.4,2022-11-09 13:40:00,trend,5867000.0,440900.0,110200.0,0.25,5.0,3631673.0,both
2022-11-14,2022-11-14 14:40:00,513030,force,3093300.0,9600.0,2400.0,0.25,5.0,3201565.5,2022-11-14 14:40:00,force,3792000.0,9600.0,2400.0,0.25,5.0,3924720.0,both
2022-11-15,2022-11-15 14:40:00,515400,force,4160800.0,42900.0,10700.0,0.25,5.0,3207976.8,2022-11-15 14:40:00,force,5097300.0,42900.0,10700.0,0.25,5.0,3930018.3,both
2022-11-17,2022-11-17 13:40:00,515400,trend,4173900.0,1012000.0,253000.0,0.25,5.0,3234772.5,2022-11-17 13:40:00,trend,5105000.0,1012000.0,253000.0,0.25,5.0,3956375.0,both
2022-11-21,,513180,,,,,,,,2022-11-21 13:11:00,trend,7862900.0,31052800.0,7763200.0,0.25,5.0,3868546.8,right_only
2022-11-22,2022-11-22 14:40:00,513030,force,2969400.0,16300.0,4000.0,0.25,5.0,3123808.8,2022-11-22 14:40:00,force,3633300.0,16300.0,4000.0,0.25,5.0,3822231.6,both
2022-12-01,2022-12-01 13:40:00,513090,trend,2909000.0,2497500.0,624300.0,0.25,5.0,3173719.0,2022-12-01 13:40:00,trend,3578400.0,2497500.0,624300.0,0.25,5.0,3904034.4,both
2022-12-07,2022-12-07 13:11:00,512200,trend,4207200.0,1083400.0,270800.0,0.25,5.0,3226922.4,2022-12-07 13:11:00,trend,5183900.0,1083400.0,270800.0,0.25,5.0,3976051.3,both
2022-12-12,2022-12-12 13:40:00,513330,trend,6963400.0,7909700.0,1977400.0,0.25,5.0,3231017.6,2022-12-12 13:40:00,trend,8583000.0,7909700.0,1977400.0,0.25,5.0,3982512.0,both
2022-12-14,2022-12-14 13:40:00,161226,trend,4431900.0,1100.0,200.0,0.25,5.0,3261878.4,2022-12-14 13:40:00,trend,5451700.0,1100.0,200.0,0.25,5.0,4012451.2,both
2022-12-16,2022-12-16 14:40:00,159985,force,1644300.0,325600.0,81400.0,0.25,5.0,3157056.0,2022-12-16 14:40:00,force,2023200.0,325600.0,81400.0,0.25,5.0,3884544.0,both
2022-12-21,2022-12-21 14:40:00,161226,force,4232700.0,40200.0,10000.0,0.25,5.0,3098336.4,2022-12-21 14:40:00,force,5206400.0,40200.0,10000.0,0.25,5.0,3811084.8,both
2022-12-27,2022-12-27 13:40:00,159985,trend,1570400.0,4500.0,1100.0,0.25,5.0,3115673.6,2022-12-27 13:40:00,trend,1947800.0,4500.0,1100.0,0.25,5.0,3864435.2,both
2022-12-28,2022-12-28 13:40:00,512690,trend,3597900.0,226200.0,56500.0,0.25,5.0,3076204.5,2022-12-28 13:40:00,trend,4463700.0,226200.0,56500.0,0.25,5.0,3816463.5,both
2022-12-29,2022-12-29 13:40:00,159985,trend,1537300.0,5700.0,1400.0,0.25,5.0,3042316.7,2022-12-29 13:40:00,trend,1906500.0,5700.0,1400.0,0.25,5.0,3772963.5,both
2023-01-04,2023-01-04 14:10:00,513360,trend,5562500.0,200500.0,50100.0,0.25,5.0,3037125.0,2023-01-04 14:10:00,trend,6892900.0,200500.0,50100.0,0.25,5.0,3763523.4,both
2023-01-10,2023-01-10 13:11:00,513120,trend,3057300.0,263400.0,65800.0,0.25,5.0,3204050.4,2023-01-10 13:11:00,trend,3790200.0,263400.0,65800.0,0.25,5.0,3972129.6,both
2023-01-16,2023-01-16 13:11:00,512010,trend,6492800.0,2328400.0,582100.0,0.25,5.0,3493126.4,2023-01-16 13:11:00,trend,8048700.0,2328400.0,582100.0,0.25,5.0,4330200.6,both
2023-01-18,2023-01-18 13:11:00,512010,trend,6481800.0,19126500.0,4781600.0,0.25,5.0,3389981.4,2023-01-18 13:11:00,trend,8020500.0,19126500.0,4781600.0,0.25,5.0,4194721.5,both
2023-01-31,2023-01-31 13:40:00,159851,trend,3028000.0,1400.0,300.0,0.25,5.0,3339884.0,2023-01-31 13:40:00,trend,3748700.0,1400.0,300.0,0.25,5.0,4134816.1,both
2023-02-01,2023-02-01 13:11:00,159852,trend,3643600.0,77800.0,19400.0,0.25,5.0,3384904.4,2023-02-01 13:11:00,trend,4511100.0,77800.0,19400.0,0.25,5.0,4190811.9,both
2023-02-02,2023-02-02 14:40:00,515400,force,4025800.0,95800.0,23900.0,0.25,5.0,3454136.4,2023-02-02 14:40:00,force,4986000.0,95800.0,23900.0,0.25,5.0,4277988.0,both
2023-02-14,2023-02-14 13:11:00,515980,trend,4011900.0,5500.0,1300.0,0.25,5.0,3594662.4,2023-02-14 13:11:00,trend,5001800.0,5500.0,1300.0,0.25,5.0,4481612.8,both
2023-02-15,2023-02-15 13:11:00,159869,trend,3909400.0,932800.0,233200.0,0.25,5.0,3686564.2,2023-02-15 13:11:00,trend,4874400.0,932800.0,233200.0,0.25,5.0,4596559.2,both
2023-02-16,2023-02-16 14:40:00,159819,force,4743700.0,860500.0,215100.0,0.25,5.0,3818678.5,2023-02-16 14:40:00,force,5921300.0,860500.0,215100.0,0.25,5.0,4766646.5,both
2023-02-17,2023-02-17 13:11:00,513030,trend,3297900.0,76000.0,19000.0,0.25,5.0,3713435.4,2023-02-17 13:11:00,trend,4119100.0,76000.0,19000.0,0.25,5.0,4638106.6,both
2023-02-22,2023-02-22 14:30:00,159869,trend,3974500.0,20400.0,5100.0,0.25,5.0,3696285.0,2023-02-22 14:30:00,trend,4965900.0,20400.0,5100.0,0.25,5.0,4618287.0,both
2023-03-02,2023-03-02 13:11:00,515880,trend,3774300.0,586500.0,146600.0,0.25,5.0,3657296.7,2023-03-02 13:11:00,trend,4627100.0,586500.0,146600.0,0.25,5.0,4483659.9,both
2023-03-08,2023-03-08 14:30:00,501018,trend,3064000.0,1300.0,300.0,0.25,5.0,3523600.0,2023-03-08 14:30:00,trend,3751600.0,1300.0,300.0,0.25,5.0,4314340.0,both
2023-03-13,2023-03-13 14:30:00,518880,trend,848300.0,2021200.0,505300.0,0.25,5.0,3477181.7,2023-03-13 14:30:00,trend,1039800.0,2021200.0,505300.0,0.25,5.0,4262140.2,both
2023-03-22,2023-03-22 14:30:00,588200,trend,2824600.0,314200.0,78500.0,0.25,5.0,3573119.0,2023-03-22 14:30:00,trend,3463600.0,314200.0,78500.0,0.25,5.0,4381454.0,both
2023-03-27,2023-03-27 13:11:00,159869,trend,3107400.0,462141.0,115500.0,0.25,5.0,3576617.4,2023-03-27 13:11:00,trend,3811900.0,462141.0,115500.0,0.25,5.0,4387496.9,both
2023-03-28,2023-03-28 13:11:00,588200,trend,2876700.0,119400.0,29800.0,0.25,5.0,3641902.2,2023-03-28 13:11:00,trend,3520200.0,119400.0,29800.0,0.25,5.0,4456573.2,both
2023-03-30,2023-03-30 13:11:00,516510,trend,3306300.0,23600.0,5900.0,0.25,5.0,3752650.5,2023-03-30 13:11:00,trend,4047600.0,23600.0,5900.0,0.25,5.0,4594026.0,both
2023-03-31,2023-03-31 13:11:00,159852,trend,3456500.0,852700.0,213100.0,0.25,5.0,3833258.5,2023-03-31 13:11:00,trend,4230500.0,852700.0,213100.0,0.25,5.0,4691624.5,both
2023-04-03,2023-04-03 13:11:00,159819,trend,4271400.0,201300.0,50300.0,0.25,5.0,4117629.6,2023-04-03 13:11:00,trend,5228400.0,201300.0,50300.0,0.25,5.0,5040177.6,both
2023-04-04,2023-04-04 13:11:00,512480,trend,4080000.0,3982700.0,995600.0,0.25,5.0,4324800.0,2023-04-04 13:11:00,trend,5001400.0,3982700.0,995600.0,0.25,5.0,5301484.0,both
2023-04-06,2023-04-06 13:11:00,159851,trend,3415800.0,453200.0,113300.0,0.25,5.0,4512271.8,2023-04-06 13:11:00,trend,4183900.0,453200.0,113300.0,0.25,5.0,5526931.9,both
2023-04-07,2023-04-07 13:11:00,513310,trend,3838200.0,203400.0,50800.0,0.25,5.0,4567458.0,2023-04-07 13:11:00,trend,4702400.0,203400.0,50800.0,0.25,5.0,5595856.0,both
2023-04-12,2023-04-12 13:11:00,588080,trend,3934600.0,385500.0,96300.0,0.25,5.0,4552332.2,2023-04-12 13:11:00,trend,4820100.0,385500.0,96300.0,0.25,5.0,5576855.7,both
2023-04-13,2023-04-13 14:30:00,515400,trend,4205000.0,42300.0,10500.0,0.25,5.0,4461505.0,2023-04-13 14:30:00,trend,5152900.0,42300.0,10500.0,0.25,5.0,5467226.9,both
2023-04-14,2023-04-14 14:30:00,161226,trend,5754100.0,17800.0,4400.0,0.25,5.0,4424902.9,2023-04-14 14:30:00,trend,7049200.0,17800.0,4400.0,0.25,5.0,5420834.8,both
2023-04-17,2023-04-17 14:40:00,513310,force,3649400.0,10000.0,2500.0,0.25,5.0,4331837.8,2023-04-17 14:40:00,force,4473600.0,10000.0,2500.0,0.25,5.0,5310163.2,both
2023-04-19,2023-04-19 13:11:00,512480,trend,4008100.0,6512700.0,1628100.0,0.25,5.0,4308707.5,2023-04-19 13:11:00,trend,4913800.0,6512700.0,1628100.0,0.25,5.0,5282335.0,both
2023-04-20,2023-04-20 13:11:00,512980,trend,4745500.0,331800.0,82900.0,0.25,5.0,4299423.0,2023-04-20 13:11:00,trend,5817400.0,331800.0,82900.0,0.25,5.0,5270564.4,both
2023-04-21,2023-04-21 14:10:00,161226,trend,5506200.0,114100.0,28500.0,0.25,5.0,4162687.2,2023-04-21 14:10:00,trend,6758100.0,114100.0,28500.0,0.25,5.0,5109123.6,both
2023-05-04,2023-05-04 13:40:00,161226,trend,5317200.0,13000.0,3200.0,0.25,5.0,4104878.4,2023-05-04 13:40:00,trend,6533700.0,13000.0,3200.0,0.25,5.0,5044016.4,both
2023-05-11,2023-05-11 13:11:00,513520,trend,3567700.0,280000.0,70000.0,0.25,5.0,4052907.2,2023-05-11 13:11:00,trend,4385400.0,280000.0,70000.0,0.25,5.0,4981814.4,both
2023-05-22,2023-05-22 13:11:00,513100,trend,4507700.0,65300.0,16300.0,0.25,5.0,4435576.8,2023-05-22 13:11:00,trend,5795300.0,65300.0,16300.0,0.25,5.0,5702575.2,both
2023-06-08,2023-06-08 14:40:00,513500,force,3238500.0,112900.0,28200.0,0.25,5.0,4640770.5,2023-06-08 14:40:00,force,4169700.0,112900.0,28200.0,0.25,5.0,5975180.1,both
2023-06-09,2023-06-09 13:11:00,513100,trend,4458300.0,260000.0,65000.0,0.25,5.0,4667840.1,2023-06-09 13:11:00,trend,5744700.0,260000.0,65000.0,0.25,5.0,6014700.9,both
2023-06-13,2023-06-13 13:40:00,515880,trend,4060600.0,194600.0,48600.0,0.25,5.0,4815871.6,2023-06-13 13:40:00,trend,5234700.0,194600.0,48600.0,0.25,5.0,6208354.2,both
2023-06-15,2023-06-15 13:40:00,516510,trend,3977300.0,254000.0,63500.0,0.25,5.0,4983556.9,2023-06-15 13:40:00,trend,5137800.0,254000.0,63500.0,0.25,5.0,6437663.4,both
2023-06-19,2023-06-19 13:11:00,515050,trend,4847900.0,515100.0,128700.0,0.25,5.0,5308450.5,2023-06-19 13:11:00,trend,6256500.0,515100.0,128700.0,0.25,5.0,6850867.5,both
2023-06-26,2023-06-26 14:40:00,516520,force,5277400.0,250200.0,62500.0,0.25,5.0,5029362.2,2023-06-26 14:40:00,force,6713700.0,250200.0,62500.0,0.25,5.0,6398156.1,both
2023-06-27,2023-06-27 13:11:00,159985,trend,2661300.0,22800.0,5700.0,0.25,5.0,5056470.0,2023-06-27 13:11:00,trend,3383700.0,22800.0,5700.0,0.25,5.0,6429030.0,both
2023-07-04,2023-07-04 14:10:00,515880,trend,3897000.0,5800.0,1400.0,0.25,5.0,5077791.0,2023-07-04 14:10:00,trend,5196000.0,5800.0,1400.0,0.25,5.0,6770388.0,both
2023-07-05,2023-07-05 13:40:00,159985,trend,2487700.0,83900.0,20900.0,0.25,5.0,5002764.7,2023-07-05 13:40:00,trend,3321300.0,83900.0,20900.0,0.25,5.0,6679134.3,both
2023-08-02,2023-08-02 13:40:00,512880,trend,5265300.0,8994500.0,2248600.0,0.25,5.0,5396932.5,2023-08-02 13:40:00,trend,7071200.0,8994500.0,2248600.0,0.25,5.0,7247980.0,both
2023-08-03,2023-08-03 13:11:00,512200,trend,7626900.0,2914700.0,728600.0,0.25,5.0,5407472.1,2023-08-03 13:11:00,trend,10226000.0,2914700.0,728600.0,0.25,5.0,7250234.0,both
2023-08-16,2023-08-16 13:11:00,159985,trend,2322600.0,33400.0,8300.0,0.25,5.0,5172430.2,2023-08-16 13:11:00,trend,3071400.0,33400.0,8300.0,0.25,5.0,6840007.8,both
2023-08-25,2023-08-25 13:11:00,159985,trend,2281400.0,65800.0,16400.0,0.25,5.0,5320224.8,2023-08-25 13:11:00,trend,2995300.0,65800.0,16400.0,0.25,5.0,6985039.6,both
2023-09-08,2023-09-08 13:40:00,501018,trend,3959900.0,8000.0,2000.0,0.25,5.0,5290426.4,2023-09-08 13:40:00,trend,5199500.0,8000.0,2000.0,0.25,5.0,6946532.0,both
2023-09-11,2023-09-11 13:11:00,159985,trend,2255900.0,6400.0,1600.0,0.25,5.0,5305876.8,2023-09-11 13:11:00,trend,2962600.0,6400.0,1600.0,0.25,5.0,6968035.2,both
2023-09-20,2023-09-20 14:40:00,518880,force,1167800.0,409624.0,102400.0,0.25,5.0,5361369.8,2023-09-20 14:40:00,force,1509200.0,409624.0,102400.0,0.25,5.0,6928737.2,both
2023-09-25,2023-09-25 13:11:00,518880,trend,1156900.0,314100.0,78500.0,0.25,5.0,5297445.1,2023-09-25 13:11:00,trend,1491600.0,314100.0,78500.0,0.25,5.0,6830036.4,both
2023-09-28,2023-09-28 13:40:00,501018,trend,3735500.0,16300.0,4000.0,0.25,5.0,5259584.0,2023-09-28 13:40:00,trend,4820900.0,16300.0,4000.0,0.25,5.0,6787827.2,both
2023-10-09,,511880,,,,,,,,2023-10-09 14:40:00,force,62900.0,250250.0,62500.0,0.25,5.0,6381896.9,right_only
2023-10-13,2023-10-13 14:10:00,515120,trend,7598300.0,500.0,100.0,0.25,5.0,4946493.3,2023-10-13 14:10:00,trend,9806800.0,500.0,100.0,0.25,5.0,6384226.8,both
2023-10-16,2023-10-16 14:40:00,511880,force,48300.0,35700.0,8900.0,0.25,5.0,4902111.9,2023-10-16 14:40:00,force,62300.0,35700.0,8900.0,0.25,5.0,6323013.9,both
2023-10-31,2023-10-31 13:11:00,561980,trend,4608800.0,2000.0,500.0,0.25,5.0,4903763.2,2023-10-31 13:11:00,trend,5947200.0,2000.0,500.0,0.25,5.0,6327820.8,both
2023-11-02,2023-11-02 14:40:00,513120,force,5454600.0,21116100.0,5279000.0,0.25,5.0,4800048.0,2023-11-02 14:40:00,force,7058400.0,21116100.0,5279000.0,0.25,5.0,6211392.0,both
2023-11-14,2023-11-14 13:40:00,159892,trend,7891400.0,222000.0,55500.0,0.25,5.0,4853211.0,2023-11-14 13:40:00,trend,10209900.0,222000.0,55500.0,0.25,5.0,6279088.5,both
2023-11-17,2023-11-17 13:11:00,513310,trend,3882300.0,78700.0,19600.0,0.25,5.0,4821816.6,2023-11-17 13:11:00,trend,5034900.0,78700.0,19600.0,0.25,5.0,6253345.8,both
2023-11-21,2023-11-21 14:40:00,159509,force,4589200.0,224700.0,56100.0,0.25,5.0,4809481.6,2023-11-21 14:40:00,force,5956100.0,224700.0,56100.0,0.25,5.0,6241992.8,both
2023-12-15,2023-12-15 13:11:00,513290,trend,4321800.0,297500.0,74300.0,0.25,5.0,4784232.6,2023-12-15 13:11:00,trend,5767200.0,297500.0,74300.0,0.25,5.0,6384290.4,both
2023-12-21,2023-12-21 14:40:00,513520,force,3573100.0,271900.0,67900.0,0.25,5.0,4662895.5,2023-12-21 14:40:00,force,4767600.0,271900.0,67900.0,0.25,5.0,6221718.0,both
2023-12-22,2023-12-22 14:40:00,513290,force,4298900.0,141000.0,35200.0,0.25,5.0,4668605.4,2023-12-22 14:40:00,force,5736700.0,141000.0,35200.0,0.25,5.0,6230056.2,both
2024-01-15,2024-01-15 13:11:00,513520,trend,3357500.0,623600.0,155900.0,0.25,5.0,5032892.5,2024-01-15 13:11:00,trend,4482400.0,623600.0,155900.0,0.25,5.0,6719117.6,both
2024-01-17,2024-01-17 14:40:00,513500,force,3148700.0,1539400.0,384800.0,0.25,5.0,5078853.1,2024-01-17 14:40:00,force,4206900.0,1539400.0,384800.0,0.25,5.0,6785729.7,both
2024-01-18,2024-01-18 13:40:00,159509,trend,4548900.0,1442000.0,360500.0,0.25,5.0,5062925.7,2024-01-18 13:40:00,trend,6082000.0,1442000.0,360500.0,0.25,5.0,6769266.0,both
2024-01-19,2024-01-19 14:30:00,513520,trend,3586900.0,5357800.0,1339400.0,0.25,5.0,5201005.0,2024-01-19 14:30:00,trend,4802100.0,5357800.0,1339400.0,0.25,5.0,6963045.0,both
2024-01-24,2024-01-24 14:40:00,159509,force,5055700.0,2219400.0,554800.0,0.25,5.0,5975837.4,2024-01-24 14:40:00,force,6766800.0,2219400.0,554800.0,0.25,5.0,7998357.6,both
2024-02-01,2024-02-01 14:40:00,501018,force,4796400.0,16300.0,4000.0,0.25,5.0,5870793.6,2024-02-01 14:40:00,force,6420300.0,16300.0,4000.0,0.25,5.0,7858447.2,both
2024-02-02,2024-02-02 13:40:00,159509,trend,4829000.0,4237000.0,1059200.0,0.25,5.0,5741681.0,2024-02-02 13:40:00,trend,6459200.0,4237000.0,1059200.0,0.25,5.0,7679988.8,both
2024-03-04,2024-03-04 14:40:00,159998,force,8664500.0,209800.0,52400.0,0.25,5.0,6888277.5,2024-03-04 14:40:00,force,11590600.0,209800.0,52400.0,0.25,5.0,9214527.0,both
2024-03-05,2024-03-05 14:40:00,159967,force,16424300.0,140700.0,35100.0,0.25,5.0,6963903.2,2024-03-05 14:40:00,force,21978600.0,140700.0,35100.0,0.25,5.0,9318926.4,both
2024-03-06,2024-03-06 13:11:00,159995,trend,7818200.0,1436700.0,359100.0,0.25,5.0,6981652.6,2024-03-06 13:11:00,trend,10428600.0,1436700.0,359100.0,0.25,5.0,9312739.8,both
2024-03-08,2024-03-08 13:11:00,159516,trend,8142600.0,81700.0,20400.0,0.25,5.0,6896782.2,2024-03-08 13:11:00,trend,10860000.0,81700.0,20400.0,0.25,5.0,9198420.0,both
2024-03-11,2024-03-11 13:11:00,513310,trend,5602200.0,8800.0,2200.0,0.25,5.0,6946728.0,2024-03-11 13:11:00,trend,7479600.0,8800.0,2200.0,0.25,5.0,9274704.0,both
2024-03-12,2024-03-12 13:11:00,159949,trend,8712800.0,1589200.0,397300.0,0.25,5.0,7048655.2,2024-03-12 13:11:00,trend,11628100.0,1589200.0,397300.0,0.25,5.0,9407132.9,both
2024-03-13,2024-03-13 13:11:00,512980,trend,9205000.0,772100.0,193000.0,0.25,5.0,7032620.0,2024-03-13 13:11:00,trend,12283200.0,772100.0,193000.0,0.25,5.0,9384364.8,both
2024-03-14,2024-03-14 14:30:00,159851,trend,7191300.0,3100.0,700.0,0.25,5.0,6896456.7,2024-03-14 14:30:00,trend,9599700.0,3100.0,700.0,0.25,5.0,9206112.3,both
2024-03-15,2024-03-15 14:10:00,159995,trend,7784500.0,1305700.0,326400.0,0.25,5.0,6881498.0,2024-03-15 14:10:00,trend,10381800.0,1305700.0,326400.0,0.25,5.0,9177511.2,both
2024-03-18,2024-03-18 13:11:00,159516,trend,8186500.0,77900.0,19400.0,0.25,5.0,7048576.5,2024-03-18 13:11:00,trend,10910200.0,77900.0,19400.0,0.25,5.0,9393682.2,both
2024-03-19,2024-03-19 14:40:00,159998,force,9054500.0,129500.0,32300.0,0.25,5.0,7116837.0,2024-03-19 14:40:00,force,12079200.0,129500.0,32300.0,0.25,5.0,9494251.2,both
2024-03-20,2024-03-20 13:11:00,515980,trend,8424100.0,1574200.0,393500.0,0.25,5.0,7219453.7,2024-03-20 13:11:00,trend,11228100.0,1574200.0,393500.0,0.25,5.0,9622481.7,both
2024-03-22,2024-03-22 13:11:00,515880,trend,5956200.0,702200.0,175500.0,0.25,5.0,7153396.2,2024-03-22 13:11:00,trend,7813300.0,702200.0,175500.0,0.25,5.0,9383773.3,both
2024-03-25,2024-03-25 14:10:00,159518,trend,6834400.0,10000.0,2500.0,0.25,5.0,7182954.4,2024-03-25 14:10:00,trend,8972600.0,10000.0,2500.0,0.25,5.0,9430202.6,both
2024-04-02,2024-04-02 13:40:00,517520,trend,6236500.0,31700.0,7900.0,0.25,5.0,7571111.0,2024-04-02 13:40:00,trend,8188400.0,31700.0,7900.0,0.25,5.0,9940717.6,both
2024-04-03,2024-04-03 14:30:00,159518,trend,6874500.0,75000.0,18700.0,0.25,5.0,7754436.0,2024-04-03 14:30:00,trend,9028500.0,75000.0,18700.0,0.25,5.0,10184148.0,both
2024-04-11,2024-04-11 13:40:00,161226,trend,8569000.0,263075.0,65700.0,0.25,5.0,7652117.0,2024-04-11 13:40:00,trend,11240500.0,263075.0,65700.0,0.25,5.0,10037766.5,both
2024-04-16,2024-04-16 13:11:00,518880,trend,1427500.0,393100.0,98200.0,0.25,5.0,7842685.0,2024-04-16 13:11:00,trend,1887900.0,393100.0,98200.0,0.25,5.0,10372122.6,both
2024-04-22,2024-04-22 14:10:00,159980,trend,4396500.0,96300.0,24000.0,0.25,5.0,7698271.5,2024-04-22 14:10:00,trend,5815900.0,96300.0,24000.0,0.25,5.0,10183640.9,both
2024-04-24,2024-04-24 13:11:00,159980,trend,4350000.0,171500.0,42800.0,0.25,5.0,7468950.0,2024-04-24 13:11:00,trend,5742800.0,171500.0,42800.0,0.25,5.0,9860387.6,both
2024-05-08,2024-05-08 14:40:00,513330,force,19602400.0,10004800.0,2501200.0,0.25,5.0,7566526.4,2024-05-08 14:40:00,force,25898900.0,10004800.0,2501200.0,0.25,5.0,9996975.4,both
2024-05-14,2024-05-14 13:40:00,513180,trend,14564900.0,3736500.0,934100.0,0.25,5.0,7981565.2,2024-05-14 13:40:00,trend,19188800.0,3736500.0,934100.0,0.25,5.0,10515462.4,both
2024-05-15,2024-05-15 13:40:00,510900,trend,9376200.0,2031700.0,507900.0,0.25,5.0,7979146.2,2024-05-15 13:40:00,trend,12331600.0,2031700.0,507900.0,0.25,5.0,10494191.6,both
2024-05-16,2024-05-16 13:11:00,159985,trend,3521400.0,70400.0,17600.0,0.25,5.0,8113305.6,2024-05-16 13:11:00,trend,4623300.0,70400.0,17600.0,0.25,5.0,10652083.2,both
2024-05-20,2024-05-20 13:11:00,513920,trend,6627600.0,30000.0,7500.0,0.25,5.0,8145320.4,2024-05-20 13:11:00,trend,8702300.0,30000.0,7500.0,0.25,5.0,10695126.7,both
2024-05-21,2024-05-21 13:40:00,513630,trend,6749700.0,3000.0,700.0,0.25,5.0,8072641.2,2024-05-21 13:40:00,trend,8847200.0,3000.0,700.0,0.25,5.0,10581251.2,both
2024-05-24,2024-05-24 13:40:00,159985,trend,3414900.0,294700.0,73600.0,0.25,5.0,7994280.9,2024-05-24 13:40:00,trend,4440500.0,294700.0,73600.0,0.25,5.0,10395210.5,both
2024-05-27,2024-05-27 13:11:00,513100,trend,5760100.0,21300.0,5300.0,0.25,5.0,7914377.4,2024-05-27 13:11:00,trend,7489400.0,21300.0,5300.0,0.25,5.0,10290435.6,both
2024-05-28,2024-05-28 14:40:00,161226,force,7831100.0,145400.0,36300.0,0.25,5.0,7940735.4,2024-05-28 14:40:00,force,10183200.0,145400.0,36300.0,0.25,5.0,10325764.8,both
2024-05-29,2024-05-29 13:11:00,159509,trend,5463100.0,3596900.0,899200.0,0.25,5.0,8041683.2,2024-05-29 13:11:00,trend,7107400.0,3596900.0,899200.0,0.25,5.0,10462092.8,both
2024-05-30,2024-05-30 14:40:00,511880,force,78300.0,296300.0,74000.0,0.25,5.0,7893657.9,2024-05-30 14:40:00,force,101900.0,296300.0,74000.0,0.25,5.0,10272844.7,both
2024-06-03,2024-06-03 14:40:00,159509,force,5355600.0,306200.0,76500.0,0.25,5.0,7899510.0,2024-06-03 14:40:00,force,6969300.0,306200.0,76500.0,0.25,5.0,10279717.5,both
2024-06-14,2024-06-14 14:30:00,513100,trend,6101600.0,236600.0,59100.0,0.25,5.0,8767999.2,2024-06-14 14:30:00,trend,7940800.0,236600.0,59100.0,0.25,5.0,11410929.6,both
2024-06-17,2024-06-17 13:40:00,513310,trend,6399000.0,17600.0,4400.0,0.25,5.0,8792226.0,2024-06-17 13:40:00,trend,8329800.0,17600.0,4400.0,0.25,5.0,11445145.2,both
2024-06-24,2024-06-24 13:11:00,513100,trend,6030500.0,5118700.0,1279600.0,0.25,5.0,8714072.5,2024-06-24 13:11:00,trend,7856700.0,5118700.0,1279600.0,0.25,5.0,11352931.5,both
2024-06-25,2024-06-25 14:40:00,513500,force,4523200.0,738300.0,184500.0,0.25,5.0,8621219.2,2024-06-25 14:40:00,force,5894400.0,738300.0,184500.0,0.25,5.0,11234726.4,both
2024-06-26,2024-06-26 14:40:00,513100,force,5980500.0,1542500.0,385600.0,0.25,5.0,8683686.0,2024-06-26 14:40:00,force,7794200.0,1542500.0,385600.0,0.25,5.0,11317178.4,both
2024-06-28,2024-06-28 14:10:00,159509,trend,5138900.0,1325400.0,331300.0,0.25,5.0,8797796.8,2024-06-28 14:10:00,trend,6698900.0,1325400.0,331300.0,0.25,5.0,11468516.8,both
2024-07-03,2024-07-03 14:40:00,513100,force,5757500.0,1003900.0,250900.0,0.25,5.0,8636250.0,2024-07-03 14:40:00,force,7507000.0,1003900.0,250900.0,0.25,5.0,11260500.0,both
2024-07-10,2024-07-10 13:11:00,513520,trend,5669100.0,1018300.0,254500.0,0.25,5.0,8917494.3,2024-07-10 13:11:00,trend,7393500.0,1018300.0,254500.0,0.25,5.0,11629975.5,both
2024-07-12,2024-07-12 14:10:00,513500,trend,4367800.0,265100.0,66200.0,0.25,5.0,8608933.8,2024-07-12 14:10:00,trend,5701400.0,265100.0,66200.0,0.25,5.0,11237459.4,both
2024-07-15,2024-07-15 14:30:00,513400,trend,8144900.0,1593500.0,398300.0,0.25,5.0,8796492.0,2024-07-15 14:30:00,trend,10630600.0,1593500.0,398300.0,0.25,5.0,11481048.0,both
2024-07-17,2024-07-17 14:40:00,513520,force,6118000.0,371000.0,92700.0,0.25,5.0,9287124.0,2024-07-17 14:40:00,force,7985900.0,371000.0,92700.0,0.25,5.0,12122596.2,both
2024-07-22,2024-07-22 13:11:00,513290,trend,7031600.0,143800.0,35900.0,0.25,5.0,9007479.6,2024-07-22 13:11:00,trend,9174400.0,143800.0,35900.0,0.25,5.0,11752406.4,both
2024-07-24,2024-07-24 14:40:00,511880,force,89700.0,354900.0,88700.0,0.25,5.0,9061673.4,2024-07-24 14:40:00,force,117000.0,354900.0,88700.0,0.25,5.0,11819574.0,both
2024-07-26,2024-07-26 13:40:00,159502,trend,8183700.0,806100.0,201500.0,0.25,5.0,9067539.6,2024-07-26 13:40:00,trend,10670600.0,806100.0,201500.0,0.25,5.0,11823024.8,both
2024-07-30,2024-07-30 13:11:00,513400,trend,8252400.0,1546700.0,386600.0,0.25,5.0,8945601.6,2024-07-30 13:11:00,trend,10767200.0,1546700.0,386600.0,0.25,5.0,11671644.8,both
2024-08-01,2024-08-01 13:40:00,159502,trend,8303000.0,142700.0,35600.0,0.25,5.0,9017058.0,2024-08-01 13:40:00,trend,10834300.0,142700.0,35600.0,0.25,5.0,11766049.8,both
2024-08-02,2024-08-02 14:30:00,518880,trend,1615200.0,1526400.0,381600.0,0.25,5.0,8886830.4,2024-08-02 14:30:00,trend,2108200.0,1526400.0,381600.0,0.25,5.0,11599316.4,both
2024-08-21,2024-08-21 14:30:00,518880,trend,1573000.0,3127500.0,781800.0,0.25,5.0,8725431.0,2024-08-21 14:30:00,trend,2053700.0,3127500.0,781800.0,0.25,5.0,11391873.9,both
2024-08-28,2024-08-28 13:40:00,513520,trend,5837900.0,54400.0,13600.0,0.25,5.0,8710146.8,2024-08-28 13:40:00,trend,7623100.0,54400.0,13600.0,0.25,5.0,11373665.2,both
2024-08-29,2024-08-29 14:40:00,513030,force,6116300.0,2000.0,500.0,0.25,5.0,8666797.1,2024-08-29 14:40:00,force,7991700.0,2000.0,500.0,0.25,5.0,11324238.9,both
2024-09-04,2024-09-04 14:40:00,511880,force,83800.0,241600.0,60400.0,0.25,5.0,8479219.2,2024-09-04 14:40:00,force,109600.0,241600.0,60400.0,0.25,5.0,11089766.4,both
2024-09-05,2024-09-05 13:11:00,159529,trend,7628400.0,15400.0,3800.0,0.25,5.0,8482780.8,2024-09-05 13:11:00,trend,9972600.0,15400.0,3800.0,0.25,5.0,11089531.2,both
2024-09-09,2024-09-09 14:10:00,159985,trend,4294600.0,2440500.0,610100.0,0.25,5.0,8421710.6,2024-09-09 14:10:00,trend,5618500.0,2440500.0,610100.0,0.25,5.0,11017878.5,both
2024-09-18,2024-09-18 14:10:00,159985,trend,4332600.0,411000.0,102700.0,0.25,5.0,8617541.4,2024-09-18 14:10:00,trend,5582300.0,411000.0,102700.0,0.25,5.0,11103194.7,both
2024-09-20,2024-09-20 14:40:00,159529,force,7500800.0,234100.0,58500.0,0.25,5.0,8528409.6,2024-09-20 14:40:00,force,9533900.0,234100.0,58500.0,0.25,5.0,10840044.3,both
2024-09-24,2024-09-24 13:11:00,159851,trend,10379200.0,173100.0,43200.0,0.25,5.0,8604356.8,2024-09-24 13:11:00,trend,13192700.0,173100.0,43200.0,0.25,5.0,10936748.3,both
2024-09-27,2024-09-27 13:11:00,512200,trend,6180200.0,159889.0,39900.0,0.25,5.0,9264119.8,2024-09-27 13:11:00,trend,8783400.0,159889.0,39900.0,0.25,5.0,13166316.6,both
2024-09-30,2024-09-30 13:11:00,159605,trend,10101400.0,17403801.0,4350900.0,0.25,5.0,10263022.4,2024-09-30 13:11:00,trend,14352600.0,17403801.0,4350900.0,0.25,5.0,14582241.6,both
2024-10-08,2024-10-08 14:10:00,512980,trend,13573700.0,2050400.0,512600.0,0.25,5.0,10506043.8,2024-10-08 14:10:00,trend,19302900.0,2050400.0,512600.0,0.25,5.0,14940444.6,both
2024-10-09,2024-10-09 13:11:00,511380,trend,905800.0,1982200.0,495500.0,0.25,5.0,9975575.4,2024-10-09 13:11:00,trend,1289000.0,1982200.0,495500.0,0.25,5.0,14195757.0,both
2024-10-10,2024-10-10 14:40:00,159980,force,5819400.0,29600.0,7400.0,0.25,5.0,9916257.6,2024-10-10 14:40:00,force,8279300.0,29600.0,7400.0,0.25,5.0,14107927.2,both
2024-10-14,2024-10-14 13:11:00,512800,trend,6900100.0,1867000.0,466700.0,0.25,5.0,9991344.8,2024-10-14 13:11:00,trend,9823400.0,1867000.0,466700.0,0.25,5.0,14224283.2,both
2024-10-15,2024-10-15 13:11:00,517520,trend,8307100.0,1000.0,200.0,0.25,5.0,9893756.1,2024-10-15 13:11:00,trend,11821100.0,1000.0,200.0,0.25,5.0,14078930.1,both
2024-10-16,2024-10-16 14:40:00,515220,force,8347800.0,96600.0,24100.0,0.25,5.0,9975621.0,2024-10-16 14:40:00,force,11894100.0,96600.0,24100.0,0.25,5.0,14213449.5,both
2024-10-17,2024-10-17 13:40:00,161226,trend,10669000.0,109500.0,27300.0,0.25,5.0,10007522.0,2024-10-17 13:40:00,trend,15197900.0,109500.0,27300.0,0.25,5.0,14255630.2,both
2024-10-22,2024-10-22 13:11:00,513970,trend,12528300.0,1101700.0,275400.0,0.25,5.0,10598941.8,2024-10-22 13:11:00,trend,17855400.0,1101700.0,275400.0,0.25,5.0,15105668.4,both
2024-10-23,2024-10-23 13:11:00,159928,trend,12842200.0,3307700.0,826900.0,0.25,5.0,10825974.6,2024-10-23 13:11:00,trend,18287700.0,3307700.0,826900.0,0.25,5.0,15416531.1,both
2024-10-24,2024-10-24 14:30:00,159883,trend,20833500.0,10100.0,2500.0,0.25,5.0,10625085.0,2024-10-24 14:30:00,trend,29634600.0,10100.0,2500.0,0.25,5.0,15113646.0,both
2024-10-25,2024-10-25 13:11:00,159605,trend,11328100.0,3971700.0,992900.0,0.25,5.0,10829663.6,2024-10-25 13:11:00,trend,16084400.0,3971700.0,992900.0,0.25,5.0,15376686.4,both
2024-10-28,,513180,,,,,,,,2024-10-28 13:40:00,trend,24644000.0,70135900.0,17533900.0,0.25,5.0,15328568.0,right_only
2024-10-29,2024-10-29 14:30:00,512170,trend,31251700.0,3622600.0,905600.0,0.25,5.0,10906843.3,2024-10-29 14:30:00,trend,44350200.0,3622600.0,905600.0,0.25,5.0,15478219.8,both
2024-10-30,2024-10-30 14:30:00,562500,trend,14882200.0,503500.0,125800.0,0.25,5.0,10685419.6,2024-10-30 14:30:00,trend,21109500.0,503500.0,125800.0,0.25,5.0,15156621.0,both
2024-10-31,2024-10-31 14:40:00,518880,force,1744700.0,544900.0,136200.0,0.25,5.0,10667095.8,2024-10-31 14:40:00,force,2472300.0,544900.0,136200.0,0.25,5.0,15115642.2,both
2024-11-04,2024-11-04 14:30:00,159502,trend,9953500.0,10000.0,2500.0,0.25,5.0,10481035.5,2024-11-04 14:30:00,trend,14105600.0,10000.0,2500.0,0.25,5.0,14853196.8,both
2024-11-05,2024-11-05 13:11:00,159638,trend,11997800.0,591800.0,147900.0,0.25,5.0,10486077.2,2024-11-05 13:11:00,trend,17004000.0,591800.0,147900.0,0.25,5.0,14861496.0,both
2024-11-06,2024-11-06 13:11:00,159516,trend,9520100.0,1072400.0,268100.0,0.25,5.0,10710112.5,2024-11-06 13:11:00,trend,13509800.0,1072400.0,268100.0,0.25,5.0,15198525.0,both
2024-11-07,2024-11-07 13:11:00,561980,trend,7947600.0,11400.0,2800.0,0.25,5.0,10649784.0,2024-11-07 13:11:00,trend,11275500.0,11400.0,2800.0,0.25,5.0,15109170.0,both
2024-11-11,2024-11-11 13:11:00,159998,trend,11999500.0,287500.0,71800.0,0.25,5.0,11951502.0,2024-11-11 13:11:00,trend,17030200.0,287500.0,71800.0,0.25,5.0,16962079.2,both
2024-11-12,2024-11-12 13:11:00,516510,trend,9472600.0,122000.0,30500.0,0.25,5.0,11859695.2,2024-11-12 13:11:00,trend,13480400.0,122000.0,30500.0,0.25,5.0,16877460.8,both
2024-11-13,2024-11-13 14:10:00,512880,trend,9219300.0,24152800.0,6038200.0,0.25,5.0,11938993.5,2024-11-13 14:10:00,trend,13123400.0,24152800.0,6038200.0,0.25,5.0,16994803.0,both
2024-11-14,2024-11-14 14:40:00,512200,force,7146200.0,753224.0,188300.0,0.25,5.0,11826961.0,2024-11-14 14:40:00,force,10170200.0,753224.0,188300.0,0.25,5.0,16831681.0,both
2024-11-15,2024-11-15 14:10:00,159529,trend,9379300.0,125200.0,31300.0,0.25,5.0,11574056.2,2024-11-15 14:10:00,trend,13349600.0,125200.0,31300.0,0.25,5.0,16473406.4,both
2024-11-22,2024-11-22 14:30:00,159518,trend,11269500.0,48900.0,12200.0,0.25,5.0,11742819.0,2024-11-22 14:30:00,trend,16041600.0,48900.0,12200.0,0.25,5.0,16715347.2,both
2024-11-26,,159529,,,,,,,,2024-11-26 14:40:00,force,12350200.0,3369200.0,842300.0,0.25,5.0,16648069.6,right_only
2024-11-28,2024-11-28 14:30:00,159518,trend,12902000.0,3600.0,900.0,0.25,5.0,13237452.0,2024-11-28 14:30:00,trend,18713100.0,3600.0,900.0,0.25,5.0,19199640.6,both
2024-12-04,2024-12-04 13:11:00,513500,trend,5950200.0,171600.0,42900.0,0.25,5.0,13185643.2,2024-12-04 13:11:00,trend,8632000.0,171600.0,42900.0,0.25,5.0,19128512.0,both
2024-12-10,2024-12-10 14:40:00,159529,force,9342000.0,332500.0,83100.0,0.25,5.0,12919986.0,2024-12-10 14:40:00,force,13750000.0,332500.0,83100.0,0.25,5.0,19016250.0,both
2024-12-13,2024-12-13 14:10:00,512980,trend,14597100.0,346300.0,86500.0,0.25,5.0,13035210.3,2024-12-13 14:10:00,trend,21499000.0,346300.0,86500.0,0.25,5.0,19198607.0,both
2024-12-16,2024-12-16 14:30:00,159529,trend,9014200.0,43500.0,10800.0,0.25,5.0,12646922.6,2024-12-16 14:30:00,trend,13262500.0,43500.0,10800.0,0.25,5.0,18607287.5,both
2024-12-20,2024-12-20 14:40:00,511880,force,123200.0,141000.0,35200.0,0.25,5.0,12514163.2,2024-12-20 14:40:00,force,181500.0,141000.0,35200.0,0.25,5.0,18436044.0,both
2024-12-23,2024-12-23 13:11:00,513100,trend,7637300.0,2933300.0,733300.0,0.25,5.0,12517534.7,2024-12-23 13:11:00,trend,11247500.0,2933300.0,733300.0,0.25,5.0,18434652.5,both
2024-12-25,2024-12-25 14:10:00,159529,trend,8065300.0,8049100.0,2012200.0,0.25,5.0,12702847.5,2024-12-25 14:10:00,trend,11877600.0,8049100.0,2012200.0,0.25,5.0,18707220.0,both
2024-12-30,2024-12-30 13:40:00,515050,trend,10894000.0,49500.0,12300.0,0.25,5.0,12963860.0,2024-12-30 13:40:00,trend,16046900.0,49500.0,12300.0,0.25,5.0,19095811.0,both
2024-12-31,2024-12-31 14:40:00,515050,force,10951000.0,229500.0,57300.0,0.25,5.0,12582699.0,2024-12-31 14:40:00,force,16107400.0,229500.0,57300.0,0.25,5.0,18507402.6,both
2025-01-02,2025-01-02 14:40:00,501018,force,9785000.0,17500.0,4300.0,0.25,5.0,12211680.0,2025-01-02 14:40:00,force,14398900.0,17500.0,4300.0,0.25,5.0,17969827.2,both
2025-01-03,2025-01-03 14:40:00,159509,force,7655900.0,1266800.0,316700.0,0.25,5.0,12448493.4,2025-01-03 14:40:00,force,11259400.0,1266800.0,316700.0,0.25,5.0,18307784.4,both
2025-01-08,2025-01-08 14:30:00,159529,trend,7489700.0,26000000.0,6500000.0,0.25,5.0,12522778.4,2025-01-08 14:30:00,trend,11092600.0,26000000.0,6500000.0,0.25,5.0,18546827.2,both
2025-01-09,2025-01-09 14:10:00,501018,trend,10486600.0,1400.0,300.0,0.25,5.0,13317982.0,2025-01-09 14:10:00,trend,15523900.0,1400.0,300.0,0.25,5.0,19715353.0,both
2025-01-14,2025-01-14 14:30:00,159518,trend,12410600.0,29457200.0,7364300.0,0.25,5.0,13974335.6,2025-01-14 14:30:00,trend,18365900.0,29457200.0,7364300.0,0.25,5.0,20680003.4,both
2025-01-16,2025-01-16 14:40:00,501018,force,10564900.0,60400.0,15100.0,0.25,5.0,14294309.7,2025-01-16 14:40:00,force,15829000.0,60400.0,15100.0,0.25,5.0,21416637.0,both
2025-01-17,2025-01-17 14:30:00,520830,trend,12332700.0,2987600.0,746900.0,0.25,5.0,14688245.7,2025-01-17 14:30:00,trend,18627500.0,2987600.0,746900.0,0.25,5.0,22185352.5,both
2025-01-21,2025-01-21 14:40:00,513030,force,8548300.0,2011100.0,502700.0,0.25,5.0,14634689.6,2025-01-21 14:40:00,force,12917000.0,2011100.0,502700.0,0.25,5.0,22113904.0,both
2025-01-23,2025-01-23 13:40:00,501018,trend,11847300.0,25000.0,6200.0,0.25,5.0,15460726.5,2025-01-23 13:40:00,trend,17903000.0,25000.0,6200.0,0.25,5.0,23363415.0,both
2025-01-24,2025-01-24 14:30:00,513310,trend,10184600.0,972000.0,243000.0,0.25,5.0,15653730.2,2025-01-24 14:30:00,trend,15391200.0,972000.0,243000.0,0.25,5.0,23656274.4,both
2025-01-27,2025-01-27 13:40:00,159985,trend,8084600.0,1594000.0,398500.0,0.25,5.0,15417332.2,2025-01-27 13:40:00,trend,12217200.0,1594000.0,398500.0,0.25,5.0,23298200.4,both
2025-02-07,2025-02-07 14:40:00,562500,force,17786800.0,2832300.0,708000.0,0.25,5.0,15883612.4,2025-02-07 14:40:00,force,26900800.0,2832300.0,708000.0,0.25,5.0,24022414.4,both
2025-02-10,2025-02-10 14:10:00,513030,trend,9823000.0,536100.0,134000.0,0.25,5.0,16031136.0,2025-02-10 14:10:00,trend,14877400.0,536100.0,134000.0,0.25,5.0,24279916.8,both
2025-02-11,2025-02-11 13:11:00,562500,trend,17607000.0,1330300.0,332500.0,0.25,5.0,16022370.0,2025-02-11 13:11:00,trend,26672800.0,1330300.0,332500.0,0.25,5.0,24272248.0,both
2025-02-12,2025-02-12 13:40:00,159998,trend,16008300.0,35000.0,8700.0,0.25,5.0,16056324.9,2025-02-12 13:40:00,trend,24248000.0,35000.0,8700.0,0.25,5.0,24320744.0,both
2025-02-13,2025-02-13 13:11:00,159851,trend,10134400.0,208800.0,52200.0,0.25,5.0,15860336.0,2025-02-13 13:11:00,trend,15330700.0,208800.0,52200.0,0.25,5.0,23992545.5,both
2025-02-14,2025-02-14 14:10:00,510900,trend,15013100.0,1151000.0,287700.0,0.25,5.0,16079030.1,2025-02-14 14:10:00,trend,22710200.0,1151000.0,287700.0,0.25,5.0,24322624.2,both
2025-02-18,2025-02-18 13:11:00,159732,trend,18662300.0,25600.0,6400.0,0.25,5.0,16646771.6,2025-02-18 13:11:00,trend,28233200.0,25600.0,6400.0,0.25,5.0,25184014.4,both
2025-02-19,2025-02-19 14:10:00,513120,trend,20317700.0,3851100.0,962700.0,0.25,5.0,16660514.0,2025-02-19 14:10:00,trend,30692400.0,3851100.0,962700.0,0.25,5.0,25167768.0,both
2025-02-20,2025-02-20 13:11:00,512170,trend,47061300.0,3645500.0,911300.0,0.25,5.0,16895006.7,2025-02-20 13:11:00,trend,71081700.0,3645500.0,911300.0,0.25,5.0,25518330.3,both
2025-02-24,2025-02-24 14:30:00,588220,trend,16105300.0,536300.0,134000.0,0.25,5.0,16749512.0,2025-02-24 14:30:00,trend,24300900.0,536300.0,134000.0,0.25,5.0,25272936.0,both
2025-02-25,2025-02-25 14:40:00,512170,force,48363000.0,8169300.0,2042300.0,0.25,5.0,16975413.0,2025-02-25 14:40:00,force,72925900.0,8169300.0,2042300.0,0.25,5.0,25596990.9,both
2025-02-26,2025-02-26 14:40:00,588220,force,16009700.0,1193900.0,298400.0,0.25,5.0,16970282.0,2025-02-26 14:40:00,force,24198300.0,1193900.0,298400.0,0.25,5.0,25650198.0,both
2025-02-28,2025-02-28 14:40:00,561980,force,11986500.0,28600.0,7100.0,0.25,5.0,16457464.5,2025-02-28 14:40:00,force,18094500.0,28600.0,7100.0,0.25,5.0,24843748.5,both
2025-03-03,2025-03-03 13:11:00,159985,trend,8100400.0,217300.0,54300.0,0.25,5.0,16346607.2,2025-03-03 13:11:00,trend,12235600.0,217300.0,54300.0,0.25,5.0,24691440.8,both
2025-03-05,2025-03-05 14:10:00,518880,trend,2438300.0,578000.0,144500.0,0.25,5.0,15961111.8,2025-03-05 14:10:00,trend,3674700.0,578000.0,144500.0,0.25,5.0,24054586.2,both
2025-03-07,2025-03-07 13:11:00,159323,trend,12355400.0,888200.0,222000.0,0.25,5.0,15876689.0,2025-03-07 13:11:00,trend,18619500.0,888200.0,222000.0,0.25,5.0,23926057.5,both
2025-03-10,2025-03-10 14:30:00,159892,trend,27059800.0,145200.0,36300.0,0.25,5.0,15315846.8,2025-03-10 14:30:00,trend,40841900.0,145200.0,36300.0,0.25,5.0,23116515.4,both
2025-03-12,2025-03-12 13:40:00,159323,trend,11822000.0,756000.0,189000.0,0.25,5.0,15392244.0,2025-03-12 13:40:00,trend,17826200.0,756000.0,189000.0,0.25,5.0,23209712.4,both
2025-03-14,2025-03-14 13:11:00,513030,trend,8604300.0,2196700.0,549100.0,0.25,5.0,14911251.9,2025-03-14 13:11:00,trend,12983900.0,2196700.0,549100.0,0.25,5.0,22501098.7,both
2025-03-17,2025-03-17 13:40:00,159323,trend,11640200.0,136000.0,34000.0,0.25,5.0,15108979.6,2025-03-17 13:40:00,trend,17560700.0,136000.0,34000.0,0.25,5.0,22793788.6,both
2025-03-21,2025-03-21 14:30:00,517520,trend,11449400.0,33200.0,8300.0,0.25,5.0,14746827.2,2025-03-21 14:30:00,trend,17274600.0,33200.0,8300.0,0.25,5.0,22249684.8,both
2025-03-24,2025-03-24 13:11:00,513030,trend,8126100.0,14984400.0,3746100.0,0.25,5.0,14765123.7,2025-03-24 13:11:00,trend,12263700.0,14984400.0,3746100.0,0.25,5.0,22283142.9,both
2025-03-25,,159980,,,,,,,,2025-03-25 13:40:00,trend,12351900.0,90700.0,22600.0,0.25,5.0,21603473.1,right_only
2025-03-26,,513030,,,,,,,,2025-03-26 13:40:00,trend,12036200.0,1213600.0,303400.0,0.25,5.0,21641087.6,right_only
2025-03-27,,159980,,,,,,,,2025-03-27 13:40:00,trend,12047200.0,261800.0,65400.0,0.25,5.0,21227166.4,right_only
2025-03-28,,518880,,,,,,,,2025-03-28 13:11:00,trend,3030500.0,1922200.0,480500.0,0.25,5.0,20968029.5,right_only
2025-04-07,,511880,,,,,,,,2025-04-07 14:40:00,force,208500.0,523700.0,130900.0,0.25,5.0,20932774.5,right_only
2025-04-10,,518880,,,,,,,,2025-04-10 13:11:00,trend,2924300.0,2985100.0,746200.0,0.25,5.0,20935063.7,right_only
2025-04-23,,159865,,,,,,,,2025-04-23 13:40:00,trend,37750900.0,40800.0,10200.0,0.25,5.0,22235280.1,right_only
2025-04-24,,511880,,,,,,,,2025-04-24 14:40:00,force,222500.0,85500.0,21300.0,0.25,5.0,22350347.5,right_only
2025-04-28,,518880,,,,,,,,2025-04-28 13:11:00,trend,2977300.0,1374500.0,343600.0,0.25,5.0,22344636.5,right_only
2025-05-08,,513030,,,,,,,,2025-05-08 13:11:00,trend,12319300.0,1608700.0,402100.0,0.25,5.0,22803024.3,right_only
2025-05-16,,513750,,,,,,,,2025-05-16 14:30:00,trend,17562400.0,33100.0,8200.0,0.25,5.0,22918932.0,right_only
2025-05-22,,159323,,,,,,,,2025-05-22 14:10:00,trend,17755200.0,175800.0,43900.0,0.25,5.0,23135025.6,right_only
2025-05-26,,159529,,,,,,,,2025-05-26 13:11:00,trend,13831800.0,3112300.0,778000.0,0.25,5.0,22103216.4,right_only
2025-05-27,,513030,,,,,,,,2025-05-27 13:40:00,trend,11661500.0,91700.0,22900.0,0.25,5.0,21946943.0,right_only
2025-05-28,,159529,,,,,,,,2025-05-28 14:40:00,force,13783700.0,260700.0,65100.0,0.25,5.0,22026352.6,right_only
2025-05-30,,159509,,,,,,,,2025-05-30 13:40:00,trend,14117100.0,2678300.0,669500.0,0.25,5.0,21782685.3,right_only
2025-06-05,,513120,,,,,,,,2025-06-05 14:30:00,trend,20925300.0,3620800.0,905200.0,0.25,5.0,21992490.3,right_only
2025-06-09,,159892,,,,,,,,2025-06-09 14:10:00,trend,32772500.0,1561000.0,390200.0,0.25,5.0,23563427.5,right_only
2025-06-10,,515120,,,,,,,,2025-06-10 14:10:00,trend,39924000.0,112900.0,28200.0,0.25,5.0,24513336.0,right_only
2025-06-16,,161226,,,,,,,,2025-06-16 13:40:00,trend,23770100.0,224373.0,56000.0,0.25,5.0,24293042.2,right_only
2025-06-19,,501018,,,,,,,,2025-06-19 13:11:00,trend,17746300.0,8971834.0,2242900.0,0.25,5.0,24596371.8,right_only
2025-06-20,,159518,,,,,,,,2025-06-20 13:11:00,trend,27324300.0,57600.0,14400.0,0.25,5.0,25766814.9,right_only
2025-06-24,,513310,,,,,,,,2025-06-24 14:30:00,trend,14995300.0,1379800.0,344900.0,0.25,5.0,24607287.3,right_only
2025-06-25,,513120,,,,,,,,2025-06-25 13:40:00,trend,21382600.0,15620700.0,3905100.0,0.25,5.0,24889346.4,right_only
2025-06-26,,159851,,,,,,,,2025-06-26 13:11:00,trend,14273300.0,4509500.0,1127300.0,0.25,5.0,24350249.8,right_only
2025-06-30,,513090,,,,,,,,2025-06-30 13:40:00,trend,12999600.0,8158400.0,2039600.0,0.25,5.0,23932263.6,right_only
2025-07-02,,159851,,,,,,,,2025-07-02 14:30:00,trend,14882000.0,828500.0,207100.0,0.25,5.0,23766554.0,right_only
2025-07-03,,513090,,,,,,,,2025-07-03 13:40:00,trend,12890500.0,15400800.0,3850200.0,0.25,5.0,23705629.5,right_only
2025-07-09,,159851,,,,,,,,2025-07-09 13:11:00,trend,14835700.0,712600.0,178100.0,0.25,5.0,25191018.6,right_only
2025-07-14,,515050,,,,,,,,2025-07-14 13:40:00,trend,20464200.0,94192.0,23500.0,0.25,5.0,24925395.6,right_only
2025-07-18,,159363,,,,,,,,2025-07-18 14:40:00,force,22854300.0,192800.0,48200.0,0.25,5.0,27196617.0,right_only
2025-07-21,,159583,,,,,,,,2025-07-21 13:11:00,trend,19258300.0,7500.0,1800.0,0.25,5.0,26826811.9,right_only
2025-07-22,,516150,,,,,,,,2025-07-22 14:30:00,trend,19934300.0,5100.0,1200.0,0.25,5.0,27130582.3,right_only
2025-07-23,,515210,,,,,,,,2025-07-23 13:11:00,trend,19150000.0,2467600.0,616900.0,0.25,5.0,27346200.0,right_only
2025-07-24,,560860,,,,,,,,2025-07-24 13:11:00,trend,26744700.0,102900.0,25700.0,0.25,5.0,27493551.6,right_only
2025-07-28,,159583,,,,,,,,2025-07-28 13:40:00,trend,19377500.0,56700.0,14100.0,0.25,5.0,27690447.5,right_only
2025-07-29,,515120,,,,,,,,2025-07-29 13:40:00,trend,40626700.0,4194400.0,1048600.0,0.25,5.0,28601196.8,right_only
2025-07-30,,512170,,,,,,,,2025-07-30 14:30:00,trend,76530000.0,33904600.0,8476100.0,0.25,5.0,28928340.0,right_only
2025-07-31,,560860,,,,,,,,2025-07-31 14:10:00,trend,28796600.0,30100.0,7500.0,0.25,5.0,28739006.8,right_only
2025-08-01,,159509,,,,,,,,2025-08-01 14:40:00,force,16115400.0,3401915.0,850400.0,0.25,5.0,28572604.2,right_only
2025-08-04,,518880,,,,,,,,2025-08-04 14:40:00,force,3791000.0,3466100.0,866500.0,0.25,5.0,28212622.0,right_only
2025-08-05,,159509,,,,,,,,2025-08-05 13:40:00,trend,15732600.0,1359200.0,339800.0,0.25,5.0,28271482.2,right_only
2025-08-07,,159583,,,,,,,,2025-08-07 13:11:00,trend,19263800.0,12000.0,3000.0,0.25,5.0,28510424.0,right_only
2025-08-11,,159509,,,,,,,,2025-08-11 13:40:00,trend,15804500.0,146200.0,36500.0,0.25,5.0,29269934.0,right_only
2025-08-18,,159363,,,,,,,,2025-08-18 13:11:00,trend,43084700.0,1686800.0,421700.0,0.25,5.0,30805560.5,right_only
2025-08-19,,588790,,,,,,,,2025-08-19 13:11:00,trend,44578000.0,1002500.0,250600.0,0.25,5.0,31650380.0,right_only
2025-08-21,,588200,,,,,,,,2025-08-21 13:11:00,trend,17493900.0,1985400.0,496300.0,0.25,5.0,32678605.2,right_only
2025-08-22,,588220,,,,,,,,2025-08-22 13:11:00,trend,27988300.0,525200.0,131300.0,0.25,5.0,35237269.7,right_only
2025-08-26,,159915,,,,,,,,2025-08-26 13:11:00,trend,13159800.0,5581900.0,1395400.0,0.25,5.0,35926254.0,right_only
2025-08-27,,159667,,,,,,,,2025-08-27 13:11:00,trend,25700800.0,14100.0,3500.0,0.25,5.0,36546537.6,right_only
2025-08-28,,516520,,,,,,,,2025-08-28 14:10:00,trend,28076300.0,130800.0,32700.0,0.25,5.0,35348061.7,right_only
2025-08-29,,159667,,,,,,,,2025-08-29 13:11:00,trend,25312600.0,20600.0,5100.0,0.25,5.0,35943892.0,right_only
2025-09-01,,513310,,,,,,,,2025-09-01 13:40:00,trend,18675800.0,3111000.0,777700.0,0.25,5.0,36361782.6,right_only
2025-09-02,,159840,,,,,,,,2025-09-02 13:11:00,trend,53388900.0,385000.0,96200.0,0.25,5.0,36037507.5,right_only
2025-09-03,,517520,,,,,,,,2025-09-03 13:40:00,trend,20472200.0,1644600.0,411100.0,0.25,5.0,36522404.8,right_only
2025-09-04,,516160,,,,,,,,2025-09-04 14:10:00,trend,15151400.0,164366.0,41000.0,0.25,5.0,35317913.4,right_only
2025-09-05,,161226,,,,,,,,2025-09-05 13:11:00,trend,33206100.0,300600.0,75100.0,0.25,5.0,37423274.7,right_only
2025-09-08,,516520,,,,,,,,2025-09-08 13:11:00,trend,29433200.0,4700.0,1100.0,0.25,5.0,37203564.8,right_only
2025-09-09,,516150,,,,,,,,2025-09-09 14:40:00,force,22029600.0,407900.0,101900.0,0.25,5.0,37031757.6,right_only
2025-09-10,,513310,,,,,,,,2025-09-10 13:11:00,trend,18842500.0,15635300.0,3908800.0,0.25,5.0,36874772.5,right_only
2025-09-12,,512400,,,,,,,,2025-09-12 13:11:00,trend,24959200.0,1930800.0,482700.0,0.25,5.0,39136025.6,right_only
2025-09-16,,159819,,,,,,,,2025-09-16 13:11:00,trend,25684000.0,987500.0,246800.0,0.25,5.0,37704112.0,right_only
2025-09-17,,159363,,,,,,,,2025-09-17 13:40:00,trend,43341200.0,444200.0,111000.0,0.25,5.0,37620161.6,right_only
2025-09-18,,515790,,,,,,,,2025-09-18 13:11:00,trend,41729700.0,1915600.0,478900.0,0.25,5.0,38182675.5,right_only
2025-09-19,,515980,,,,,,,,2025-09-19 13:11:00,trend,21770300.0,607100.0,151700.0,0.25,5.0,37531997.2,right_only
2025-09-22,,515880,,,,,,,,2025-09-22 13:11:00,trend,14209200.0,939300.0,234800.0,0.25,5.0,38393258.4,right_only
2025-09-23,,517520,,,,,,,,2025-09-23 13:11:00,trend,20149700.0,1048700.0,262100.0,0.25,5.0,37720238.4,right_only
2025-09-24,,159915,,,,,,,,2025-09-24 13:11:00,trend,12060300.0,4465208.0,1116300.0,0.25,5.0,37881402.3,right_only
2025-09-25,,159732,,,,,,,,2025-09-25 13:11:00,trend,32521400.0,1299900.0,324900.0,0.25,5.0,38993158.6,right_only
2025-09-29,,159949,,,,,,,,2025-09-29 13:40:00,trend,24693400.0,618000.0,154500.0,0.25,5.0,37756208.6,right_only
2025-09-30,,159995,,,,,,,,2025-09-30 14:30:00,trend,20037400.0,1502237.0,375500.0,0.25,5.0,37950835.6,right_only
2025-10-09,,159949,,,,,,,,2025-10-09 13:40:00,trend,25665700.0,1230300.0,307500.0,0.25,5.0,40064157.7,right_only
2025-10-10,,513330,,,,,,,,2025-10-10 14:40:00,force,63883900.0,8004400.0,2001100.0,0.25,5.0,38074804.4,right_only
2025-10-13,,161226,,,,,,,,2025-10-13 13:11:00,trend,27671800.0,1203100.0,300700.0,0.25,5.0,36637463.2,right_only
2025-10-14,,159509,,,,,,,,2025-10-14 14:40:00,force,19900400.0,3245700.0,811400.0,0.25,5.0,40397812.0,right_only
2025-10-15,,518880,,,,,,,,2025-10-15 13:11:00,trend,4515800.0,2370800.0,592700.0,0.25,5.0,41310538.4,right_only
2025-10-17,,159502,,,,,,,,2025-10-17 14:10:00,trend,38021900.0,16800.0,4200.0,0.25,5.0,43230900.3,right_only
2025-10-22,,513310,,,,,,,,2025-10-22 13:11:00,trend,18456900.0,2638600.0,659600.0,0.25,5.0,44056620.3,right_only
2025-10-23,,159509,,,,,,,,2025-10-23 13:40:00,trend,19859600.0,3022300.0,755500.0,0.25,5.0,43651400.8,right_only
2025-10-24,,159502,,,,,,,,2025-10-24 14:10:00,trend,38977700.0,8111698.0,2027900.0,0.25,5.0,44395600.3,right_only
2025-11-04,,159509,,,,,,,,2025-11-04 13:11:00,trend,20324900.0,916300.0,229000.0,0.25,5.0,45466801.3,right_only
2025-11-05,,159985,,,,,,,,2025-11-05 13:40:00,trend,22706000.0,1062500.0,265600.0,0.25,5.0,44798938.0,right_only
2025-11-06,,159509,,,,,,,,2025-11-06 13:11:00,trend,19737800.0,3420600.0,855100.0,0.25,5.0,44844281.6,right_only
2025-11-07,,513520,,,,,,,,2025-11-07 13:11:00,trend,23094300.0,558700.0,139600.0,0.25,5.0,44271773.1,right_only
2025-11-10,,513310,,,,,,,,2025-11-10 14:30:00,trend,16742900.0,2727700.0,681900.0,0.25,5.0,45055143.9,right_only
2025-11-12,,513290,,,,,,,,2025-11-12 14:10:00,trend,30525900.0,93900.0,23400.0,0.25,5.0,45056228.4,right_only
2025-11-14,,516160,,,,,,,,2025-11-14 13:11:00,trend,14559500.0,282400.0,70600.0,0.25,5.0,45047093.0,right_only
2025-11-17,,513290,,,,,,,,2025-11-17 13:40:00,trend,29636500.0,206200.0,51500.0,0.25,5.0,44514023.0,right_only
2025-11-21,,159502,,,,,,,,2025-11-21 13:11:00,trend,35835100.0,142700.0,35600.0,0.25,5.0,43037955.1,right_only
2025-11-24,,513290,,,,,,,,2025-11-24 13:11:00,trend,29392600.0,931900.0,232900.0,0.25,5.0,44265255.6,right_only
2025-12-01,,161226,,,,,,,,2025-12-01 14:10:00,trend,29205500.0,658330.0,164500.0,0.25,5.0,46582772.5,right_only
2025-12-03,,159502,,,,,,,,2025-12-03 13:11:00,trend,38268800.0,1424600.0,356100.0,0.25,5.0,48754451.2,right_only
2025-12-11,,159583,,,,,,,,2025-12-11 13:40:00,trend,40345000.0,153400.0,38300.0,0.25,5.0,50350560.0,right_only
2025-12-12,,159502,,,,,,,,2025-12-12 13:11:00,trend,37591700.0,643600.0,160900.0,0.25,5.0,49809002.5,right_only
2025-12-15,,159206,,,,,,,,2025-12-15 13:11:00,trend,35932300.0,3883400.0,970800.0,0.25,5.0,49874032.4,right_only
2025-12-16,,518880,,,,,,,,2025-12-16 13:11:00,trend,5312300.0,1953100.0,488200.0,0.25,5.0,49117525.8,right_only
2025-12-18,,515880,,,,,,,,2025-12-18 13:11:00,trend,16782700.0,892800.0,223200.0,0.25,5.0,49542530.4,right_only
2025-12-19,,159980,,,,,,,,2025-12-19 13:11:00,trend,26021500.0,102700.0,25600.0,0.25,5.0,49727086.5,right_only
2025-12-23,,515880,,,,,,,,2025-12-23 13:40:00,trend,16389800.0,421800.0,105400.0,0.25,5.0,50365855.4,right_only
2025-12-24,,159363,,,,,,,,2025-12-24 13:11:00,trend,51635100.0,2059800.0,514900.0,0.25,5.0,50757303.3,right_only
2025-12-26,,159638,,,,,,,,2025-12-26 13:11:00,trend,50208100.0,564500.0,141100.0,0.25,5.0,50459140.5,right_only
2025-12-29,,515880,,,,,,,,2025-12-29 14:40:00,force,16649400.0,1036300.0,259000.0,0.25,5.0,51646438.8,right_only
2025-12-30,,159227,,,,,,,,2025-12-30 14:30:00,trend,38895600.0,1499300.0,374800.0,0.25,5.0,51536670.0,right_only
2026-01-05,,512670,,,,,,,,2026-01-05 13:11:00,trend,58346500.0,112300.0,28000.0,0.25,5.0,54087205.5,right_only
2026-01-06,,159583,,,,,,,,2026-01-06 13:11:00,trend,41253200.0,308500.0,77100.0,0.25,5.0,54495477.2,right_only
2026-01-07,,561330,,,,,,,,2026-01-07 14:10:00,trend,26835800.0,262000.0,65500.0,0.25,5.0,55362255.4,right_only
2026-01-09,,561980,,,,,,,,2026-01-09 13:40:00,trend,24008900.0,312600.0,78100.0,0.25,5.0,56228843.8,right_only
2026-01-12,,159870,,,,,,,,2026-01-12 13:11:00,trend,67095800.0,4740100.0,1185000.0,0.25,5.0,56897238.4,right_only
2026-01-13,,159256,,,,,,,,2026-01-13 14:40:00,force,48071600.0,2007300.0,501800.0,0.25,5.0,57301347.2,right_only
2026-01-14,,159870,,,,,,,,2026-01-14 13:40:00,trend,69654400.0,1453200.0,363300.0,0.25,5.0,59693820.8,right_only
2026-01-15,,510500,,,,,,,,2026-01-15 13:40:00,trend,7265400.0,5213600.0,1303400.0,0.25,5.0,60281023.8,right_only
2026-01-16,,562500,,,,,,,,2026-01-16 13:40:00,trend,54475300.0,4193900.0,1048400.0,0.25,5.0,60413107.7,right_only
2026-01-19,,159870,,,,,,,,2026-01-19 13:11:00,trend,68920900.0,4149249.0,1037300.0,0.25,5.0,60857154.7,right_only
2026-01-21,,518880,,,,,,,,2026-01-21 13:11:00,trend,5965100.0,3094800.0,773700.0,0.25,5.0,62269678.9,right_only
2026-01-23,,159980,,,,,,,,2026-01-23 13:11:00,trend,29530400.0,400400.0,100100.0,0.25,5.0,63254116.8,right_only
2026-01-26,,562500,,,,,,,,2026-01-26 14:30:00,trend,57756700.0,2547000.0,636700.0,0.25,5.0,63936666.9,right_only
2026-01-27,,515400,,,,,,,,2026-01-27 13:11:00,trend,59125300.0,235600.0,58900.0,0.25,5.0,62968444.5,right_only
2026-01-28,,516190,,,,,,,,2026-01-28 13:11:00,trend,44921900.0,141900.0,35400.0,0.25,5.0,64193395.1,right_only
2026-01-29,,159995,,,,,,,,2026-01-29 14:40:00,force,33148200.0,1583400.0,395800.0,0.25,5.0,66031214.4,right_only
2026-01-30,,588790,,,,,,,,2026-01-30 13:11:00,trend,72214300.0,1344900.0,336200.0,0.25,5.0,66509370.3,right_only
2026-02-02,,159985,,,,,,,,2026-02-02 13:11:00,trend,32599700.0,70300.0,17500.0,0.25,5.0,64743004.2,right_only
2026-02-03,,520830,,,,,,,,2026-02-03 13:11:00,trend,68267000.0,42600.0,10600.0,0.25,5.0,64717116.0,right_only
2026-02-04,,513520,,,,,,,,2026-02-04 13:40:00,trend,33812000.0,307000.0,76700.0,0.25,5.0,64378048.0,right_only
2026-02-05,,159518,,,,,,,,2026-02-05 14:30:00,trend,63948900.0,52400.0,13100.0,0.25,5.0,63245462.1,right_only
2026-02-10,,513310,,,,,,,,2026-02-10 13:40:00,trend,18492200.0,1277500.0,319300.0,0.25,5.0,64648731.2,right_only
2026-02-11,,501018,,,,,,,,2026-02-11 14:10:00,trend,44931600.0,1482701.0,370600.0,0.25,5.0,63443419.2,right_only
2026-02-12,,513310,,,,,,,,2026-02-12 14:10:00,trend,17477700.0,16865367.0,4216300.0,0.25,5.0,61346727.0,right_only
2026-02-26,,513350,,,,,,,,2026-02-26 13:11:00,trend,64593100.0,4695800.0,1173900.0,0.25,5.0,73506947.8,right_only
2026-03-02,,561360,,,,,,,,2026-03-02 13:11:00,trend,47612700.0,10620900.0,2655200.0,0.25,5.0,81417717.0,right_only
2026-03-03,,513520,,,,,,,,2026-03-03 14:40:00,force,45301700.0,517800.0,129400.0,0.25,5.0,91101718.7,right_only
2026-03-04,,159985,,,,,,,,2026-03-04 14:30:00,trend,41939600.0,2331100.0,582700.0,0.25,5.0,87360186.8,right_only
2026-03-12,,159611,,,,,,,,2026-03-12 13:11:00,trend,80838200.0,2247400.0,561800.0,0.25,5.0,96278296.2,right_only
2026-03-13,,515220,,,,,,,,2026-03-13 13:11:00,trend,72466800.0,1431500.0,357800.0,0.25,5.0,96598244.4,right_only
2026-03-16,,515220,,,,,,,,2026-03-16 13:11:00,trend,72113400.0,2287500.0,571800.0,0.25,5.0,93675306.6,right_only
2026-03-17,,159611,,,,,,,,2026-03-17 14:40:00,force,80076600.0,780300.0,195000.0,0.25,5.0,91207247.4,right_only
2026-03-18,,159985,,,,,,,,2026-03-18 14:10:00,trend,40240500.0,782100.0,195500.0,0.25,5.0,90661846.5,right_only
2026-03-19,,159518,,,,,,,,2026-03-19 13:11:00,trend,74039900.0,20968800.0,5242200.0,0.25,5.0,90402717.9,right_only
2026-03-20,,159985,,,,,,,,2026-03-20 13:11:00,trend,43764400.0,19270000.0,4817500.0,0.25,5.0,98907544.0,right_only
2026-03-25,,511880,,,,,,,,2026-03-25 14:40:00,force,963600.0,1536000.0,384000.0,0.25,5.0,96635589.6,right_only
2026-03-31,,520830,,,,,,,,2026-03-31 14:10:00,trend,104466000.0,1160400.0,290100.0,0.25,5.0,96631050.0,right_only
2026-04-02,,512800,,,,,,,,2026-04-02 14:30:00,trend,120731700.0,994800.0,248700.0,0.25,5.0,97068286.8,right_only
2026-04-09,,513120,,,,,,,,2026-04-09 13:40:00,trend,75236300.0,5526800.0,1381700.0,0.25,5.0,96678645.5,right_only
2026-04-13,,515880,,,,,,,,2026-04-13 13:40:00,trend,78352100.0,5084300.0,1271000.0,0.25,5.0,95354505.7,right_only
2026-04-17,,159967,,,,,,,,2026-04-17 14:10:00,trend,130604200.0,936200.0,234000.0,0.25,5.0,102654901.2,right_only
2026-04-20,,159363,,,,,,,,2026-04-20 13:11:00,trend,79331900.0,4849000.0,1212200.0,0.25,5.0,102972806.2,right_only
2026-04-21,,562800,,,,,,,,2026-04-21 13:40:00,trend,88662300.0,336500.0,84100.0,0.25,5.0,100543048.2,right_only
2026-04-22,,159819,,,,,,,,2026-04-22 13:11:00,trend,57373700.0,2586300.0,646500.0,0.25,5.0,100576096.1,right_only
2026-04-23,,159509,,,,,,,,2026-04-23 13:11:00,trend,43552700.0,1370100.0,342500.0,0.25,5.0,100476078.9,right_only
2026-04-24,,159949,,,,,,,,2026-04-24 13:40:00,trend,56754700.0,3628800.0,907200.0,0.25,5.0,99831517.3,right_only
2026-04-27,,561980,,,,,,,,2026-04-27 13:11:00,trend,39943800.0,609200.0,152300.0,0.25,5.0,99460062.0,right_only
2026-04-28,,159516,,,,,,,,2026-04-28 13:11:00,trend,102211600.0,5192600.0,1298100.0,0.25,5.0,100371791.2,right_only
2026-04-29,,513100,,,,,,,,2026-04-29 13:40:00,trend,50293900.0,726100.0,181500.0,0.25,5.0,98576044.0,right_only
2026-04-30,,159949,,,,,,,,2026-04-30 13:11:00,trend,56123400.0,1419000.0,354700.0,0.25,5.0,98777184.0,right_only
2026-05-06,,588790,,,,,,,,2026-05-06 14:40:00,force,109214600.0,730600.0,182600.0,0.25,5.0,102443294.8,right_only
2026-05-07,,159949,,,,,,,,2026-05-07 13:11:00,trend,56830200.0,4473100.0,1118200.0,0.25,5.0,104169756.6,right_only
2026-05-13,,159915,,,,,,,,2026-05-13 13:11:00,trend,27273100.0,6366300.0,1591500.0,0.25,5.0,109092400.0,right_only
2026-05-15,,513100,,,,,,,,2026-05-15 14:40:00,force,51368900.0,2286300.0,571500.0,0.25,5.0,107566476.6,right_only
2026-05-19,,511880,,,,,,,,2026-05-19 14:40:00,force,1041100.0,273500.0,68300.0,0.25,5.0,104587864.9,right_only
2026-05-21,,159509,,,,,,,,2026-05-21 13:11:00,trend,40201900.0,3290400.0,822600.0,0.25,5.0,104565141.9,right_only
2026-05-26,,515980,,,,,,,,2026-05-26 13:11:00,trend,92154000.0,1427700.0,356900.0,0.25,5.0,107175102.0,right_only
2026-05-27,,159819,,,,,,,,2026-05-27 14:30:00,trend,53172900.0,786500.0,196600.0,0.25,5.0,107356085.1,right_only
2026-05-28,,159967,,,,,,,,2026-05-28 13:11:00,trend,114374900.0,7595900.0,1898900.0,0.25,5.0,105568032.7,right_only
2026-05-29,,515880,,,,,,,,2026-05-29 13:11:00,trend,66802600.0,10991600.0,2747900.0,0.25,5.0,108754632.8,right_only
2026-06-01,,513100,,,,,,,,2026-06-01 13:11:00,trend,43966300.0,19302148.0,4825500.0,0.25,5.0,104639794.0,right_only
2026-06-04,,159732,,,,,,,,2026-06-04 13:11:00,trend,62672200.0,420900.0,105200.0,0.25,5.0,101403619.6,right_only
2026-06-05,,159967,,,,,,,,2026-06-05 14:40:00,force,109672100.0,27156600.0,6789100.0,0.25,5.0,100349971.5,right_only
2026-06-08,,511880,,,,,,,,2026-06-08 14:40:00,force,974300.0,390600.0,97600.0,0.25,5.0,97930790.2,right_only
2026-06-09,,513520,,,,,,,,2026-06-09 13:11:00,trend,41347700.0,6153400.0,1538300.0,0.25,5.0,97911353.6,right_only
2026-06-10,,511880,,,,,,,,2026-06-10 14:40:00,force,932900.0,621100.0,155200.0,0.25,5.0,93773242.2,right_only
2026-06-15,,513520,,,,,,,,2026-06-15 13:11:00,trend,38497600.0,6185700.0,1546400.0,0.25,5.0,93741656.0,right_only
2026-06-23,,562590,,,,,,,,2026-06-23 13:40:00,trend,28664100.0,375500.0,93800.0,0.25,5.0,94964163.3,right_only
2026-06-24,,588220,,,,,,,,2026-06-24 13:11:00,trend,48249600.0,972400.0,243100.0,0.25,5.0,99249427.2,right_only
2026-06-26,,159667,,,,,,,,2026-06-26 13:11:00,trend,111940400.0,897900.0,224400.0,0.25,5.0,99403075.2,right_only
2026-06-29,,159502,,,,,,,,2026-06-29 13:40:00,trend,57529300.0,844200.0,211000.0,0.25,5.0,95038403.6,right_only
2026-07-01,,159667,,,,,,,,2026-07-01 14:10:00,trend,101780800.0,764300.0,191000.0,0.25,5.0,92111624.0,right_only
2026-07-03,,513290,,,,,,,,2026-07-03 13:40:00,trend,50492400.0,2880700.0,720100.0,0.25,5.0,89220070.8,right_only
2026-07-06,,513400,,,,,,,,2026-07-06 13:11:00,trend,65795100.0,2586800.0,646700.0,0.25,5.0,88494409.5,right_only
