date,time,value,weak,pool,target
2020-01-02,15:30:00,998496.53,False,34,512400
2020-01-03,15:30:00,1014742.13,False,34,512400
2020-01-06,15:30:00,1030815.6,False,34,512880
2020-01-07,15:30:00,1036679.68,False,34,512980
2020-01-08,15:30:00,1010960.68,False,34,512880
2020-01-09,15:30:00,1032735.68,False,34,512980
2020-01-10,15:30:00,1026195.04,False,34,512100
2020-01-13,15:30:00,1039832.78,False,34,512100
2020-01-14,15:30:00,1037102.18,False,34,512100
2020-01-15,15:30:00,1039214.02,False,34,512980
2020-01-16,15:30:00,1022471.9,False,34,512400
2020-01-17,15:30:00,1019773.03,False,34,512400
2020-01-20,15:30:00,1033521.98,False,34,512480
2020-01-21,15:30:00,1023947.13,False,34,159915
2020-01-22,15:30:00,1047022.9,False,35,515050
2020-01-23,15:30:00,998342.84,False,35,159949
2020-02-03,15:30:00,931853.81,True,9,518880
2020-02-04,15:30:00,924459.01,True,9,518880
2020-02-05,15:30:00,918384.71,True,9,518880
2020-02-06,15:30:00,910470.6,True,9,513100
2020-02-07,15:30:00,917131.5,True,9,513100
2020-02-10,15:30:00,922805.6,True,9,513100
2020-02-11,15:30:00,957096.9,False,34,513100
2020-02-12,15:30:00,981766.9,False,35,513100
2020-02-13,15:30:00,1016363.57,False,37,512170
2020-02-14,15:30:00,1012173.55,False,37,512170
2020-02-17,15:30:00,1045657.84,False,37,512170
2020-02-18,15:30:00,1050541.04,False,36,512170
2020-02-19,15:30:00,1027520.24,False,36,512170
2020-02-20,15:30:00,1047589.98,False,36,159949
2020-02-21,15:30:00,1066878.48,False,36,159949
2020-02-24,15:30:00,1086173.4,False,36,159915
2020-02-25,15:30:00,1094632.6,False,36,159915
2020-02-26,15:30:00,1046804.2,False,36,159967
2020-02-27,15:30:00,1052648.45,False,36,512670
2020-02-28,15:30:00,992095.56,False,36,518880
2020-03-02,15:30:00,968180.72,True,8,511880
2020-03-03,15:30:00,966847.21,True,8,159985
2020-03-04,15:30:00,966845.37,True,8,159985
2020-03-05,15:30:00,967842.27,True,8,159985
2020-03-06,15:30:00,960019.14,False,39,515050
2020-03-09,15:30:00,915276.55,False,40,512170
2020-03-10,15:30:00,913267.87,True,9,511880
2020-03-11,15:30:00,915186.2,True,9,518880
2020-03-12,15:30:00,903852.06,True,9,511880
2020-03-13,15:30:00,903887.26,True,9,511880
2020-03-16,15:30:00,892568.21,True,9,159985
2020-03-17,15:30:00,893493.67,True,9,159985
2020-03-18,15:30:00,891635.87,True,9,159985
2020-03-19,15:30:00,883056.69,True,9,511880
2020-03-20,15:30:00,883826.37,True,9,159985
2020-03-23,15:30:00,930766.77,True,9,159985
2020-03-24,15:30:00,918128.97,True,9,159985
2020-03-25,15:30:00,933474.87,True,9,159985
2020-03-26,15:30:00,909101.97,False,40,159985
2020-03-27,15:30:00,919934.37,False,40,159985
2020-03-30,15:30:00,928058.67,False,40,159985
2020-03-31,15:30:00,925350.57,True,9,159985
2020-04-01,15:30:00,907027.81,True,9,511880
2020-04-02,15:30:00,907036.61,True,9,511880
2020-04-03,15:30:00,903249.88,False,41,159985
2020-04-07,15:30:00,904863.62,False,41,511880
2020-04-08,15:30:00,904934.02,False,41,511880
2020-04-09,15:30:00,904995.62,False,41,511880
2020-04-10,15:30:00,905171.62,False,42,511880
2020-04-13,15:30:00,905215.62,False,42,511880
2020-04-14,15:30:00,910640.85,False,42,512010
2020-04-15,15:30:00,905855.54,False,42,512010
2020-04-16,15:30:00,907593.54,False,44,512010
2020-04-17,15:30:00,901510.54,False,44,512010
2020-04-20,15:30:00,906724.54,False,44,512010
2020-04-21,15:30:00,905536.75,False,44,512170
2020-04-22,15:30:00,912284.35,False,44,512170
2020-04-23,15:30:00,913971.25,False,44,512170
2020-04-24,15:30:00,893166.15,False,44,512170
2020-04-27,15:30:00,909136.25,True,9,513100
2020-04-28,15:30:00,931780.23,True,9,513100
2020-04-29,15:30:00,948570.63,False,43,513100
2020-04-30,15:30:00,984046.64,False,44,512690
2020-05-06,15:30:00,996486.14,False,44,512690
2020-05-07,15:30:00,1006437.74,False,44,512690
2020-05-08,15:30:00,1016389.34,False,44,512690
2020-05-11,15:30:00,1018877.24,False,44,512690
2020-05-12,15:30:00,1026340.94,False,44,512690
2020-05-13,15:30:00,1057854.34,False,44,512690
2020-05-14,15:30:00,1056195.74,False,44,512690
2020-05-15,15:30:00,1031785.55,False,44,159995
2020-05-18,15:30:00,990446.59,False,44,512480
2020-05-19,15:30:00,1023046.96,True,9,513100
2020-05-20,15:30:00,1012831.99,False,44,512690
2020-05-21,15:30:00,1019224.5,True,9,513100
2020-05-22,15:30:00,999920.47,True,9,161226
2020-05-25,15:30:00,1008662.77,True,9,161226
2020-05-26,15:30:00,1033640.77,True,9,161226
2020-05-27,15:30:00,1023649.57,True,9,161226
2020-05-28,15:30:00,1038636.37,True,9,161226
2020-05-29,15:30:00,1041134.17,True,9,161226
2020-06-01,15:30:00,1087338.06,True,9,161226
2020-06-02,15:30:00,1083190.26,False,44,512690
2020-06-03,15:30:00,1075046.8,False,44,513030
2020-06-04,15:30:00,1095156.21,False,44,161226
2020-06-05,15:30:00,1100437.16,False,44,161226
2020-06-08,15:30:00,1095152.58,False,44,513520
2020-06-09,15:30:00,1109099.73,False,44,513520
2020-06-10,15:30:00,1118073.63,False,44,513520
2020-06-11,15:30:00,1086166.43,False,44,513520
2020-06-12,15:30:00,1071209.93,False,44,513520
2020-06-15,15:30:00,1052080.8,False,44,512690
2020-06-16,15:30:00,1062815.0,False,44,513030
2020-06-17,15:30:00,1071044.06,False,44,513030
2020-06-18,15:30:00,1070014.46,False,44,513030
2020-06-19,15:30:00,1060202.76,False,44,515030
2020-06-22,15:30:00,1069982.51,False,44,515030
2020-06-23,15:30:00,1075408.11,False,44,159949
2020-06-24,15:30:00,1074232.96,False,44,159949
2020-06-29,15:30:00,1065666.71,False,44,512010
2020-06-30,15:30:00,1079577.11,False,44,159967
2020-07-01,15:30:00,1059457.01,False,44,159967
2020-07-02,15:30:00,1053947.54,False,44,159915
2020-07-03,15:30:00,1075359.38,False,44,515050
2020-07-06,15:30:00,1154946.6,False,44,512690
2020-07-07,15:30:00,1185603.51,False,44,159928
2020-07-08,15:30:00,1192260.02,False,44,515030
2020-07-09,15:30:00,1212333.35,False,44,512710
2020-07-10,15:30:00,1181986.06,False,44,512890
2020-07-13,15:30:00,1212223.61,False,44,512890
2020-07-14,15:30:00,1202517.16,False,44,510880
2020-07-15,15:30:00,1185057.16,False,44,510880
2020-07-16,15:30:00,1153629.16,False,44,510880
2020-07-17,15:30:00,1156822.74,True,9,161226
2020-07-20,15:30:00,1170153.74,True,9,161226
2020-07-21,15:30:00,1230143.24,True,9,161226
2020-07-22,15:30:00,1350113.92,True,9,161226
2020-07-23,15:30:00,1330687.82,False,44,513090
2020-07-24,15:30:00,1275854.76,False,44,161226
2020-07-27,15:30:00,1350345.61,True,9,513030
2020-07-28,15:30:00,1358921.31,True,9,513030
2020-07-29,15:30:00,1352524.6,True,9,159980
2020-07-30,15:30:00,1351536.66,False,44,512010
2020-07-31,15:30:00,1369724.66,False,43,512010
2020-08-03,15:30:00,1404281.86,False,44,512010
2020-08-04,15:30:00,1391095.56,False,44,512010
2020-08-05,15:30:00,1412921.16,False,44,512010
2020-08-06,15:30:00,1378363.96,False,44,512010
2020-08-07,15:30:00,1328255.18,False,43,518880
2020-08-10,15:30:00,1318329.5,False,43,159992
2020-08-11,15:30:00,1299418.07,False,43,159992
2020-08-12,15:30:00,1246296.25,True,9,513500
2020-08-13,15:30:00,1260513.75,True,9,513500
2020-08-14,15:30:00,1260513.75,True,9,513500
2020-08-17,15:30:00,1260513.75,True,9,513500
2020-08-18,15:30:00,1258807.65,False,44,513500
2020-08-19,15:30:00,1256197.8,False,44,512890
2020-08-20,15:30:00,1246012.56,True,9,513100
2020-08-21,15:30:00,1263392.18,True,9,513100
2020-08-24,15:30:00,1307801.44,True,9,513100
2020-08-25,15:30:00,1367221.44,False,44,513100
2020-08-26,15:30:00,1341076.64,False,44,513100
2020-08-27,15:30:00,1398714.04,True,9,513100
2020-08-28,15:30:00,1441332.56,True,9,513500
2020-08-31,15:30:00,1445401.84,False,44,512690
2020-09-01,15:30:00,1412480.31,False,44,159928
2020-09-02,15:30:00,1416829.26,False,44,512690
2020-09-03,15:30:00,1439990.84,False,44,512690
2020-09-04,15:30:00,1383687.9,False,44,159980
2020-09-07,15:30:00,1392671.0,True,9,159980
2020-09-08,15:30:00,1396520.9,True,9,159980
2020-09-09,15:30:00,1376820.84,True,9,159985
2020-09-10,15:30:00,1386069.24,True,9,159985
2020-09-11,15:30:00,1415135.64,True,9,159985
2020-09-14,15:30:00,1438912.63,True,9,159985
2020-09-15,15:30:00,1449421.84,True,9,513100
2020-09-16,15:30:00,1446716.44,True,9,513100
2020-09-17,15:30:00,1402512.54,True,9,159985
2020-09-18,15:30:00,1444291.74,True,9,159985
2020-09-21,15:30:00,1431235.74,False,45,159985
2020-09-22,15:30:00,1414262.94,False,45,159985
2020-09-23,15:30:00,1407734.94,True,9,159985
2020-09-24,15:30:00,1409040.54,False,44,159985
2020-09-25,15:30:00,1403496.09,True,9,511880
2020-09-28,15:30:00,1409919.27,True,9,513520
2020-09-29,15:30:00,1411851.12,True,9,513520
2020-09-30,15:30:00,1396687.92,True,9,513520
2020-10-09,15:30:00,1401510.79,True,9,159985
2020-10-12,15:30:00,1407436.88,False,46,159985
2020-10-13,15:30:00,1389017.56,False,45,159985
2020-10-14,15:30:00,1386562.16,False,46,159985
2020-10-15,15:30:00,1381775.6,False,46,515030
2020-10-16,15:30:00,1347644.6,False,46,515030
2020-10-19,15:30:00,1335129.9,False,46,515030
2020-10-20,15:30:00,1382913.3,False,46,515030
2020-10-21,15:30:00,1352195.4,False,46,515030
2020-10-22,15:30:00,1365847.8,False,46,515030
2020-10-23,15:30:00,1354747.38,True,9,159985
2020-10-26,15:30:00,1364293.12,True,9,159985
2020-10-27,15:30:00,1359634.79,True,9,513520
2020-10-28,15:30:00,1368861.71,True,9,159980
2020-10-29,15:30:00,1356773.82,True,9,511880
2020-10-30,15:30:00,1319463.68,False,45,515030
2020-11-02,15:30:00,1358414.37,True,9,511880
2020-11-03,15:30:00,1361584.45,True,9,159980
2020-11-04,15:30:00,1375742.78,False,45,515030
2020-11-05,15:30:00,1434835.45,False,45,512690
2020-11-06,15:30:00,1416646.11,False,45,512690
2020-11-09,15:30:00,1442936.01,False,45,512690
2020-11-10,15:30:00,1480011.51,False,45,512690
2020-11-11,15:30:00,1480685.61,False,45,512690
2020-11-12,15:30:00,1524502.11,False,45,512690
2020-11-13,15:30:00,1455308.41,False,45,512400
2020-11-16,15:30:00,1529095.72,True,9,513520
2020-11-17,15:30:00,1526547.47,True,9,513520
2020-11-18,15:30:00,1507486.97,True,9,513520
2020-11-19,15:30:00,1510028.37,True,9,513520
2020-11-20,15:30:00,1506216.27,True,9,513520
2020-11-23,15:30:00,1523695.42,False,47,512690
2020-11-24,15:30:00,1527472.18,False,47,512690
2020-11-25,15:30:00,1455977.42,False,47,515220
2020-11-26,15:30:00,1458828.78,True,9,513520
2020-11-27,15:30:00,1465612.03,True,9,513520
2020-11-30,15:30:00,1465612.03,True,9,513520
2020-12-01,15:30:00,1483346.53,True,9,513520
2020-12-02,15:30:00,1480975.66,False,46,515220
2020-12-03,15:30:00,1456206.09,False,46,515220
2020-12-04,15:30:00,1442067.0,False,46,513520
2020-12-07,15:30:00,1438633.0,False,46,513520
2020-12-08,15:30:00,1429764.51,False,46,159981
2020-12-09,15:30:00,1448057.97,False,46,159981
2020-12-10,15:30:00,1478374.93,True,9,159980
2020-12-11,15:30:00,1491093.93,True,9,159980
2020-12-14,15:30:00,1502330.96,True,9,501018
2020-12-15,15:30:00,1489836.83,True,9,159980
2020-12-16,15:30:00,1496174.33,True,9,159980
2020-12-17,15:30:00,1512651.83,True,9,159980
2020-12-18,15:30:00,1529728.04,False,46,159981
2020-12-21,15:30:00,1534161.44,False,46,159981
2020-12-22,15:30:00,1512906.73,False,46,512690
2020-12-23,15:30:00,1520058.59,False,47,159967
2020-12-24,15:30:00,1503336.07,False,47,512690
2020-12-25,15:30:00,1525140.14,False,47,515030
2020-12-28,15:30:00,1535754.02,False,47,512690
2020-12-29,15:30:00,1509862.85,False,47,512010
2020-12-30,15:30:00,1537987.73,False,47,159967
2020-12-31,15:30:00,1593581.03,False,47,159967
2021-01-04,15:30:00,1679379.58,False,48,512670
2021-01-05,15:30:00,1661924.67,False,48,512660
2021-01-06,15:30:00,1711936.34,False,48,159949
2021-01-07,15:30:00,1745818.49,False,49,159949
2021-01-08,15:30:00,1737331.51,False,50,512010
2021-01-11,15:30:00,1707877.85,False,50,159928
2021-01-12,15:30:00,1735370.47,False,50,159985
2021-01-13,15:30:00,1796241.41,False,50,159915
2021-01-14,15:30:00,1773726.41,False,49,159915
2021-01-15,15:30:00,1782044.08,False,49,512400
2021-01-18,15:30:00,1806630.63,True,9,501018
2021-01-19,15:30:00,1774738.62,False,51,159949
2021-01-20,15:30:00,1833958.93,True,9,501018
2021-01-21,15:30:00,1822160.39,True,9,501018
2021-01-22,15:30:00,1824171.61,False,51,159915
2021-01-25,15:30:00,1845546.33,False,52,512170
2021-01-26,15:30:00,1789076.41,False,52,159995
2021-01-27,15:30:00,1777243.21,False,51,159995
2021-01-28,15:30:00,1713173.35,False,51,510900
2021-01-29,15:30:00,1700603.68,True,9,511880
2021-02-01,15:30:00,1700754.88,True,9,511880
2021-02-02,15:30:00,1703075.84,True,9,501018
2021-02-03,15:30:00,1722050.74,True,9,501018
2021-02-04,15:30:00,1749157.74,True,9,501018
2021-02-05,15:30:00,1757289.84,True,9,501018
2021-02-08,15:30:00,1778970.43,True,9,501018
2021-02-09,15:30:00,1822518.4,False,52,512800
2021-02-10,15:30:00,1804232.6,False,52,512800
2021-02-18,15:30:00,1839397.6,False,52,512800
2021-02-19,15:30:00,1853166.21,False,54,159825
2021-02-22,15:30:00,1834972.44,False,54,159825
2021-02-23,15:30:00,1792524.44,False,54,159825
2021-02-24,15:30:00,1769233.72,True,9,501018
2021-02-25,15:30:00,1807017.2,True,9,501018
2021-02-26,15:30:00,1784223.83,True,9,159980
2021-03-01,15:30:00,1766649.13,True,9,159980
2021-03-02,15:30:00,1730661.01,True,9,513500
2021-03-03,15:30:00,1729934.51,True,9,513500
2021-03-04,15:30:00,1691304.3,True,9,511880
2021-03-05,15:30:00,1700481.38,True,9,501018
2021-03-08,15:30:00,1772001.88,True,9,511880
2021-03-09,15:30:00,1791217.11,True,9,513030
2021-03-10,15:30:00,1780646.2,True,9,501018
2021-03-11,15:30:00,1824517.89,True,9,501018
2021-03-12,15:30:00,1839162.09,True,9,501018
2021-03-15,15:30:00,1858687.69,True,9,501018
2021-03-16,15:30:00,1829399.29,True,9,501018
2021-03-17,15:30:00,1839162.09,True,9,501018
2021-03-18,15:30:00,1823370.87,True,9,513030
2021-03-19,15:30:00,1810180.73,False,57,515210
2021-03-22,15:30:00,1812463.53,True,9,159980
2021-03-23,15:30:00,1806231.97,True,9,511880
2021-03-24,15:30:00,1806338.77,True,9,511880
2021-03-25,15:30:00,1806374.37,True,9,511880
2021-03-26,15:30:00,1808450.24,True,9,513030
2021-03-29,15:30:00,1816339.01,False,58,513030
2021-03-30,15:30:00,1827046.21,False,58,513030
2021-03-31,15:30:00,1842342.21,False,58,513030
2021-04-01,15:30:00,1851519.81,False,58,513030
2021-04-02,15:30:00,1862227.01,False,58,513030
2021-04-06,15:30:00,1886582.43,False,58,513500
2021-04-07,15:30:00,1883235.16,False,58,513500
2021-04-08,15:30:00,1885656.26,False,58,513090
2021-04-09,15:30:00,1870816.26,False,58,513090
2021-04-12,15:30:00,1863080.2,True,9,513100
2021-04-13,15:30:00,1859069.2,True,9,513100
2021-04-14,15:30:00,1883135.2,True,9,513100
2021-04-15,15:30:00,1864283.5,True,9,513100
2021-04-16,15:30:00,1881530.8,True,9,513100
2021-04-19,15:30:00,1885140.7,True,9,513100
2021-04-20,15:30:00,1849353.31,False,60,512480
2021-04-21,15:30:00,1848093.07,False,60,512690
2021-04-22,15:30:00,1847380.03,False,60,512690
2021-04-23,15:30:00,1867178.83,False,60,512690
2021-04-26,15:30:00,1830409.63,False,60,512690
2021-04-27,15:30:00,1863643.33,False,60,512690
2021-04-28,15:30:00,1895912.18,False,60,159967
2021-04-29,15:30:00,1895912.18,False,60,159967
2021-04-30,15:30:00,1925559.38,False,60,159967
2021-05-06,15:30:00,1865880.96,False,60,159949
2021-05-07,15:30:00,1838874.32,True,9,159980
2021-05-10,15:30:00,1895079.62,True,9,159980
2021-05-11,15:30:00,1850638.22,True,9,159980
2021-05-12,15:30:00,1862402.12,True,9,159980
2021-05-13,15:30:00,1824496.22,True,9,159980
2021-05-14,15:30:00,1807948.43,True,9,518880
2021-05-17,15:30:00,1817886.76,False,61,159992
2021-05-18,15:30:00,1789381.76,False,61,159992
2021-05-19,15:30:00,1781263.68,False,60,515120
2021-05-20,15:30:00,1784336.48,False,60,515120
2021-05-21,15:30:00,1752072.08,False,60,515120
2021-05-24,15:30:00,1736708.08,False,60,515120
2021-05-25,15:30:00,1786132.59,False,60,512010
2021-05-26,15:30:00,1788437.46,False,60,512690
2021-05-27,15:30:00,1800611.46,False,61,512690
2021-05-28,15:30:00,1804263.66,False,62,512690
2021-05-31,15:30:00,1809133.26,False,62,512690
2021-06-01,15:30:00,1813161.83,False,62,515030
2021-06-02,15:30:00,1799655.79,False,62,515030
2021-06-03,15:30:00,1790806.71,False,62,512690
2021-06-04,15:30:00,1824835.67,True,9,501018
2021-06-07,15:30:00,1855186.03,False,61,512690
2021-06-08,15:30:00,1745897.14,True,9,501018
2021-06-09,15:30:00,1784873.59,True,9,501018
2021-06-10,15:30:00,1769248.19,True,9,501018
2021-06-11,15:30:00,1771415.45,False,62,159995
2021-06-15,15:30:00,1798271.4,True,9,501018
2021-06-16,15:30:00,1831777.31,True,9,501018
2021-06-17,15:30:00,1827312.91,True,9,501018
2021-06-18,15:30:00,1793829.91,True,9,501018
2021-06-21,15:30:00,1822848.51,True,9,501018
2021-06-22,15:30:00,1849629.91,True,9,501018
2021-06-23,15:30:00,1860790.41,True,9,501018
2021-06-24,15:30:00,1855487.13,False,63,159851
2021-06-25,15:30:00,1860680.89,False,63,501018
2021-06-28,15:30:00,1866677.09,False,63,588080
2021-06-29,15:30:00,1880413.91,False,64,515790
2021-06-30,15:30:00,1905714.71,False,64,515790
2021-07-01,15:30:00,1867477.96,False,64,515030
2021-07-02,15:30:00,1861239.56,False,64,515030
2021-07-05,15:30:00,1885791.7,True,9,501018
2021-07-06,15:30:00,1907826.63,True,9,501018
2021-07-07,15:30:00,1855135.35,True,9,513100
2021-07-08,15:30:00,1851747.75,True,9,513100
2021-07-09,15:30:00,1849112.95,True,9,513100
2021-07-12,15:30:00,1860781.35,True,9,513100
2021-07-13,15:30:00,1875451.47,False,64,159967
2021-07-14,15:30:00,1862145.87,False,64,159967
2021-07-15,15:30:00,1899845.07,False,64,159967
2021-07-16,15:30:00,1839575.4,False,64,159870
2021-07-19,15:30:00,1824611.92,True,9,159985
2021-07-20,15:30:00,1819135.92,True,9,159985
2021-07-21,15:30:00,1802205.83,True,9,511880
2021-07-22,15:30:00,1815068.65,False,64,159870
2021-07-23,15:30:00,1797911.77,False,64,515210
2021-07-26,15:30:00,1742346.06,True,9,159980
2021-07-27,15:30:00,1749755.46,True,9,159980
2021-07-28,15:30:00,1746050.76,True,9,159980
2021-07-29,15:30:00,1753460.16,True,9,159980
2021-07-30,15:30:00,1760869.56,True,9,159980
2021-08-02,15:30:00,1758399.76,True,9,159980
2021-08-03,15:30:00,1716601.11,False,65,512670
2021-08-04,15:30:00,1764638.98,False,65,512670
2021-08-05,15:30:00,1826899.52,False,65,512710
2021-08-06,15:30:00,1838138.44,False,65,512710
2021-08-09,15:30:00,1819526.27,False,65,512660
2021-08-10,15:30:00,1922231.46,False,65,159995
2021-08-11,15:30:00,1932331.81,False,65,159995
2021-08-12,15:30:00,1942404.68,False,65,515220
2021-08-13,15:30:00,1961556.68,False,65,515220
2021-08-16,15:30:00,1969171.12,True,9,513500
2021-08-17,15:30:00,1973489.5,True,9,513500
2021-08-18,15:30:00,1972047.5,True,9,513500
2021-08-19,15:30:00,1946914.84,True,9,511880
2021-08-20,15:30:00,1947294.84,True,9,511880
2021-08-23,15:30:00,1950172.75,True,9,513500
2021-08-24,15:30:00,1960833.25,True,9,513500
2021-08-25,15:30:00,1992032.13,False,66,515220
2021-08-26,15:30:00,2061596.03,False,67,515220
2021-08-27,15:30:00,2069968.36,True,9,513500
2021-08-30,15:30:00,2077484.36,True,9,513500
2021-08-31,15:30:00,2139729.06,False,67,512400
2021-09-01,15:30:00,2030884.23,True,9,513100
2021-09-02,15:30:00,2028155.63,True,9,513100
2021-09-03,15:30:00,2023867.83,True,9,513100
2021-09-06,15:30:00,2028935.23,True,9,513100
2021-09-07,15:30:00,2038869.67,False,67,510880
2021-09-08,15:30:00,2061189.16,False,67,510880
2021-09-09,15:30:00,2122829.7,False,67,512890
2021-09-10,15:30:00,2111385.24,False,67,512890
2021-09-13,15:30:00,2169011.58,False,67,512400
2021-09-14,15:30:00,2109379.04,False,67,512400
2021-09-15,15:30:00,2114278.91,False,67,159869
2021-09-16,15:30:00,2102429.04,True,9,513520
2021-09-17,15:30:00,2108601.44,True,9,513520
2021-09-22,15:30:00,2073785.66,True,9,501018
2021-09-23,15:30:00,2090177.79,True,9,501018
2021-09-24,15:30:00,2117121.64,True,9,501018
2021-09-27,15:30:00,2151435.64,True,9,501018
2021-09-28,15:30:00,2188200.64,True,9,501018
2021-09-29,15:30:00,2134278.64,True,9,501018
2021-09-30,15:30:00,2136729.64,True,9,501018
2021-10-08,15:30:00,2254372.54,True,9,501018
2021-10-11,15:30:00,2298483.83,False,69,501018
2021-10-12,15:30:00,2291131.43,False,68,501018
2021-10-13,15:30:00,2288680.63,True,9,501018
2021-10-14,15:30:00,2300934.63,False,69,501018
2021-10-15,15:30:00,2330338.93,False,69,501018
2021-10-18,15:30:00,2394586.69,False,69,159865
2021-10-19,15:30:00,2504902.6,False,69,159865
2021-10-20,15:30:00,2457338.69,False,68,159865
2021-10-21,15:30:00,2432749.58,False,69,159928
2021-10-22,15:30:00,2475414.8,False,70,501018
2021-10-25,15:30:00,2512147.47,False,70,501018
2021-10-26,15:30:00,2485978.47,False,70,501018
2021-10-27,15:30:00,2475510.87,False,70,501018
2021-10-28,15:30:00,2436253.36,False,69,501018
2021-10-29,15:30:00,2455557.39,True,9,513500
2021-11-01,15:30:00,2446360.28,False,69,515790
2021-11-02,15:30:00,2384828.02,False,69,515790
2021-11-03,15:30:00,2338741.49,False,69,516520
2021-11-04,15:30:00,2371900.42,False,69,516520
2021-11-05,15:30:00,2382175.18,False,68,516520
2021-11-08,15:30:00,2376000.58,False,70,516520
2021-11-09,15:30:00,2382175.18,False,70,516520
2021-11-10,15:30:00,2362867.98,False,69,512670
2021-11-11,15:30:00,2369225.61,False,69,512670
2021-11-12,15:30:00,2460359.16,False,70,512670
2021-11-15,15:30:00,2414819.39,False,70,512660
2021-11-16,15:30:00,2318689.23,False,70,512660
2021-11-17,15:30:00,2350838.32,False,70,512980
2021-11-18,15:30:00,2269660.18,False,69,515880
2021-11-19,15:30:00,2284432.26,True,9,513100
2021-11-22,15:30:00,2306959.16,False,70,512670
2021-11-23,15:30:00,2299712.81,False,69,159869
2021-11-24,15:30:00,2317417.61,False,67,159869
2021-11-25,15:30:00,2264325.19,False,69,515880
2021-11-26,15:30:00,2235795.38,False,70,515880
2021-11-29,15:30:00,2227644.98,False,70,515880
2021-11-30,15:30:00,2252064.6,False,70,516520
2021-12-01,15:30:00,2230370.57,False,70,562800
2021-12-02,15:30:00,2248299.86,False,70,562800
2021-12-03,15:30:00,2246201.8,True,9,159985
2021-12-06,15:30:00,2208356.7,False,69,562800
2021-12-07,15:30:00,2124802.11,True,9,159985
2021-12-08,15:30:00,2117007.62,True,9,159980
2021-12-09,15:30:00,2127538.53,False,70,562800
2021-12-10,15:30:00,2165766.67,False,70,512690
2021-12-13,15:30:00,2179704.2,False,70,512690
2021-12-14,15:30:00,2195218.2,False,70,512690
2021-12-15,15:30:00,2165737.29,False,71,512690
2021-12-16,15:30:00,2134703.68,False,71,512690
2021-12-17,15:30:00,2083500.88,False,71,512690
2021-12-20,15:30:00,2083142.0,True,9,159985
2021-12-21,15:30:00,2076572.66,True,9,159985
2021-12-22,15:30:00,2095458.56,True,9,159985
2021-12-23,15:30:00,2141814.86,True,9,159985
2021-12-24,15:30:00,2153833.16,True,9,159985
2021-12-27,15:30:00,2131513.46,True,9,159985
2021-12-28,15:30:00,2148682.46,True,9,159985
2021-12-29,15:30:00,2120348.18,False,70,512980
2021-12-30,15:30:00,2218589.1,True,9,159985
2021-12-31,15:30:00,2191799.74,True,9,513500
2022-01-04,15:30:00,2224005.51,False,72,512980
2022-01-05,15:30:00,2213898.36,True,9,159985
2022-01-06,15:30:00,2168676.14,True,9,501018
2022-01-07,15:30:00,2212179.92,True,9,501018
2022-01-10,15:30:00,2186039.52,True,9,501018
2022-01-11,15:30:00,2178910.32,True,9,501018
2022-01-12,15:30:00,2219309.12,True,9,501018
2022-01-13,15:30:00,2235943.92,True,9,501018
2022-01-14,15:30:00,2240696.72,True,9,501018
2022-01-17,15:30:00,2278719.12,True,9,501018
2022-01-18,15:30:00,2307235.92,True,9,501018
2022-01-19,15:30:00,2326242.02,False,73,501018
2022-01-20,15:30:00,2328618.32,True,9,501018
2022-01-21,15:30:00,2290597.52,True,9,501018
2022-01-24,15:30:00,2328618.32,True,9,501018
2022-01-25,15:30:00,2285158.96,True,9,518880
2022-01-26,15:30:00,2301642.55,True,9,501018
2022-01-27,15:30:00,2322910.45,True,9,501018
2022-01-28,15:30:00,2346541.45,True,9,501018
2022-02-07,15:30:00,2441060.34,True,9,501018
2022-02-08,15:30:00,2436334.34,True,9,501018
2022-02-09,15:30:00,2389074.34,True,9,501018
2022-02-10,15:30:00,2398526.34,True,9,501018
2022-02-11,15:30:00,2392038.45,True,9,159985
2022-02-14,15:30:00,2434858.45,True,9,159985
2022-02-15,15:30:00,2409358.41,True,9,159985
2022-02-16,15:30:00,2428695.89,True,9,159980
2022-02-17,15:30:00,2437461.69,False,72,501018
2022-02-18,15:30:00,2413729.69,False,72,501018
2022-02-21,15:30:00,2416102.89,False,72,501018
2022-02-22,15:30:00,2501538.09,False,72,501018
2022-02-23,15:30:00,2465940.09,True,9,501018
2022-02-24,15:30:00,2635457.75,False,72,562800
2022-02-25,15:30:00,2681849.32,True,9,501018
2022-02-28,15:30:00,2716591.0,True,9,501018
2022-03-01,15:30:00,2701681.6,True,9,501018
2022-03-02,15:30:00,2904417.48,False,72,512400
2022-03-03,15:30:00,2965576.73,True,9,501018
2022-03-04,15:30:00,2803759.49,True,9,159985
2022-03-07,15:30:00,2945522.29,True,9,159985
2022-03-08,15:30:00,2990289.49,True,9,159985
2022-03-09,15:30:00,3035052.88,True,9,159985
2022-03-10,15:30:00,2958579.68,True,9,159985
2022-03-11,15:30:00,3008940.08,True,9,159985
2022-03-14,15:30:00,3035052.88,True,9,159985
2022-03-15,15:30:00,2954849.28,True,9,159985
2022-03-16,15:30:00,3008940.08,True,9,159985
2022-03-17,15:30:00,2999614.08,True,9,159985
2022-03-18,15:30:00,3066761.28,True,9,159985
2022-03-21,15:30:00,3076082.37,False,72,159985
2022-03-22,15:30:00,3171197.06,False,71,159985
2022-03-23,15:30:00,3171197.06,False,72,159985
2022-03-24,15:30:00,3152547.06,False,72,159985
2022-03-25,15:30:00,3128302.06,False,72,159985
2022-03-28,15:30:00,3077947.06,True,9,159985
2022-03-29,15:30:00,3058839.12,True,9,513500
2022-03-30,15:30:00,3055297.82,True,9,513100
2022-03-31,15:30:00,3033711.68,False,71,513100
2022-04-01,15:30:00,3002910.68,True,9,513100
2022-04-06,15:30:00,2984430.08,True,9,513100
2022-04-07,15:30:00,2909925.79,True,9,511880
2022-04-08,15:30:00,2910327.59,True,9,511880
2022-04-11,15:30:00,2910528.49,True,9,511880
2022-04-12,15:30:00,2910384.99,True,9,511880
2022-04-13,15:30:00,2910528.49,True,9,511880
2022-04-14,15:30:00,2915009.67,True,9,159980
2022-04-15,15:30:00,2938770.79,True,9,159980
2022-04-18,15:30:00,2950657.49,True,9,159980
2022-04-19,15:30:00,2969336.59,True,9,159980
2022-04-20,15:30:00,2947261.29,True,9,159980
2022-04-21,15:30:00,2952367.0,True,9,518880
2022-04-22,15:30:00,2962840.58,True,9,518880
2022-04-25,15:30:00,2937955.74,True,9,511880
2022-04-26,15:30:00,2938245.74,True,9,511880
2022-04-27,15:30:00,2938448.74,True,9,511880
2022-04-28,15:30:00,2939144.74,True,9,511880
2022-04-29,15:30:00,2930483.77,True,9,518880
2022-05-05,15:30:00,2921364.83,False,72,511880
2022-05-06,15:30:00,2922084.83,False,72,511880
2022-05-09,15:30:00,2901832.03,True,9,501018
2022-05-10,15:30:00,2748819.8,True,9,511880
2022-05-11,15:30:00,2748765.6,False,72,511880
2022-05-12,15:30:00,2748955.3,False,72,511880
2022-05-13,15:30:00,2729838.79,False,71,501018
2022-05-16,15:30:00,2763051.0,False,71,501018
2022-05-17,15:30:00,2837744.98,False,71,501018
2022-05-18,15:30:00,2792099.38,False,72,501018
2022-05-19,15:30:00,2758902.58,False,73,501018
2022-05-20,15:30:00,2744378.98,False,72,501018
2022-05-23,15:30:00,2788937.42,False,72,512670
2022-05-24,15:30:00,2716913.3,False,72,515790
2022-05-25,15:30:00,2736550.03,True,9,501018
2022-05-26,15:30:00,2752693.77,True,9,501018
2022-05-27,15:30:00,2813945.92,True,9,501018
2022-05-30,15:30:00,2830269.21,True,9,501018
2022-05-31,15:30:00,2899096.1,False,73,159755
2022-06-01,15:30:00,2944096.0,False,73,516520
2022-06-02,15:30:00,3004722.05,False,72,515220
2022-06-06,15:30:00,3106385.15,False,72,515220
2022-06-07,15:30:00,3130440.44,False,72,516520
2022-06-08,15:30:00,3146987.94,False,72,516520
2022-06-09,15:30:00,2977132.12,False,71,159605
2022-06-10,15:30:00,3029980.84,False,71,512400
2022-06-13,15:30:00,3067692.67,False,72,513180
2022-06-14,15:30:00,3169678.38,False,73,516520
2022-06-15,15:30:00,3114405.47,False,73,516520
2022-06-16,15:30:00,3095605.34,False,73,513180
2022-06-17,15:30:00,3184834.24,False,72,516520
2022-06-20,15:30:00,3217631.04,False,72,516520
2022-06-21,15:30:00,3187566.77,False,72,512400
2022-06-22,15:30:00,3175797.15,False,72,515790
2022-06-23,15:30:00,3229555.17,False,72,515790
2022-06-24,15:30:00,3327855.25,False,72,159915
2022-06-27,15:30:00,3340833.64,False,72,159605
2022-06-28,15:30:00,3280335.97,False,72,562500
2022-06-29,15:30:00,3205604.78,False,72,516520
2022-06-30,15:30:00,3237915.38,False,72,512690
2022-07-01,15:30:00,3213667.67,False,72,512690
2022-07-04,15:30:00,3208876.82,False,72,159967
2022-07-05,15:30:00,3158188.25,False,72,159992
2022-07-06,15:30:00,3101894.68,False,72,562800
2022-07-07,15:30:00,3142058.68,True,9,511880
2022-07-08,15:30:00,3142305.88,True,9,511880
2022-07-11,15:30:00,3142522.18,True,9,511880
2022-07-12,15:30:00,3137802.16,True,9,513100
2022-07-13,15:30:00,3142019.29,True,9,513500
2022-07-14,15:30:00,3117818.42,True,9,511880
2022-07-15,15:30:00,3113622.98,True,9,513100
2022-07-18,15:30:00,3189318.98,True,9,513100
2022-07-19,15:30:00,3143901.38,True,9,513100
2022-07-20,15:30:00,3232546.96,True,9,513500
2022-07-21,15:30:00,3232955.25,True,9,513100
2022-07-22,15:30:00,3255439.05,True,9,513100
2022-07-25,15:30:00,3206724.15,True,9,513100
2022-07-26,15:30:00,3187987.65,True,9,513100
2022-07-27,15:30:00,3187987.65,True,9,513100
2022-07-28,15:30:00,3244197.15,True,9,513100
2022-07-29,15:30:00,3334127.05,True,9,513100
2022-08-01,15:30:00,3326632.65,True,9,513100
2022-08-02,15:30:00,3326632.65,True,9,513100
2022-08-03,15:30:00,3326632.65,True,9,513100
2022-08-04,15:30:00,3420307.24,True,9,513100
2022-08-05,15:30:00,3435290.43,True,9,513100
2022-08-08,15:30:00,3424049.73,True,9,513100
2022-08-09,15:30:00,3397821.43,True,9,513100
2022-08-10,15:30:00,3349111.73,False,73,513100
2022-08-11,15:30:00,3465265.63,True,9,513100
2022-08-12,15:30:00,3431543.53,False,73,513100
2022-08-15,15:30:00,3501326.1,False,73,512480
2022-08-16,15:30:00,3470848.9,False,73,512480
2022-08-17,15:30:00,3466425.03,False,74,513100
2022-08-18,15:30:00,3438897.5,False,74,512480
2022-08-19,15:30:00,3362900.39,False,74,513100
2022-08-22,15:30:00,3309960.59,True,9,513500
2022-08-23,15:30:00,3266015.39,False,74,513500
2022-08-24,15:30:00,3272498.61,False,74,515220
2022-08-25,15:30:00,3417528.69,True,9,159985
2022-08-26,15:30:00,3366041.19,True,9,159985
2022-08-29,15:30:00,3382517.19,True,9,159985
2022-08-30,15:30:00,3340924.84,True,9,518880
2022-08-31,15:30:00,3335372.9,True,9,159985
2022-09-01,15:30:00,3312063.25,True,10,511880
2022-09-02,15:30:00,3339425.41,True,10,159985
2022-09-05,15:30:00,3375627.01,True,10,159985
2022-09-06,15:30:00,3323335.81,True,10,159985
2022-09-07,15:30:00,3347470.21,True,10,159985
2022-09-08,15:30:00,3347470.21,True,10,159985
2022-09-09,15:30:00,3357526.21,True,10,159985
2022-09-13,15:30:00,3507262.34,False,76,515220
2022-09-14,15:30:00,3456069.1,False,76,512890
2022-09-15,15:30:00,3491343.7,False,76,512890
2022-09-16,15:30:00,3417848.87,True,10,159985
2022-09-19,15:30:00,3427706.87,True,10,159985
2022-09-20,15:30:00,3443479.67,True,10,159985
2022-09-21,15:30:00,3482911.67,True,10,159985
2022-09-22,15:30:00,3494741.27,True,10,159985
2022-09-23,15:30:00,3463195.67,True,10,159985
2022-09-26,15:30:00,3413020.16,True,10,511880
2022-09-27,15:30:00,3400100.58,True,10,159985
2022-09-28,15:30:00,3433157.08,True,10,159985
2022-09-29,15:30:00,3507048.08,True,10,159985
2022-09-30,15:30:00,3456491.08,True,10,159985
2022-10-10,15:30:00,3466213.58,True,10,159985
2022-10-11,15:30:00,3429761.01,True,10,161226
2022-10-12,15:30:00,3402719.8,True,10,161226
2022-10-13,15:30:00,3367372.52,True,10,159985
2022-10-14,15:30:00,3427992.24,True,10,159985
2022-10-17,15:30:00,3342702.23,False,76,159985
2022-10-18,15:30:00,3299110.33,False,76,159985
2022-10-19,15:30:00,3282999.7,False,75,511880
2022-10-20,15:30:00,3283160.2,False,75,511880
2022-10-21,15:30:00,3283449.1,False,75,511880
2022-10-24,15:30:00,3263464.25,False,75,159883
2022-10-25,15:30:00,3193502.77,True,10,501018
2022-10-26,15:30:00,3188664.58,True,10,513290
2022-10-27,15:30:00,3242068.85,True,10,513290
2022-10-28,15:30:00,3189946.89,True,10,513290
2022-10-31,15:30:00,3368834.8,True,10,513030
2022-11-01,15:30:00,3378872.84,True,10,513030
2022-11-02,15:30:00,3354563.24,True,10,513030
2022-11-03,15:30:00,3301442.73,False,77,515400
2022-11-04,15:30:00,3315821.77,False,78,159998
2022-11-07,15:30:00,3290713.43,False,78,513360
2022-11-08,15:30:00,3281899.02,False,78,159998
2022-11-09,15:30:00,3212506.71,False,78,159892
2022-11-10,15:30:00,3177746.05,False,78,159892
2022-11-11,15:30:00,3308517.0,False,78,159892
2022-11-14,15:30:00,3504804.79,False,78,513030
2022-11-15,15:30:00,3517310.6,False,78,515400
2022-11-16,15:30:00,3543120.71,False,78,513030
2022-11-17,15:30:00,3651115.76,False,78,515400
2022-11-18,15:30:00,3582186.55,False,78,515400
2022-11-21,15:30:00,3529270.39,False,78,513180
2022-11-22,15:30:00,3449843.61,True,10,513030
2022-11-23,15:30:00,3490056.45,True,10,513030
2022-11-24,15:30:00,3519407.25,True,10,513030
2022-11-25,15:30:00,3548758.05,True,10,513030
2022-11-28,15:30:00,3525929.65,True,10,513030
2022-11-29,15:30:00,3493317.65,True,10,513030
2022-11-30,15:30:00,3475447.33,True,10,513520
2022-12-01,15:30:00,3474081.86,False,78,513090
2022-12-02,15:30:00,3421477.03,False,79,513090
2022-12-05,15:30:00,3568957.63,False,77,513090
2022-12-06,15:30:00,3556128.23,False,77,513090
2022-12-07,15:30:00,3557149.07,False,77,512200
2022-12-08,15:30:00,3617549.97,False,77,512200
2022-12-09,15:30:00,3701181.27,False,78,512200
2022-12-12,15:30:00,3566954.14,False,78,513330
2022-12-13,15:30:00,3605474.25,False,78,513330
2022-12-14,15:30:00,3654735.48,True,9,161226
2022-12-15,15:30:00,3588483.79,True,9,161226
2022-12-16,15:30:00,3507572.6,True,9,159985
2022-12-19,15:30:00,3460469.45,True,9,511880
2022-12-20,15:30:00,3460570.85,True,9,511880
2022-12-21,15:30:00,3464028.97,True,9,161226
2022-12-22,15:30:00,3430963.45,True,9,161226
2022-12-23,15:30:00,3414750.37,True,9,159985
2022-12-26,15:30:00,3476042.37,True,9,161226
2022-12-27,15:30:00,3487845.01,True,10,159985
2022-12-28,15:30:00,3455074.99,False,77,512690
2022-12-29,15:30:00,3431550.83,True,10,159985
2022-12-30,15:30:00,3472934.03,True,10,159985
2023-01-03,15:30:00,3481555.53,False,78,159985
2023-01-04,15:30:00,3452529.97,False,78,513360
2023-01-05,15:30:00,3421262.97,False,78,513360
2023-01-06,15:30:00,3458783.37,False,79,513360
2023-01-09,15:30:00,3583845.96,False,79,513360
2023-01-10,15:30:00,3590600.14,False,79,513120
2023-01-11,15:30:00,3673052.14,False,79,513120
2023-01-12,15:30:00,3628390.64,False,79,513120
2023-01-13,15:30:00,3786423.64,False,79,513120
2023-01-16,15:30:00,3874605.67,False,80,512010
2023-01-17,15:30:00,3852686.41,False,80,512010
2023-01-18,15:30:00,3816274.91,False,80,512010
2023-01-19,15:30:00,3896376.11,False,79,512010
2023-01-20,15:30:00,3881812.11,False,80,512010
2023-01-30,15:30:00,3845402.11,False,80,512010
2023-01-31,15:30:00,3758516.44,False,79,159851
2023-02-01,15:30:00,3862366.67,False,79,159852
2023-02-02,15:30:00,3871852.06,False,79,515400
2023-02-03,15:30:00,3934828.26,False,79,515400
2023-02-06,15:30:00,3975307.35,False,79,515400
2023-02-07,15:30:00,3985484.18,True,11,513030
2023-02-08,15:30:00,3992242.76,True,11,513310
2023-02-09,15:30:00,4039783.12,True,11,513310
2023-02-10,15:30:00,4009904.03,True,11,513310
2023-02-13,15:30:00,3987485.03,True,11,513310
2023-02-14,15:30:00,4029056.44,False,80,515980
2023-02-15,15:30:00,4091334.76,False,80,159869
2023-02-16,15:30:00,4118834.98,False,80,159819
2023-02-17,15:30:00,3969702.31,True,11,513030
2023-02-20,15:30:00,4007980.2,True,11,513030
2023-02-21,15:30:00,3982722.49,True,11,513030
2023-02-22,15:30:00,3932790.38,False,80,159869
2023-02-23,15:30:00,3921846.62,True,11,513030
2023-02-24,15:30:00,3945236.58,True,11,513030
2023-02-27,15:30:00,3877033.46,True,11,511880
2023-02-28,15:30:00,3894118.24,True,11,511880
2023-03-01,15:30:00,3894581.44,True,11,511880
2023-03-02,15:30:00,3873599.03,False,80,515880
2023-03-03,15:30:00,3865576.22,False,80,515880
2023-03-06,15:30:00,3893647.62,False,80,515880
2023-03-07,15:30:00,3772314.26,False,80,512890
2023-03-08,15:30:00,3754220.11,True,11,501018
2023-03-09,15:30:00,3747790.94,True,11,513030
2023-03-10,15:30:00,3721796.42,True,11,513030
2023-03-13,15:30:00,3733023.51,True,11,518880
2023-03-14,15:30:00,3776313.31,True,11,518880
2023-03-15,15:30:00,3773584.21,True,11,518880
2023-03-16,15:30:00,3805423.71,True,11,518880
2023-03-17,15:30:00,3827256.51,True,11,518880
2023-03-20,15:30:00,3944607.81,True,11,518880
2023-03-21,15:30:00,3907310.11,True,11,518880
2023-03-22,15:30:00,3848832.74,False,81,588200
2023-03-23,15:30:00,4009253.14,False,81,588200
2023-03-24,15:30:00,3942663.54,False,81,588200
2023-03-27,15:30:00,3931324.13,False,81,159869
2023-03-28,15:30:00,3852167.15,False,81,588200
2023-03-29,15:30:00,4015927.92,False,81,588200
2023-03-30,15:30:00,4014111.61,False,81,516510
2023-03-31,15:30:00,4282557.52,False,81,159852
2023-04-03,15:30:00,4525103.05,False,81,159819
2023-04-04,15:30:00,4605757.06,False,81,512480
2023-04-06,15:30:00,4871831.52,False,81,159851
2023-04-07,15:30:00,4951566.78,False,81,513310
2023-04-10,15:30:00,4893431.78,False,81,513310
2023-04-11,15:30:00,4897579.77,False,81,513310
2023-04-12,15:30:00,4916454.3,False,81,588080
2023-04-13,15:30:00,4748322.33,False,80,515400
2023-04-14,15:30:00,4730136.8,True,11,161226
2023-04-17,15:30:00,4626764.61,True,11,513310
2023-04-18,15:30:00,4552724.01,False,81,513310
2023-04-19,15:30:00,4523795.9,False,81,512480
2023-04-20,15:30:00,4694371.77,False,81,512980
2023-04-21,15:30:00,4478308.18,True,11,161226
2023-04-24,15:30:00,4444025.8,True,11,513030
2023-04-25,15:30:00,4472582.43,True,11,513030
2023-04-26,15:30:00,4450375.83,True,11,513030
2023-04-27,15:30:00,4441597.97,True,11,161226
2023-04-28,15:30:00,4471050.71,True,11,513030
2023-05-04,15:30:00,4417813.65,True,11,161226
2023-05-05,15:30:00,4466887.09,True,11,161226
2023-05-08,15:30:00,4415449.39,True,11,161226
2023-05-09,15:30:00,4386872.89,True,11,161226
2023-05-10,15:30:00,4409729.38,True,11,161226
2023-05-11,15:30:00,4368304.53,True,11,513520
2023-05-12,15:30:00,4366457.01,True,11,513520
2023-05-15,15:30:00,4363082.18,True,11,513520
2023-05-16,15:30:00,4370537.98,True,11,513520
2023-05-17,15:30:00,4530837.68,True,11,513520
2023-05-18,15:30:00,4817874.96,True,11,513520
2023-05-19,15:30:00,5212971.72,True,11,513520
2023-05-22,15:30:00,4852534.52,True,11,513100
2023-05-23,15:30:00,4891951.08,True,11,513100
2023-05-24,15:30:00,4818127.08,True,11,513100
2023-05-25,15:30:00,4896872.68,True,11,513100
2023-05-26,15:30:00,4911637.48,True,11,513100
2023-05-29,15:30:00,5088809.26,True,11,513100
2023-05-30,15:30:00,5103572.86,True,11,513100
2023-05-31,15:30:00,5083888.06,True,11,513100
2023-06-01,15:30:00,5078966.86,True,11,513100
2023-06-02,15:30:00,5142937.35,True,11,513100
2023-06-05,15:30:00,5167542.85,False,82,513100
2023-06-06,15:30:00,5172459.15,False,82,513100
2023-06-07,15:30:00,5187222.15,True,11,513100
2023-06-08,15:30:00,5078825.34,True,11,513500
2023-06-09,15:30:00,5109106.51,True,11,513100
2023-06-12,15:30:00,5167545.31,True,11,513100
2023-06-13,15:30:00,5313072.19,False,82,515880
2023-06-14,15:30:00,5424089.28,False,82,515880
2023-06-15,15:30:00,5449402.52,False,82,516510
2023-06-16,15:30:00,5693839.71,False,82,516510
2023-06-19,15:30:00,5884098.96,False,82,515050
2023-06-20,15:30:00,5888798.2,False,82,516190
2023-06-21,15:30:00,5770417.15,False,82,159852
2023-06-26,15:30:00,5504615.36,False,82,516520
2023-06-27,15:30:00,5517512.04,True,11,159985
2023-06-28,15:30:00,5462584.06,True,11,159985
2023-06-29,15:30:00,5448176.64,True,11,159985
2023-06-30,15:30:00,5485611.03,True,11,159985
2023-07-03,15:30:00,5920463.7,True,11,159985
2023-07-04,15:30:00,5761546.39,False,82,515880
2023-07-05,15:30:00,5698740.64,False,82,159985
2023-07-06,15:30:00,5693090.72,False,82,159985
2023-07-07,15:30:00,5662103.72,True,11,159985
2023-07-10,15:30:00,5667737.72,True,11,159985
2023-07-11,15:30:00,5693086.51,True,11,159985
2023-07-12,15:30:00,5786044.21,False,82,159985
2023-07-13,15:30:00,5743790.71,True,11,159985
2023-07-14,15:30:00,5746604.6,False,82,159985
2023-07-17,15:30:00,5802940.6,False,82,159985
2023-07-18,15:30:00,5811391.0,True,11,159985
2023-07-19,15:30:00,5943774.59,True,11,159985
2023-07-20,15:30:00,5986025.09,True,11,159985
2023-07-21,15:30:00,5935324.49,True,11,159985
2023-07-24,15:30:00,5946591.29,True,11,159985
2023-07-25,15:30:00,6056437.88,True,11,159985
2023-07-26,15:30:00,6098686.88,False,82,159985
2023-07-27,15:30:00,6169097.66,False,82,159985
2023-07-28,15:30:00,6098685.16,False,82,159985
2023-07-31,15:30:00,6070520.16,False,82,159985
2023-08-01,15:30:00,6109987.31,False,83,501018
2023-08-02,15:30:00,6130666.69,False,83,512880
2023-08-03,15:30:00,6264966.53,False,83,512200
2023-08-04,15:30:00,6077846.92,False,83,513090
2023-08-07,15:30:00,6009195.31,False,83,513090
2023-08-08,15:30:00,6028809.31,False,83,513090
2023-08-09,15:30:00,5989581.31,False,83,513090
2023-08-10,15:30:00,6001896.71,True,11,501018
2023-08-11,15:30:00,5992717.36,True,12,501018
2023-08-14,15:30:00,5994449.12,True,12,501018
2023-08-15,15:30:00,5998724.11,True,12,501018
2023-08-16,15:30:00,5901254.72,True,12,159985
2023-08-17,15:30:00,5894503.24,True,12,159985
2023-08-18,15:30:00,5956330.28,True,12,159985
2023-08-21,15:30:00,6078008.58,True,12,159985
2023-08-22,15:30:00,5894196.68,True,12,159985
2023-08-23,15:30:00,5962548.81,True,12,511880
2023-08-24,15:30:00,5962900.41,True,12,511880
2023-08-25,15:30:00,5964313.51,True,12,159985
2023-08-28,15:30:00,6023014.29,True,12,159985
2023-08-29,15:30:00,6061268.79,True,12,159985
2023-08-30,15:30:00,6048517.29,False,84,159985
2023-08-31,15:30:00,6061268.79,False,84,159985
2023-09-01,15:30:00,5997511.29,False,83,159985
2023-09-04,15:30:00,5887848.39,False,84,159985
2023-09-05,15:30:00,5951605.89,False,83,159985
2023-09-06,15:30:00,6043416.69,False,84,159985
2023-09-07,15:30:00,6051067.59,False,84,159985
2023-09-08,15:30:00,5933066.55,True,12,501018
2023-09-11,15:30:00,5918497.82,True,12,159985
2023-09-12,15:30:00,5872201.38,True,12,501018
2023-09-13,15:30:00,5901973.34,True,12,501018
2023-09-14,15:30:00,5913642.41,True,12,501018
2023-09-15,15:30:00,6005980.64,True,12,501018
2023-09-18,15:30:00,6001699.34,True,12,501018
2023-09-19,15:30:00,5997418.04,True,12,501018
2023-09-20,15:30:00,5856906.02,True,12,518880
2023-09-21,15:30:00,5824862.93,True,12,518880
2023-09-22,15:30:00,5782771.16,True,12,501018
2023-09-25,15:30:00,5776607.89,True,12,518880
2023-09-26,15:30:00,5746529.6,True,12,518880
2023-09-27,15:30:00,5723732.83,True,12,511880
2023-09-28,15:30:00,5735876.25,True,12,501018
2023-10-09,15:30:00,5518828.93,True,12,511880
2023-10-10,15:30:00,5519856.83,True,12,511880
2023-10-11,15:30:00,5519099.43,True,12,511880
2023-10-12,15:30:00,5519153.53,True,12,511880
2023-10-13,15:30:00,5543476.93,False,86,515120
2023-10-16,15:30:00,5474111.61,True,12,511880
2023-10-17,15:30:00,5474433.81,True,12,511880
2023-10-18,15:30:00,5475561.51,True,12,511880
2023-10-19,15:30:00,5476152.21,True,12,511880
2023-10-20,15:30:00,5475991.11,True,12,511880
2023-10-23,15:30:00,5476152.21,True,12,511880
2023-10-24,15:30:00,5476152.21,True,12,511880
2023-10-25,15:30:00,5475507.81,True,12,511880
2023-10-26,15:30:00,5475454.11,True,12,511880
2023-10-27,15:30:00,5476205.91,True,12,511880
2023-10-30,15:30:00,5476635.51,False,89,511880
2023-10-31,15:30:00,5472436.14,False,88,561980
2023-11-01,15:30:00,5436438.65,False,89,561980
2023-11-02,15:30:00,5342519.58,False,89,513120
2023-11-03,15:30:00,5428397.13,False,90,513120
2023-11-06,15:30:00,5677221.01,False,91,513120
2023-11-07,15:30:00,5586322.6,False,91,513120
2023-11-08,15:30:00,5628740.5,False,91,513120
2023-11-09,15:30:00,5568138.39,False,91,513120
2023-11-10,15:30:00,5471176.38,False,91,513120
2023-11-13,15:30:00,5416632.18,False,91,513120
2023-11-14,15:30:00,5438077.02,False,91,159892
2023-11-15,15:30:00,5499615.88,False,90,159892
2023-11-16,15:30:00,5367882.57,False,90,159892
2023-11-17,15:30:00,5370736.16,True,12,513310
2023-11-20,15:30:00,5336184.16,True,13,513310
2023-11-21,15:30:00,5351069.92,True,13,159509
2023-11-22,15:30:00,5289800.31,True,13,159509
2023-11-23,15:30:00,5310222.31,True,13,159509
2023-11-24,15:30:00,5294905.81,True,13,159509
2023-11-27,15:30:00,5237354.7,True,13,513030
2023-11-28,15:30:00,5219537.81,True,13,513030
2023-11-29,15:30:00,5249474.15,True,13,513030
2023-11-30,15:30:00,5322059.05,True,13,513030
2023-12-01,15:30:00,5304980.25,True,13,513030
2023-12-04,15:30:00,5330598.45,True,13,513030
2023-12-05,15:30:00,5292171.15,True,13,513030
2023-12-06,15:30:00,5369020.74,True,13,513030
2023-12-07,15:30:00,5356211.94,True,13,513030
2023-12-08,15:30:00,5386099.14,True,13,513030
2023-12-11,15:30:00,5454407.43,True,13,513030
2023-12-12,15:30:00,5441598.93,True,13,513030
2023-12-13,15:30:00,5450137.93,True,13,513030
2023-12-14,15:30:00,5526983.53,True,13,513030
2023-12-15,15:30:00,5477705.83,True,13,513290
2023-12-18,15:30:00,5502445.58,True,13,513290
2023-12-19,15:30:00,5418343.18,True,13,513290
2023-12-20,15:30:00,5512339.98,True,13,513290
2023-12-21,15:30:00,5293844.27,True,13,513520
2023-12-22,15:30:00,5313367.82,True,13,513290
2023-12-25,15:30:00,5494023.91,True,13,513290
2023-12-26,15:30:00,5503788.91,True,13,513290
2023-12-27,15:30:00,5577021.2,True,13,513290
2023-12-28,15:30:00,5606310.3,True,13,513290
2023-12-29,15:30:00,5581898.8,False,94,513290
2024-01-02,15:30:00,5562369.6,False,94,513290
2024-01-03,15:30:00,5689304.29,False,93,513290
2024-01-04,15:30:00,5630717.89,False,94,513290
2024-01-05,15:30:00,5650246.69,True,13,513290
2024-01-08,15:30:00,5655128.89,True,13,513290
2024-01-09,15:30:00,5811354.48,True,13,513290
2024-01-10,15:30:00,5782062.48,True,13,513290
2024-01-11,15:30:00,5782062.48,True,13,513290
2024-01-12,15:30:00,5689304.48,True,13,513290
2024-01-15,15:30:00,5821960.69,True,14,513520
2024-01-16,15:30:00,5574252.45,True,14,513520
2024-01-17,15:30:00,5746294.33,True,14,513500
2024-01-18,15:30:00,5771982.24,True,14,159509
2024-01-19,15:30:00,5993645.61,True,14,513520
2024-01-22,15:30:00,6370558.01,True,14,513520
2024-01-23,15:30:00,6681897.78,True,14,513520
2024-01-24,15:30:00,6794483.88,True,14,159509
2024-01-25,15:30:00,6817449.88,True,14,159509
2024-01-26,15:30:00,6731322.18,False,96,159509
2024-01-29,15:30:00,6817446.18,False,96,159509
2024-01-30,15:30:00,6943756.27,False,96,159509
2024-01-31,15:30:00,6742798.67,True,14,159509
2024-02-01,15:30:00,6654575.75,True,14,501018
2024-02-02,15:30:00,6591437.58,True,14,159509
2024-02-05,15:30:00,6713046.38,True,14,159509
2024-02-06,15:30:00,6812541.56,True,14,159509
2024-02-07,15:30:00,6746210.36,False,98,159509
2024-02-08,15:30:00,6972835.95,False,96,159509
2024-02-19,15:30:00,6972835.95,False,97,159509
2024-02-20,15:30:00,6956253.75,False,97,159509
2024-02-21,15:30:00,6834650.95,False,99,159509
2024-02-22,15:30:00,7083378.15,False,99,159509
2024-02-23,15:30:00,7337626.52,False,99,159509
2024-02-26,15:30:00,7238138.51,False,99,159509
2024-02-27,15:30:00,7249192.11,False,99,159509
2024-02-28,15:30:00,7387362.11,False,99,159509
2024-02-29,15:30:00,7348674.51,False,99,159509
2024-03-01,15:30:00,7591846.89,False,99,159509
2024-03-04,15:30:00,7865047.12,False,100,159998
2024-03-05,15:30:00,7877078.89,False,100,159967
2024-03-06,15:30:00,7866839.83,False,99,159995
2024-03-07,15:30:00,7681535.07,False,99,159995
2024-03-08,15:30:00,7885586.57,False,99,159516
2024-03-11,15:30:00,7956812.2,False,99,513310
2024-03-12,15:30:00,7963556.66,False,99,159949
2024-03-13,15:30:00,7992885.99,False,98,512980
2024-03-14,15:30:00,7786480.6,False,100,159851
2024-03-15,15:30:00,7821713.9,False,100,159995
2024-03-18,15:30:00,8069647.81,False,100,159516
2024-03-19,15:30:00,7978599.34,False,100,159998
2024-03-20,15:30:00,8119042.64,False,100,515980
2024-03-21,15:30:00,8129154.76,False,100,561330
2024-03-22,15:30:00,8064390.35,False,100,515880
2024-03-25,15:30:00,8095846.77,True,16,159518
2024-03-26,15:30:00,8177101.97,True,16,159518
2024-03-27,15:30:00,8069923.05,True,16,159518
2024-03-28,15:30:00,8200063.15,True,16,159518
2024-03-29,15:30:00,8383788.63,True,16,159518
2024-04-01,15:30:00,8422059.22,True,16,159518
2024-04-02,15:30:00,8517088.3,False,100,517520
2024-04-03,15:30:00,8701560.79,False,100,159518
2024-04-08,15:30:00,8655286.99,False,100,159518
2024-04-09,15:30:00,8578158.69,True,16,159518
2024-04-10,15:30:00,8562729.28,True,16,159518
2024-04-11,15:30:00,8557603.73,True,16,161226
2024-04-12,15:30:00,8808324.74,True,16,161226
2024-04-15,15:30:00,8779783.04,True,16,161226
2024-04-16,15:30:00,8729073.58,True,16,518880
2024-04-17,15:30:00,8743452.88,True,16,518880
2024-04-18,15:30:00,8717889.68,True,16,518880
2024-04-19,15:30:00,8759429.88,True,16,518880
2024-04-22,15:30:00,8550359.36,True,16,159980
2024-04-23,15:30:00,8314637.5,True,16,159980
2024-04-24,15:30:00,8452193.1,True,16,159980
2024-04-25,15:30:00,8530796.3,True,16,159980
2024-04-26,15:30:00,8638875.7,True,16,159980
2024-04-29,15:30:00,8589748.7,False,99,159980
2024-04-30,15:30:00,8678171.79,False,99,159980
2024-05-06,15:30:00,8707647.39,False,99,159980
2024-05-07,15:30:00,8629045.79,False,99,159980
2024-05-08,15:30:00,8479833.11,False,99,513330
2024-05-09,15:30:00,8633296.4,False,99,513330
2024-05-10,15:30:00,8611368.0,False,99,513330
2024-05-13,15:30:00,8830597.79,False,99,513330
2024-05-14,15:30:00,8943163.64,False,99,513180
2024-05-15,15:30:00,8913737.99,False,99,510900
2024-05-16,15:30:00,9054877.83,True,16,159985
2024-05-17,15:30:00,9161052.63,True,16,159985
2024-05-20,15:30:00,9116841.36,False,99,513920
2024-05-21,15:30:00,9026136.71,False,99,513630
2024-05-22,15:30:00,9054362.44,False,99,513630
2024-05-23,15:30:00,8952559.93,False,99,513630
2024-05-24,15:30:00,8828714.88,True,16,159985
2024-05-27,15:30:00,8814691.93,True,16,513100
2024-05-28,15:30:00,8749243.54,True,16,161226
2024-05-29,15:30:00,8893929.94,True,16,159509
2024-05-30,15:30:00,8717413.36,True,16,511880
2024-05-31,15:30:00,8717585.76,True,16,511880
2024-06-03,15:30:00,8715753.13,True,15,159509
2024-06-04,15:30:00,8656742.13,True,16,159509
2024-06-05,15:30:00,8733456.43,True,16,159509
2024-06-06,15:30:00,9087519.4,True,16,159509
2024-06-07,15:30:00,9152422.09,True,16,159509
2024-06-11,15:30:00,9258632.89,True,16,159509
2024-06-12,15:30:00,9512351.26,True,16,159509
2024-06-13,15:30:00,9589066.03,True,16,159509
2024-06-14,15:30:00,9681395.37,True,16,513100
2024-06-17,15:30:00,9704716.95,True,16,513310
2024-06-18,15:30:00,9796620.45,True,16,513310
2024-06-19,15:30:00,9803689.95,True,16,513310
2024-06-20,15:30:00,9839034.43,True,16,513310
2024-06-21,15:30:00,9754198.83,True,16,513310
2024-06-24,15:30:00,9631545.79,True,16,513100
2024-06-25,15:30:00,9540490.91,True,16,513500
2024-06-26,15:30:00,9640531.2,True,16,513100
2024-06-27,15:30:00,9633922.48,True,16,513100
2024-06-28,15:30:00,9755635.32,True,16,159509
2024-07-01,15:30:00,9789776.52,True,16,159509
2024-07-02,15:30:00,9675972.52,True,16,159509
2024-07-03,15:30:00,9575693.42,True,16,513100
2024-07-04,15:30:00,9632993.91,True,16,513100
2024-07-05,15:30:00,9753957.41,True,16,513100
2024-07-08,15:30:00,9900386.91,True,16,513100
2024-07-09,15:30:00,10002245.89,True,16,513100
2024-07-10,15:30:00,9947267.57,True,16,513520
2024-07-11,15:30:00,9878393.95,True,16,513520
2024-07-12,15:30:00,9539271.76,False,101,513500
2024-07-15,15:30:00,9751521.18,False,101,513400
2024-07-16,15:30:00,9787498.78,False,101,513400
2024-07-17,15:30:00,10243182.52,False,101,513520
2024-07-18,15:30:00,10074756.39,False,101,513520
2024-07-19,15:30:00,9926793.19,False,102,513520
2024-07-22,15:30:00,9813111.52,False,102,513290
2024-07-23,15:30:00,10064607.81,False,101,513290
2024-07-24,15:30:00,9855694.95,True,17,511880
2024-07-25,15:30:00,9855889.35,True,17,511880
2024-07-26,15:30:00,9925045.96,True,17,159502
2024-07-29,15:30:00,9951720.76,True,17,159502
2024-07-30,15:30:00,9708410.4,True,17,513400
2024-07-31,15:30:00,9789096.26,True,17,513400
2024-08-01,15:30:00,9903390.03,False,100,159502
2024-08-02,15:30:00,9708343.46,True,17,518880
2024-08-05,15:30:00,9526922.79,True,17,511880
2024-08-06,15:30:00,9526922.79,True,17,511880
2024-08-07,15:30:00,9527392.29,True,17,511880
2024-08-08,15:30:00,9526922.79,True,17,511880
2024-08-09,15:30:00,9528425.19,True,17,511880
2024-08-12,15:30:00,9528800.79,True,17,511880
2024-08-13,15:30:00,9528988.59,True,17,511880
2024-08-14,15:30:00,9529176.39,True,17,511880
2024-08-15,15:30:00,9529458.09,True,17,511880
2024-08-16,15:30:00,9530866.59,True,17,511880
2024-08-19,15:30:00,9530960.49,True,17,511880
2024-08-20,15:30:00,9531617.79,True,17,511880
2024-08-21,15:30:00,9537267.66,True,17,518880
2024-08-22,15:30:00,9513203.06,True,17,518880
2024-08-23,15:30:00,9480543.96,True,17,518880
2024-08-26,15:30:00,9538986.56,True,17,518880
2024-08-27,15:30:00,9532110.96,True,17,518880
2024-08-28,15:30:00,9545455.57,True,17,513520
2024-08-29,15:30:00,9471513.23,True,17,513030
2024-08-30,15:30:00,9458138.31,True,17,513030
2024-09-02,15:30:00,9484859.51,False,100,513030
2024-09-03,15:30:00,9524941.31,True,17,513030
2024-09-04,15:30:00,9282221.89,True,17,511880
2024-09-05,15:30:00,9278123.74,True,17,159529
2024-09-06,15:30:00,9267561.03,True,17,159529
2024-09-09,15:30:00,9247275.4,True,17,159985
2024-09-10,15:30:00,9260781.17,True,17,159529
2024-09-11,15:30:00,9301837.48,True,17,159529
2024-09-12,15:30:00,9359594.88,True,17,159529
2024-09-13,15:30:00,9409100.07,True,17,159529
2024-09-18,15:30:00,9441123.23,True,17,159985
2024-09-19,15:30:00,9355097.87,True,17,159985
2024-09-20,15:30:00,9310288.9,True,17,159529
2024-09-23,15:30:00,9343753.75,True,17,159529
2024-09-24,15:30:00,9432612.38,False,102,159851
2024-09-25,15:30:00,9549281.58,False,102,159851
2024-09-26,15:30:00,10127468.34,False,102,159851
2024-09-27,15:30:00,11388119.11,False,102,512200
2024-09-30,15:30:00,12369759.08,False,103,159605
2024-10-08,15:30:00,12773150.71,False,101,512980
2024-10-09,15:30:00,11629711.02,False,99,511380
2024-10-10,15:30:00,11654847.83,False,99,159980
2024-10-11,15:30:00,11702667.08,False,99,159980
2024-10-14,15:30:00,11729546.0,False,99,512800
2024-10-15,15:30:00,11514673.26,False,99,517520
2024-10-16,15:30:00,11706531.81,False,98,515220
2024-10-17,15:30:00,11751936.69,True,17,161226
2024-10-18,15:30:00,11801896.29,True,17,161226
2024-10-21,15:30:00,12453435.64,True,17,161226
2024-10-22,15:30:00,12474757.75,False,100,513970
2024-10-23,15:30:00,12630288.43,False,101,159928
2024-10-24,15:30:00,12442157.01,False,102,159883
2024-10-25,15:30:00,12562682.36,False,102,159605
2024-10-28,15:30:00,12719839.97,False,103,513180
2024-10-29,15:30:00,12765042.43,False,103,512170
2024-10-30,15:30:00,12611564.98,False,103,562500
2024-10-31,15:30:00,12507207.2,True,17,518880
2024-11-01,15:30:00,12400862.0,True,17,518880
2024-11-04,15:30:00,12379433.99,True,17,159502
2024-11-05,15:30:00,12399834.02,False,102,159638
2024-11-06,15:30:00,12353281.27,False,102,159516
2024-11-07,15:30:00,12769519.12,False,102,561980
2024-11-08,15:30:00,13113281.59,False,101,561980
2024-11-11,15:30:00,14112333.69,False,100,159998
2024-11-12,15:30:00,13756520.14,False,101,516510
2024-11-13,15:30:00,14150254.03,False,101,512880
2024-11-14,15:30:00,13919480.08,False,103,512200
2024-11-15,15:30:00,13660399.04,True,17,159529
2024-11-18,15:30:00,13830197.18,True,17,159529
2024-11-19,15:30:00,13852292.39,True,17,159529
2024-11-20,15:30:00,13896565.19,True,17,159529
2024-11-21,15:30:00,13808015.77,True,17,159529
2024-11-22,15:30:00,13894472.41,True,17,159518
2024-11-25,15:30:00,14245256.41,True,17,159529
2024-11-26,15:30:00,14922759.95,True,17,159529
2024-11-27,15:30:00,16332231.06,True,17,159529
2024-11-28,15:30:00,17084915.8,True,17,159518
2024-11-29,15:30:00,17113086.92,True,17,159518
2024-12-02,15:30:00,17112216.65,False,103,159518
2024-12-03,15:30:00,17076704.94,False,104,159518
2024-12-04,15:30:00,16997435.38,False,103,513500
2024-12-05,15:30:00,16722232.41,False,104,513500
2024-12-06,15:30:00,16684880.17,False,104,513500
2024-12-09,15:30:00,16677406.57,False,104,513500
2024-12-10,15:30:00,16516887.71,False,104,159529
2024-12-11,15:30:00,16576353.21,False,103,159529
2024-12-12,15:30:00,16647706.91,False,103,159529
2024-12-13,15:30:00,16437669.02,False,103,512980
2024-12-16,15:30:00,16146053.89,True,17,159529
2024-12-17,15:30:00,17075668.73,True,17,159529
2024-12-18,15:30:00,17844587.11,True,17,159529
2024-12-19,15:30:00,16605298.48,True,17,159529
2024-12-20,15:30:00,15969555.94,True,17,511880
2024-12-23,15:30:00,16101346.88,True,17,513100
2024-12-24,15:30:00,16062373.72,True,17,513100
2024-12-25,15:30:00,16833130.66,True,17,159529
2024-12-26,15:30:00,17060006.43,True,17,159529
2024-12-27,15:30:00,16389764.35,False,105,159529
2024-12-30,15:30:00,16618264.78,False,104,515050
2024-12-31,15:30:00,16015932.53,False,104,515050
2025-01-02,15:30:00,15638828.72,True,17,501018
2025-01-03,15:30:00,15658822.02,True,17,159509
2025-01-06,15:30:00,16034606.06,True,17,159509
2025-01-07,15:30:00,16044246.85,True,17,159509
2025-01-08,15:30:00,16100026.73,True,17,159529
2025-01-09,15:30:00,16567339.13,True,17,501018
2025-01-10,15:30:00,16656532.57,True,17,501018
2025-01-13,15:30:00,17180316.44,True,17,501018
2025-01-14,15:30:00,16718799.28,True,17,159518
2025-01-15,15:30:00,17419762.27,False,106,159518
2025-01-16,15:30:00,17422903.87,False,106,501018
2025-01-17,15:30:00,17918107.56,False,106,520830
2025-01-20,15:30:00,17888023.35,False,106,520830
2025-01-21,15:30:00,18097722.02,False,106,513030
2025-01-22,15:30:00,19028814.26,False,106,513030
2025-01-23,15:30:00,19028778.9,False,106,501018
2025-01-24,15:30:00,19238526.28,False,106,513310
2025-01-27,15:30:00,19107613.27,False,107,159985
2025-02-05,15:30:00,19886360.0,True,17,159985
2025-02-06,15:30:00,19696677.3,True,17,159985
2025-02-07,15:30:00,19499333.15,False,106,562500
2025-02-10,15:30:00,19295769.31,False,106,513030
2025-02-11,15:30:00,19431137.28,False,107,562500
2025-02-12,15:30:00,19668487.37,False,107,159998
2025-02-13,15:30:00,19275582.34,False,107,159851
2025-02-14,15:30:00,19736384.02,False,105,510900
2025-02-17,15:30:00,19918927.11,False,105,510900
2025-02-18,15:30:00,19882613.3,False,106,159732
2025-02-19,15:30:00,20310368.91,False,106,513120
2025-02-20,15:30:00,20608533.83,False,107,512170
2025-02-21,15:30:00,20837054.62,False,105,512170
2025-02-24,15:30:00,20511422.75,False,105,588220
2025-02-25,15:30:00,20584014.8,False,105,512170
2025-02-26,15:30:00,20695091.89,False,105,588220
2025-02-27,15:30:00,20675263.77,False,106,588220
2025-02-28,15:30:00,19654847.61,False,106,561980
2025-03-03,15:30:00,19675707.56,True,17,159985
2025-03-04,15:30:00,19539734.92,True,17,159985
2025-03-05,15:30:00,19091378.54,True,17,518880
2025-03-06,15:30:00,19056444.44,True,17,518880
2025-03-07,15:30:00,18576692.17,False,106,159323
2025-03-10,15:30:00,18364718.38,False,107,159892
2025-03-11,15:30:00,18332336.88,False,107,159892
2025-03-12,15:30:00,18219445.73,False,106,159323
2025-03-13,15:30:00,18091899.58,False,106,159323
2025-03-14,15:30:00,18345106.43,True,17,513030
2025-03-17,15:30:00,18643054.67,False,106,159323
2025-03-18,15:30:00,19145073.91,False,106,159323
2025-03-19,15:30:00,19016065.71,False,106,159323
2025-03-20,15:30:00,18973063.59,False,108,159323
2025-03-21,15:30:00,18123285.46,False,107,517520
2025-03-24,15:30:00,18062254.35,True,17,513030
2025-03-25,15:30:00,17847959.1,True,17,159980
2025-03-26,15:30:00,17842616.25,True,17,513030
2025-03-27,15:30:00,17519855.4,True,17,159980
2025-03-28,15:30:00,17400495.17,True,17,518880
2025-03-31,15:30:00,17585733.37,True,17,518880
2025-04-01,15:30:00,17695863.03,True,17,518880
2025-04-02,15:30:00,17628284.73,True,17,518880
2025-04-03,15:30:00,17790973.23,True,17,518880
2025-04-07,15:30:00,17324737.3,True,17,511880
2025-04-08,15:30:00,17326114.1,True,17,511880
2025-04-09,15:30:00,17326974.6,True,17,511880
2025-04-10,15:30:00,17328860.65,True,17,518880
2025-04-11,15:30:00,17592070.83,True,17,518880
2025-04-14,15:30:00,17722426.83,True,17,518880
2025-04-15,15:30:00,17717598.83,True,17,518880
2025-04-16,15:30:00,18147283.99,True,17,518880
2025-04-17,15:30:00,18296943.66,True,17,518880
2025-04-18,15:30:00,18340392.06,False,108,518880
2025-04-21,15:30:00,18680737.86,False,108,518880
2025-04-22,15:30:00,19303494.98,False,108,518880
2025-04-23,15:30:00,18328047.25,False,108,159865
2025-04-24,15:30:00,18509972.07,False,108,511880
2025-04-25,15:30:00,18511074.87,False,106,511880
2025-04-28,15:30:00,18408469.58,False,106,518880
2025-04-29,15:30:00,18536420.47,False,106,518880
2025-04-30,15:30:00,18423219.07,False,107,518880
2025-05-06,15:30:00,18770205.97,False,107,518880
2025-05-07,15:30:00,18915399.07,False,107,518880
2025-05-08,15:30:00,18824766.24,False,107,513030
2025-05-09,15:30:00,19028245.72,False,107,513030
2025-05-12,15:30:00,19353551.1,False,107,513030
2025-05-13,15:30:00,18804593.17,False,107,513030
2025-05-14,15:30:00,18885921.97,False,107,513030
2025-05-15,15:30:00,18499602.36,False,107,513030
2025-05-16,15:30:00,18957204.46,False,107,513750
2025-05-19,15:30:00,18928159.14,False,107,513750
2025-05-20,15:30:00,19160470.92,False,107,513750
2025-05-21,15:30:00,19189506.71,False,107,513750
2025-05-22,15:30:00,19052113.77,False,109,159323
2025-05-23,15:30:00,19096091.35,False,109,159323
2025-05-26,15:30:00,18191570.51,True,17,159529
2025-05-27,15:30:00,18173788.08,True,17,513030
2025-05-28,15:30:00,18185858.81,True,17,159529
2025-05-29,15:30:00,18208517.21,True,17,159529
2025-05-30,15:30:00,17872854.05,True,17,159509
2025-06-03,15:30:00,17977429.38,True,17,159509
2025-06-04,15:30:00,18140214.38,True,17,159509
2025-06-05,15:30:00,18100571.41,False,108,513120
2025-06-06,15:30:00,18511120.5,False,108,513120
2025-06-09,15:30:00,19355399.82,False,108,159892
2025-06-10,15:30:00,20045014.24,False,108,515120
2025-06-11,15:30:00,19882103.72,False,108,515120
2025-06-12,15:30:00,20403401.49,False,108,515120
2025-06-13,15:30:00,19979851.96,False,108,515120
2025-06-16,15:30:00,19925664.95,True,17,161226
2025-06-17,15:30:00,19960878.86,True,17,161226
2025-06-18,15:30:00,20328705.02,True,17,161226
2025-06-19,15:30:00,20865901.56,True,17,501018
2025-06-20,15:30:00,21103845.07,True,17,159518
2025-06-23,15:30:00,21439545.13,True,17,159518
2025-06-24,15:30:00,20265305.09,True,17,513310
2025-06-25,15:30:00,20491060.42,False,108,513120
2025-06-26,15:30:00,19544501.12,False,108,159851
2025-06-27,15:30:00,19380881.59,False,108,159851
2025-06-30,15:30:00,19631059.53,False,108,513090
2025-07-01,15:30:00,19535312.32,False,107,513090
2025-07-02,15:30:00,19296876.84,False,108,159851
2025-07-03,15:30:00,19540477.13,False,107,513090
2025-07-04,15:30:00,19677252.46,False,108,513090
2025-07-07,15:30:00,19835017.65,False,107,513090
2025-07-08,15:30:00,20571272.41,False,107,513090
2025-07-09,15:30:00,20493152.49,False,109,159851
2025-07-10,15:30:00,20371849.49,False,109,159851
2025-07-11,15:30:00,21136062.94,False,109,159851
2025-07-14,15:30:00,20421789.59,False,108,515050
2025-07-15,15:30:00,21527965.81,False,108,515050
2025-07-16,15:30:00,21377133.58,False,108,515050
2025-07-17,15:30:00,22365888.72,False,108,515050
2025-07-18,15:30:00,22158580.07,False,108,159363
2025-07-21,15:30:00,21900987.72,False,109,159583
2025-07-22,15:30:00,22052540.76,False,109,515210
2025-07-23,15:30:00,21943741.84,False,110,515210
2025-07-24,15:30:00,22558044.6,False,110,560860
2025-07-25,15:30:00,22514513.32,False,110,560860
2025-07-28,15:30:00,22560977.94,False,109,159583
2025-07-29,15:30:00,22809574.78,False,109,515120
2025-07-30,15:30:00,22726006.66,False,108,512170
2025-07-31,15:30:00,22620697.78,False,109,560860
2025-08-01,15:30:00,22436895.09,True,17,159509
2025-08-04,15:30:00,22272708.75,True,17,518880
2025-08-05,15:30:00,22438094.65,True,17,159509
2025-08-06,15:30:00,22326623.35,True,17,159509
2025-08-07,15:30:00,22575825.31,False,111,159583
2025-08-08,15:30:00,22492798.66,False,111,159583
2025-08-11,15:30:00,22920262.26,True,17,159509
2025-08-12,15:30:00,23286676.61,False,111,159583
2025-08-13,15:30:00,24785054.28,False,111,159583
2025-08-14,15:30:00,24110835.77,False,111,159583
2025-08-15,15:30:00,24230696.57,False,110,159583
2025-08-18,15:30:00,25526397.73,False,110,159363
2025-08-19,15:30:00,25937055.86,False,110,588790
2025-08-20,15:30:00,27044766.79,False,110,588790
2025-08-21,15:30:00,26755370.55,False,110,588200
2025-08-22,15:30:00,29335823.99,False,110,588220
2025-08-25,15:30:00,29914580.2,False,110,588220
2025-08-26,15:30:00,29637479.34,False,111,159915
2025-08-27,15:30:00,29774316.84,False,111,159667
2025-08-28,15:30:00,30054537.04,False,111,516520
2025-08-29,15:30:00,29990583.84,False,111,159667
2025-09-01,15:30:00,30226335.29,False,111,513310
2025-09-02,15:30:00,30161926.44,False,111,159840
2025-09-03,15:30:00,30499655.96,False,111,517520
2025-09-04,15:30:00,29028066.54,False,111,515790
2025-09-05,15:30:00,30422206.19,True,17,161226
2025-09-08,15:30:00,30262793.09,False,111,516520
2025-09-09,15:30:00,29937655.73,False,111,562800
2025-09-10,15:30:00,29255953.75,True,17,513310
2025-09-11,15:30:00,30477592.11,True,17,513310
2025-09-12,15:30:00,31162682.62,False,111,512400
2025-09-15,15:30:00,30920822.52,False,111,512400
2025-09-16,15:30:00,30412874.02,False,111,159819
2025-09-17,15:30:00,30504252.38,False,111,159363
2025-09-18,15:30:00,30238585.92,False,111,515790
2025-09-19,15:30:00,30019537.23,False,111,515980
2025-09-22,15:30:00,31016882.5,False,111,515880
2025-09-23,15:30:00,30680872.43,False,111,517520
2025-09-24,15:30:00,30749473.16,False,111,159915
2025-09-25,15:30:00,31243835.75,False,111,159732
2025-09-26,15:30:00,30172208.98,False,111,159732
2025-09-29,15:30:00,30749909.52,False,111,159949
2025-09-30,15:30:00,30672270.24,False,111,159995
2025-10-09,15:30:00,32023405.67,False,111,159949
2025-10-10,15:30:00,30434067.36,False,111,513330
2025-10-13,15:30:00,30202252.02,False,111,161226
2025-10-14,15:30:00,31865500.46,True,17,159509
2025-10-15,15:30:00,32764410.72,True,17,518880
2025-10-16,15:30:00,32967285.12,True,17,518880
2025-10-17,15:30:00,33995971.3,True,17,159502
2025-10-20,15:30:00,34505372.58,True,17,159502
2025-10-21,15:30:00,35014428.13,True,17,159502
2025-10-22,15:30:00,35127838.64,True,17,513310
2025-10-23,15:30:00,34729711.74,True,17,159509
2025-10-24,15:30:00,35393010.03,False,111,159502
2025-10-27,15:30:00,35887890.77,False,111,159502
2025-10-28,15:30:00,36289968.22,False,111,159502
2025-10-29,15:30:00,36661104.41,False,111,159502
2025-10-30,15:30:00,36382749.71,False,111,159502
2025-10-31,15:30:00,36661099.79,False,111,159502
2025-11-03,15:30:00,37372435.43,False,112,159502
2025-11-04,15:30:00,35979496.72,False,112,159509
2025-11-05,15:30:00,35917511.3,True,17,159985
2025-11-06,15:30:00,35806569.08,True,17,159509
2025-11-07,15:30:00,35487149.65,False,112,513520
2025-11-10,15:30:00,36023714.43,False,112,513310
2025-11-11,15:30:00,36170434.06,False,112,513310
2025-11-12,15:30:00,36043696.32,True,17,513290
2025-11-13,15:30:00,36385064.72,True,17,513290
2025-11-14,15:30:00,35758037.27,False,112,159766
2025-11-17,15:30:00,36151268.74,True,17,513290
2025-11-18,15:30:00,35622803.73,True,17,513290
2025-11-19,15:30:00,35382688.11,True,17,513290
2025-11-20,15:30:00,35815048.59,True,17,513290
2025-11-21,15:30:00,35118156.34,True,17,159502
2025-11-24,15:30:00,36082106.84,True,17,513290
2025-11-25,15:30:00,37418434.68,True,17,513290
2025-11-26,15:30:00,38134381.07,True,17,513290
2025-11-27,15:30:00,38110520.87,True,17,513290
2025-11-28,15:30:00,38468419.66,True,17,513290
2025-12-01,15:30:00,38478522.4,False,112,161226
2025-12-02,15:30:00,38312416.14,False,112,161226
2025-12-03,15:30:00,40496478.85,False,112,159502
2025-12-04,15:30:00,42053324.67,False,112,159502
2025-12-05,15:30:00,42209021.06,False,112,159502
2025-12-08,15:30:00,41648617.46,False,112,159502
2025-12-09,15:30:00,41742025.92,False,111,159502
2025-12-10,15:30:00,40994773.92,False,111,159502
2025-12-11,15:30:00,40126465.73,False,111,159583
2025-12-12,15:30:00,40542907.91,True,17,159502
2025-12-15,15:30:00,40505595.52,False,112,159206
2025-12-16,15:30:00,39971179.65,True,17,518880
2025-12-17,15:30:00,40273376.65,True,17,518880
2025-12-18,15:30:00,39931504.02,False,112,515880
2025-12-19,15:30:00,40612463.84,True,17,159980
2025-12-22,15:30:00,40950574.0,True,17,159980
2025-12-23,15:30:00,40961795.86,False,111,515880
2025-12-24,15:30:00,41628829.02,False,112,159363
2025-12-25,15:30:00,41628566.32,False,112,159363
2025-12-26,15:30:00,41377751.72,False,112,159638
2025-12-29,15:30:00,41744809.48,False,112,515880
2025-12-30,15:30:00,41048743.57,False,112,159227
2025-12-31,15:30:00,42349981.18,False,112,159227
2026-01-05,15:30:00,43070872.07,False,112,512670
2026-01-06,15:30:00,44106752.11,False,112,159583
2026-01-07,15:30:00,44386991.38,False,112,561330
2026-01-08,15:30:00,43670879.77,False,112,561330
2026-01-09,15:30:00,45375705.58,False,112,561980
2026-01-12,15:30:00,45648824.33,False,112,159870
2026-01-13,15:30:00,44986916.74,False,112,159256
2026-01-14,15:30:00,47063158.1,False,112,159870
2026-01-15,15:30:00,47735868.67,False,112,510500
2026-01-16,15:30:00,47759411.54,False,112,562500
2026-01-19,15:30:00,48436592.08,False,112,159870
2026-01-20,15:30:00,49145060.26,False,112,159870
2026-01-21,15:30:00,49154638.08,True,17,518880
2026-01-22,15:30:00,48984380.37,True,17,518880
2026-01-23,15:30:00,50268927.3,True,17,159980
2026-01-26,15:30:00,50470385.22,False,112,562500
2026-01-27,15:30:00,50523154.52,False,112,515400
2026-01-28,15:30:00,50564682.87,False,112,516190
2026-01-29,15:30:00,50169058.9,False,112,159995
2026-01-30,15:30:00,50694731.24,False,112,588790
2026-02-02,15:30:00,49194017.37,True,17,159985
2026-02-03,15:30:00,49400591.13,True,17,520830
2026-02-04,15:30:00,49469094.43,True,17,513520
2026-02-05,15:30:00,48916882.99,True,17,159518
2026-02-06,15:30:00,48570740.95,True,17,159518
2026-02-09,15:30:00,49509571.36,True,17,159518
2026-02-10,15:30:00,50044554.7,False,112,513310
2026-02-11,15:30:00,47026834.88,False,112,501018
2026-02-12,15:30:00,48707209.51,False,112,513310
2026-02-13,15:30:00,49586760.02,False,112,513310
2026-02-24,15:30:00,52992927.23,True,17,513310
2026-02-25,15:30:00,54229042.35,False,112,513310
2026-02-26,15:30:00,57587355.16,False,112,513350
2026-02-27,15:30:00,58196310.82,False,112,513350
2026-03-02,15:30:00,65312874.95,False,112,561360
2026-03-03,15:30:00,69699863.5,False,112,513520
2026-03-04,15:30:00,67490745.73,True,17,159985
2026-03-05,15:30:00,66177405.46,True,17,159985
2026-03-06,15:30:00,68260330.46,True,17,159985
2026-03-09,15:30:00,71657283.09,True,17,159985
2026-03-10,15:30:00,69959145.95,True,17,159985
2026-03-11,15:30:00,72041748.63,True,17,159985
2026-03-12,15:30:00,74712235.44,False,112,159611
2026-03-13,15:30:00,73294877.75,False,112,515220
2026-03-16,15:30:00,71575701.56,False,112,515220
2026-03-17,15:30:00,69668661.3,False,112,159611
2026-03-18,15:30:00,69528256.47,True,17,159985
2026-03-19,15:30:00,73005537.75,True,17,159518
2026-03-20,15:30:00,73907557.43,True,17,159985
2026-03-23,15:30:00,74746081.67,True,17,159985
2026-03-24,15:30:00,75147480.47,True,17,159985
2026-03-25,15:30:00,73787391.58,True,17,511880
2026-03-26,15:30:00,73796936.18,True,17,511880
2026-03-27,15:30:00,73795467.78,True,17,511880
2026-03-30,15:30:00,73795467.78,True,17,511880
2026-03-31,15:30:00,73786892.85,True,17,520830
2026-04-01,15:30:00,74286140.15,True,17,520830
2026-04-02,15:30:00,73456527.27,False,112,512800
2026-04-03,15:30:00,73069822.7,True,17,520830
2026-04-07,15:30:00,72797926.6,True,17,520830
2026-04-08,15:30:00,73734177.36,True,17,520830
2026-04-09,15:30:00,73335029.55,False,112,513120
2026-04-10,15:30:00,73580306.13,False,112,513120
2026-04-13,15:30:00,73294384.23,False,112,515880
2026-04-14,15:30:00,74632062.21,False,112,515880
2026-04-15,15:30:00,73504809.2,False,112,515880
2026-04-16,15:30:00,76108964.12,False,112,515880
2026-04-17,15:30:00,79716409.94,False,112,159967
2026-04-20,15:30:00,79508725.72,False,112,159363
2026-04-21,15:30:00,77708515.14,False,112,562800
2026-04-22,15:30:00,79139162.19,False,112,159819
2026-04-23,15:30:00,77937763.76,False,112,159509
2026-04-24,15:30:00,78477877.12,False,112,159949
2026-04-27,15:30:00,78246245.02,False,112,561980
2026-04-28,15:30:00,78051622.08,False,112,159516
2026-04-29,15:30:00,77584117.3,True,17,513100
2026-04-30,15:30:00,77591202.86,False,112,159949
2026-05-06,15:30:00,78792295.51,False,112,588790
2026-05-07,15:30:00,80584876.5,False,112,159949
2026-05-08,15:30:00,79841014.47,False,112,159949
2026-05-11,15:30:00,82772663.7,False,112,159949
2026-05-12,15:30:00,82728898.85,False,112,159949
2026-05-13,15:30:00,85111073.9,False,112,159915
2026-05-14,15:30:00,83285483.3,False,112,159915
2026-05-15,15:30:00,82571744.31,False,112,513100
2026-05-18,15:30:00,81237537.0,True,17,513100
2026-05-19,15:30:00,80160379.03,True,17,511880
2026-05-20,15:30:00,80173118.23,True,17,511880
2026-05-21,15:30:00,78941914.53,True,17,159509
2026-05-22,15:30:00,81248148.6,True,17,159509
2026-05-25,15:30:00,83277614.56,True,17,159509
2026-05-26,15:30:00,82718542.9,False,112,515980
2026-05-27,15:30:00,80833566.37,False,112,159819
2026-05-28,15:30:00,82565566.75,False,112,159967
2026-05-29,15:30:00,80381855.7,False,112,515880
2026-06-01,15:30:00,79151586.3,False,112,513100
2026-06-02,15:30:00,78416775.96,True,17,513100
2026-06-03,15:30:00,76947090.68,True,17,513100
2026-06-04,15:30:00,75344603.37,False,112,159732
2026-06-05,15:30:00,72360513.29,False,112,159967
2026-06-08,15:30:00,69914419.85,True,17,511880
2026-06-09,15:30:00,69275634.01,True,17,513520
2026-06-10,15:30:00,66251479.01,True,17,511880
2026-06-11,15:30:00,66255425.21,True,17,511880
2026-06-12,15:30:00,66251479.01,True,17,511880
2026-06-15,15:30:00,66553420.09,True,17,513520
2026-06-16,15:30:00,66743917.65,False,112,513520
2026-06-17,15:30:00,66825280.95,False,112,513520
2026-06-18,15:30:00,68696618.79,False,112,513520
2026-06-22,15:30:00,70811991.84,False,112,513520
2026-06-23,15:30:00,67420349.27,False,112,562590
2026-06-24,15:30:00,71229670.48,False,112,588220
2026-06-25,15:30:00,71978672.37,False,112,588220
2026-06-26,15:30:00,69353195.16,False,112,159667
2026-06-29,15:30:00,66482704.74,True,17,159502
2026-06-30,15:30:00,66563962.12,True,17,159502
2026-07-01,15:30:00,65081787.12,False,112,159667
2026-07-02,15:30:00,64963647.47,False,112,513290
2026-07-03,15:30:00,70200062.81,True,17,513290
2026-07-06,15:30:00,69094453.25,True,17,513400
