date,dt_ths,code,mode_ths,steps_ths,final_value_ths,actual_value_ths,gap_pct_ths,dt_jq,mode_jq,steps_jq,final_value_jq,actual_value_jq,gap_pct_jq,_merge
2020-01-02,2020-01-02 13:44:00,512400,trend,5.0,997750.6,997407.0,0.0003,2020-01-02 13:44:00,trend,5.0,997750.6,997480.8,0.0003,both
2020-01-07,2020-01-07 13:15:00,512980,trend,5.0,1022591.7,1022217.5,0.0004,2020-01-07 13:15:00,trend,5.0,1022037.9,1021755.0,0.0003,both
2020-01-08,2020-01-08 14:44:00,512880,force,5.0,1017446.4,1017066.6,0.0004,2020-01-08 14:44:00,force,5.0,1017651.2,1017373.5,0.0003,both
2020-01-09,2020-01-09 13:44:00,512980,trend,5.0,1026031.3,1025664.5,0.0004,2020-01-09 13:44:00,trend,5.0,1025572.8,1025297.7,0.0003,both
2020-01-15,2020-01-15 14:14:00,512980,trend,5.0,1028232.1,1027901.5,0.0003,2020-01-15 14:14:00,trend,5.0,1026764.9,1026523.0,0.0002,both
2020-01-16,2020-01-16 14:44:00,512400,force,5.0,1019709.6,1019411.4,0.0003,2020-01-16 14:44:00,force,5.0,1018578.6,1018357.2,0.0002,both
2020-01-20,2020-01-20 13:15:00,512480,trend,5.0,1022504.0,1022076.0,0.0004,2020-01-20 13:15:00,trend,5.0,1023198.4,1022946.0,0.0002,both
2020-01-21,2020-01-21 13:15:00,159915,trend,5.0,1024058.0,1023489.5,0.0006,2020-01-21 13:15:00,trend,5.0,1024437.0,1024058.0,0.0004,both
2020-01-22,2020-01-22 13:15:00,515050,trend,5.0,1027343.2,1030559.6,-0.0031,2020-01-22 13:15:00,trend,5.0,1027343.2,1030674.4,-0.0032,both
2020-01-23,2020-01-23 14:44:00,159949,force,5.0,1003520.0,1010356.6,-0.0068,2020-01-23 14:44:00,force,5.0,1004360.0,1011274.4,-0.0069,both
2020-02-03,2020-02-03 14:44:00,518880,force,5.0,947584.0,947501.1,0.0001,2020-02-03 14:44:00,force,5.0,950400.0,949965.8,0.0005,both
2020-02-06,2020-02-06 13:15:00,513100,trend,5.0,926023.0,925403.4,0.0007,2020-02-06 13:15:00,trend,5.0,928968.6,928716.3,0.0003,both
2020-02-13,2020-02-13 13:44:00,512170,trend,5.0,1027290.0,1026872.7,0.0004,2020-02-13 13:44:00,trend,5.0,1030629.6,1030355.1,0.0003,both
2020-02-20,2020-02-20 13:15:00,159949,trend,5.0,1053874.4,1054844.0,-0.0009,2020-02-20 13:15:00,trend,5.0,1057268.0,1058318.4,-0.001,both
2020-02-24,2020-02-24 13:15:00,159915,trend,5.0,1094335.0,1096713.1,-0.0022,2020-02-24 13:15:00,trend,5.0,1098018.9,1100624.5,-0.0024,both
2020-02-27,2020-02-27 13:15:00,512670,trend,5.0,1086264.0,1085819.0,0.0004,2020-02-27 13:15:00,trend,5.0,1089309.6,1088986.5,0.0003,both
2020-03-06,2020-03-06 13:15:00,515050,trend,5.0,978120.0,977724.8,0.0004,2020-03-06 13:15:00,trend,5.0,982072.0,981806.9,0.0003,both
2020-03-09,2020-03-09 14:14:00,512170,trend,5.0,948147.0,947793.6,0.0004,2020-03-09 14:14:00,trend,5.0,951951.0,951600.0,0.0004,both
2020-03-16,2020-03-16 14:44:00,159985,force,5.0,927928.4,927631.4,0.0003,2020-03-16 14:44:00,force,5.0,932339.8,932134.0,0.0002,both
2020-04-03,2020-04-03 14:44:00,159985,force,5.0,943889.6,943507.5,0.0004,2020-04-03 14:44:00,force,5.0,948184.0,947895.0,0.0003,both
2020-04-14,2020-04-14 13:15:00,512010,trend,5.0,945905.6,945411.0,0.0005,2020-04-14 13:15:00,trend,5.0,950269.4,950002.4,0.0003,both
2020-04-21,2020-04-21 13:44:00,512170,trend,5.0,932912.0,932542.2,0.0004,2020-04-21 13:44:00,trend,5.0,937210.4,937002.6,0.0002,both
2020-04-27,2020-04-27 13:15:00,513100,trend,5.0,941015.0,940297.5,0.0008,2020-04-27 13:15:00,trend,5.0,946696.6,946341.0,0.0004,both
2020-04-30,2020-04-30 13:44:00,512690,trend,5.0,1013437.5,1013085.0,0.0003,2020-04-30 13:44:00,trend,5.0,1020017.5,1019782.5,0.0002,both
2020-05-18,2020-05-18 13:44:00,512480,trend,5.0,1048657.5,1048047.0,0.0006,2020-05-18 13:44:00,trend,5.0,1054879.2,1054653.6,0.0002,both
2020-05-19,2020-05-19 14:14:00,513100,trend,5.0,1041875.1,1041040.0,0.0008,2020-05-19 14:14:00,trend,5.0,1048937.4,1048476.0,0.0004,both
2020-05-20,2020-05-20 13:44:00,512690,trend,5.0,1043566.2,1043097.0,0.0004,2020-05-20 13:44:00,trend,5.0,1050699.7,1050371.4,0.0003,both
2020-05-21,2020-05-21 14:44:00,513100,force,5.0,1050617.5,1049930.0,0.0007,2020-05-21 14:44:00,force,5.0,1058427.4,1058092.0,0.0003,both
2020-05-22,2020-05-22 13:44:00,161226,trend,5.0,1024372.4,1024054.0,0.0003,2020-05-22 13:44:00,trend,5.0,1032093.6,1031854.8,0.0002,both
2020-06-02,2020-06-02 13:44:00,512690,trend,5.0,1110505.0,1110056.0,0.0004,2020-06-02 13:44:00,trend,5.0,1119496.4,1119168.0,0.0003,both
2020-06-03,2020-06-03 13:15:00,513030,trend,5.0,1099662.0,1099297.2,0.0003,2020-06-03 13:15:00,trend,5.0,1109352.0,1109079.6,0.0002,both
2020-06-04,2020-06-04 14:44:00,161226,force,5.0,1129885.4,1129516.6,0.0003,2020-06-04 14:44:00,force,5.0,1141284.2,1141011.9,0.0002,both
2020-06-08,2020-06-08 14:44:00,513520,force,5.0,1132213.7,1131774.9,0.0004,2020-06-08 14:44:00,force,5.0,1143512.8,1143183.7,0.0003,both
2020-06-15,2020-06-15 14:34:00,512690,trend,5.0,1098006.0,1097528.4,0.0004,2020-06-15 14:34:00,trend,5.0,1108926.0,1108672.2,0.0002,both
2020-06-16,2020-06-16 14:44:00,513030,force,5.0,1113945.0,1113528.0,0.0004,2020-06-16 14:44:00,force,5.0,1125893.0,1125602.4,0.0003,both
2020-06-19,2020-06-19 13:15:00,515030,trend,5.0,1114724.4,1114333.2,0.0004,2020-06-19 13:15:00,trend,5.0,1126949.4,1126656.0,0.0003,both
2020-06-23,2020-06-23 13:15:00,159949,trend,5.0,1121857.8,1121458.8,0.0004,2020-06-23 13:15:00,trend,5.0,1134787.5,1134466.0,0.0003,both
2020-06-29,2020-06-29 13:15:00,512010,trend,5.0,1113054.6,1112413.5,0.0006,2020-06-29 13:15:00,trend,5.0,1126049.4,1125397.9,0.0006,both
2020-06-30,2020-06-30 13:15:00,159967,trend,5.0,1132227.2,1131652.8,0.0005,2020-06-30 13:15:00,trend,5.0,1144956.8,1144721.2,0.0002,both
2020-07-02,2020-07-02 14:14:00,159915,trend,5.0,1097446.8,1096976.6,0.0004,2020-07-02 14:14:00,trend,5.0,1110050.4,1109808.1,0.0002,both
2020-07-03,2020-07-03 13:44:00,515050,trend,5.0,1113356.4,1112874.2,0.0004,2020-07-03 13:44:00,trend,5.0,1126068.0,1125832.5,0.0002,both
2020-07-06,2020-07-06 13:15:00,512690,trend,5.0,1187281.1,1188259.2,-0.0008,2020-07-06 13:15:00,trend,5.0,1199831.3,1201041.4,-0.001,both
2020-07-07,2020-07-07 13:44:00,159928,trend,5.0,1249032.4,1248016.5,0.0008,2020-07-07 13:44:00,trend,5.0,1262373.2,1261767.6,0.0005,both
2020-07-08,2020-07-08 13:15:00,515030,trend,5.0,1238876.5,1238435.1,0.0004,2020-07-08 13:15:00,trend,5.0,1252479.5,1252125.0,0.0003,both
2020-07-09,2020-07-09 13:15:00,512710,trend,5.0,1264846.5,1267064.4,-0.0018,2020-07-09 13:15:00,trend,5.0,1278517.5,1280934.3,-0.0019,both
2020-07-14,2020-07-14 14:34:00,510880,trend,5.0,1248065.0,1247400.0,0.0005,2020-07-14 14:34:00,trend,5.0,1265620.2,1265275.0,0.0003,both
2020-07-17,2020-07-17 13:44:00,161226,trend,5.0,1210135.0,1209789.0,0.0003,,,,,,,left_only
2020-07-20,,161226,,,,,,2020-07-20 13:44:00,trend,5.0,1224642.8,1224379.7,0.0002,right_only
2020-07-23,2020-07-23 13:15:00,513090,trend,5.0,1384492.5,1383962.5,0.0004,2020-07-23 13:15:00,trend,5.0,1382372.5,1381975.0,0.0003,both
2020-07-24,2020-07-24 14:34:00,161226,trend,5.0,1336566.4,1336171.2,0.0003,2020-07-24 14:34:00,trend,5.0,1335874.8,1335578.4,0.0002,both
2020-07-27,2020-07-27 13:44:00,513030,trend,5.0,1412840.0,1412400.0,0.0003,2020-07-27 13:44:00,trend,5.0,1414710.0,1414380.0,0.0002,both
2020-07-29,2020-07-29 14:34:00,159980,trend,5.0,1412623.0,1412204.6,0.0003,2020-07-29 14:34:00,trend,5.0,1414610.4,1414296.6,0.0002,both
2020-07-30,2020-07-30 13:44:00,512010,trend,5.0,1421477.1,1420601.6,0.0006,2020-07-30 13:44:00,trend,5.0,1423575.0,1422995.2,0.0004,both
2020-08-10,2020-08-10 13:15:00,159992,trend,5.0,1368149.2,1367690.5,0.0003,2020-08-10 13:15:00,trend,5.0,1370289.8,1369984.0,0.0002,both
2020-08-12,2020-08-12 14:14:00,513500,trend,5.0,1287415.8,1286762.4,0.0005,2020-08-12 14:14:00,trend,5.0,1286762.4,1286326.8,0.0003,both
2020-08-20,2020-08-20 13:44:00,513100,trend,5.0,1294299.6,517764.5,0.6,2020-08-20 13:44:00,trend,5.0,1293481.2,1292978.7,0.0004,both
2020-08-28,2020-08-28 14:44:00,513500,force,5.0,1392019.4,1391414.7,0.0004,2020-08-28 14:44:00,force,5.0,1537045.4,1536607.8,0.0003,both
2020-08-31,2020-08-31 13:15:00,512690,trend,5.0,1407259.6,1406651.8,0.0004,2020-08-31 13:15:00,trend,5.0,1554144.6,1553739.4,0.0003,both
2020-09-01,2020-09-01 13:44:00,159928,trend,5.0,1350468.0,1349373.6,0.0008,2020-09-01 13:44:00,trend,5.0,1491504.0,1490980.5,0.0004,both
2020-09-02,2020-09-02 13:15:00,512690,trend,5.0,1367635.2,1367160.2,0.0003,2020-09-02 13:15:00,trend,5.0,1509836.4,1509434.1,0.0003,both
2020-09-09,2020-09-09 13:44:00,159985,trend,5.0,1328654.2,1328237.4,0.0003,2020-09-09 13:44:00,trend,5.0,1466510.8,1466198.2,0.0002,both
2020-09-15,2020-09-15 13:15:00,513100,trend,5.0,1386575.6,1385498.4,0.0008,2020-09-15 13:15:00,trend,5.0,1529437.8,1529105.5,0.0002,both
2020-09-17,2020-09-17 13:44:00,159985,trend,5.0,1350558.0,1350087.2,0.0003,2020-09-17 13:44:00,trend,5.0,1490029.5,1489688.2,0.0002,both
2020-10-09,2020-10-09 14:14:00,159985,trend,5.0,1342425.4,950837.2,0.2917,2020-10-09 14:14:00,trend,5.0,1481383.4,1481041.7,0.0002,both
2020-10-15,2020-10-15 13:44:00,515030,trend,5.0,1333803.8,1333324.2,0.0004,2020-10-15 13:44:00,trend,5.0,1468578.4,1468233.0,0.0002,both
2020-10-16,2020-10-16 13:44:00,515030,trend,5.0,1284194.0,1284895.5,-0.0005,2020-10-16 13:44:00,trend,5.0,1413404.0,1414297.5,-0.0006,both
2020-10-23,2020-10-23 14:44:00,159985,force,5.0,1299223.8,1298780.5,0.0003,2020-10-23 14:44:00,force,5.0,1429974.0,1429646.0,0.0002,both
2020-10-30,2020-10-30 13:15:00,515030,trend,5.0,1296538.1,1296038.7,0.0004,2020-10-30 13:15:00,trend,5.0,1430112.3,1428222.7,0.0013,both
2020-11-04,2020-11-04 13:44:00,515030,trend,5.0,1297610.6,1297181.4,0.0003,2020-11-04 13:44:00,trend,5.0,1430136.4,1429809.3,0.0002,both
2020-11-05,2020-11-05 13:15:00,512690,trend,5.0,1377088.2,1376419.2,0.0005,2020-11-05 13:15:00,trend,5.0,1517834.4,1517344.4,0.0003,both
2020-11-06,2020-11-06 13:44:00,512690,trend,5.0,1335827.9,1335152.0,0.0005,2020-11-06 13:44:00,trend,5.0,1471639.5,1471184.0,0.0003,both
2020-11-13,2020-11-13 14:34:00,512400,trend,5.0,1382850.0,1382403.3,0.0003,2020-11-13 14:34:00,trend,5.0,1523593.4,1523219.1,0.0002,both
2020-11-16,2020-11-16 13:15:00,513520,trend,5.0,1451704.8,1451257.2,0.0003,2020-11-16 13:15:00,trend,5.0,1600128.4,1599689.4,0.0003,both
2020-11-23,2020-11-23 14:34:00,512690,trend,5.0,1448898.0,1448344.8,0.0004,2020-11-23 14:34:00,trend,5.0,1597194.3,1596672.0,0.0003,both
2020-11-25,2020-11-25 14:14:00,515220,trend,5.0,1403461.3,1402940.1,0.0004,2020-11-25 14:14:00,trend,5.0,1548094.3,1547703.4,0.0003,both
2020-12-02,2020-12-02 14:14:00,515220,trend,5.0,1405119.8,493743.3,0.6486,2020-12-02 14:14:00,trend,5.0,1549572.6,1549187.1,0.0002,both
2020-12-14,2020-12-14 13:15:00,501018,trend,5.0,1434252.6,1433886.8,0.0003,,,,,,,left_only
2020-12-18,2020-12-18 13:15:00,159981,trend,5.0,1465798.4,1465384.8,0.0003,2020-12-18 13:15:00,trend,5.0,1587396.8,1586983.2,0.0003,both
2020-12-22,2020-12-22 13:15:00,512690,trend,5.0,1466638.0,1465966.8,0.0005,2020-12-22 13:15:00,trend,5.0,1588618.4,1588260.8,0.0002,both
2020-12-23,2020-12-23 13:15:00,159967,trend,5.0,1469288.4,1468909.4,0.0003,2020-12-23 13:15:00,trend,5.0,1591200.4,1590830.5,0.0002,both
2020-12-24,2020-12-24 14:34:00,512690,trend,5.0,1454061.4,1455055.8,-0.0007,2020-12-24 14:34:00,trend,5.0,1576621.2,1578112.8,-0.0009,both
2020-12-25,2020-12-25 13:15:00,515030,trend,5.0,1460410.2,1461700.6,-0.0009,2020-12-25 13:15:00,trend,5.0,1585579.0,1586224.2,-0.0004,both
2020-12-28,2020-12-28 13:15:00,512690,trend,5.0,1476552.0,1475830.2,0.0005,2020-12-28 13:15:00,trend,5.0,1602441.5,1602027.0,0.0003,both
2020-12-29,2020-12-29 13:44:00,512010,trend,5.0,1466843.2,1465964.5,0.0006,2020-12-29 13:44:00,trend,5.0,1592497.3,1591911.5,0.0004,both
2020-12-30,2020-12-30 13:15:00,159967,trend,5.0,1483878.6,1483496.6,0.0003,2020-12-30 13:15:00,trend,5.0,1611048.3,1610677.0,0.0002,both
2021-01-04,2021-01-04 13:15:00,512670,trend,5.0,1581903.0,1581202.2,0.0004,2021-01-04 13:15:00,trend,5.0,1720720.8,1720369.2,0.0002,both
2021-01-05,2021-01-05 13:15:00,512660,trend,5.0,1599812.5,1610823.3,-0.0069,2021-01-05 13:15:00,trend,5.0,1741025.0,1753195.8,-0.007,both
2021-01-06,2021-01-06 13:44:00,159949,trend,5.0,1639478.4,1638910.0,0.0003,2021-01-06 13:44:00,trend,5.0,1784911.8,1784510.0,0.0002,both
2021-01-08,2021-01-08 14:34:00,512010,trend,5.0,1668059.7,1667311.8,0.0004,2021-01-08 14:34:00,trend,5.0,1816310.6,1815714.6,0.0003,both
2021-01-11,2021-01-11 14:34:00,159928,trend,5.0,1656056.0,1657320.6,-0.0008,2021-01-11 14:34:00,trend,5.0,1803468.0,1804345.4,-0.0005,both
2021-01-12,2021-01-12 13:15:00,159985,trend,5.0,1674763.8,1674235.4,0.0003,2021-01-12 13:15:00,trend,5.0,1824168.9,1823772.6,0.0002,both
2021-01-13,2021-01-13 14:14:00,159915,trend,5.0,1753200.8,1752276.5,0.0005,2021-01-13 14:14:00,trend,5.0,1912144.0,1911601.9,0.0003,both
2021-01-15,2021-01-15 13:44:00,512400,trend,5.0,1700223.3,1699751.2,0.0003,2021-01-15 13:44:00,trend,5.0,1853818.2,1853388.0,0.0002,both
2021-01-18,2021-01-18 14:14:00,501018,trend,5.0,1738561.0,1738134.0,0.0002,2021-01-18 14:14:00,trend,5.0,1895941.0,1895514.0,0.0002,both
2021-01-19,2021-01-19 14:44:00,159949,force,5.0,1744845.0,1744263.0,0.0003,2021-01-19 14:44:00,force,5.0,1899201.7,1898775.0,0.0002,both
2021-01-20,2021-01-20 13:15:00,501018,trend,5.0,1803022.0,1802576.7,0.0002,2021-01-20 13:15:00,trend,5.0,1961308.0,1960869.6,0.0002,both
2021-01-22,2021-01-22 13:15:00,159915,trend,5.0,1777960.8,1777835.4,0.0001,2021-01-22 13:15:00,trend,5.0,1933179.6,1933083.9,0.0,both
2021-01-25,2021-01-25 13:15:00,512170,trend,5.0,1830681.6,1829812.9,0.0005,2021-01-25 13:15:00,trend,5.0,1990630.4,1990214.0,0.0002,both
2021-01-26,2021-01-26 14:14:00,159995,trend,5.0,1754873.4,1756844.6,-0.0011,2021-01-26 14:14:00,trend,5.0,1911116.2,1913014.6,-0.001,both
2021-02-02,2021-02-02 14:14:00,501018,trend,5.0,1674340.8,1673924.0,0.0002,2021-02-02 14:14:00,trend,5.0,1823629.5,1823225.0,0.0002,both
2021-02-09,2021-02-09 13:44:00,512800,trend,5.0,1773568.0,1773077.7,0.0003,2021-02-09 13:44:00,trend,5.0,1932544.0,1932057.4,0.0003,both
2021-02-19,2021-02-19 13:15:00,159825,trend,5.0,1799378.0,1798792.1,0.0003,2021-02-19 13:15:00,trend,5.0,1959269.2,1958840.3,0.0002,both
2021-02-24,2021-02-24 13:15:00,501018,trend,5.0,1735856.2,1735390.6,0.0003,2021-02-24 13:15:00,trend,5.0,1890882.0,1890473.1,0.0002,both
2021-02-26,2021-02-26 14:14:00,159980,trend,5.0,1769537.5,1769007.5,0.0003,2021-02-26 14:14:00,trend,5.0,1929465.0,1929067.5,0.0002,both
2021-03-05,2021-03-05 14:14:00,501018,trend,5.0,1665008.8,1664572.0,0.0003,2021-03-05 14:14:00,trend,5.0,1815632.0,1815195.2,0.0002,both
2021-03-09,2021-03-09 13:15:00,513030,trend,5.0,1739615.4,1739033.9,0.0003,2021-03-09 13:15:00,trend,5.0,1897667.1,1897201.9,0.0002,both
2021-03-10,2021-03-10 14:44:00,501018,force,5.0,1749893.6,1749456.8,0.0002,2021-03-10 14:44:00,force,5.0,1908961.6,1908524.8,0.0002,both
2021-03-18,2021-03-18 14:14:00,513030,trend,5.0,1784773.2,1784218.4,0.0003,2021-03-18 14:14:00,trend,5.0,1946205.2,1945751.6,0.0002,both
2021-03-19,2021-03-19 14:44:00,515210,force,5.0,1783916.4,1746941.6,0.0207,2021-03-19 14:44:00,force,5.0,1945524.0,1945025.4,0.0003,both
2021-04-06,2021-04-06 14:14:00,513500,trend,5.0,1849587.2,1848805.0,0.0004,2021-04-06 14:14:00,trend,5.0,2038382.4,2037927.5,0.0002,both
2021-04-08,2021-04-08 13:44:00,513090,trend,5.0,1857628.8,1857120.0,0.0003,2021-04-08 13:44:00,trend,5.0,2046520.8,2046012.0,0.0002,both
2021-04-12,2021-04-12 13:44:00,513100,trend,5.0,1826003.3,1824751.8,0.0007,2021-04-12 13:44:00,trend,5.0,2010780.2,2009911.8,0.0004,both
2021-04-20,2021-04-20 13:15:00,512480,trend,5.0,1827949.9,1827470.4,0.0003,,,,,,,left_only
2021-04-20,,512690,,,,,,2021-04-20 13:15:00,trend,5.0,2013386.1,2012843.5,0.0003,right_only
2021-04-21,2021-04-21 14:14:00,512690,trend,5.0,1814556.4,1813689.0,0.0005,,,,,,,left_only
2021-04-28,2021-04-28 13:15:00,159967,trend,5.0,1852070.4,1851570.0,0.0003,2021-04-28 13:15:00,trend,5.0,2056527.9,2056110.0,0.0002,both
2021-05-07,2021-05-07 14:44:00,159980,force,5.0,1796541.5,1795996.8,0.0003,2021-05-07 14:44:00,force,5.0,1993803.3,1993399.2,0.0002,both
2021-05-17,2021-05-17 14:34:00,159992,trend,5.0,1786374.8,1785758.2,0.0003,2021-05-17 14:34:00,trend,5.0,1982863.3,1982457.8,0.0002,both
2021-05-19,2021-05-19 13:15:00,515120,trend,5.0,1746600.4,1746117.4,0.0003,2021-05-19 13:15:00,trend,5.0,1939421.2,1938950.8,0.0002,both
2021-05-25,2021-05-25 13:44:00,512010,trend,5.0,1694241.6,1693502.5,0.0004,2021-05-25 13:44:00,trend,5.0,1880418.4,1879850.0,0.0003,both
2021-05-26,2021-05-26 13:15:00,512690,trend,5.0,1701042.3,1700444.9,0.0004,,,,,,,left_only
2021-05-27,,512170,,,,,,2021-05-27 13:44:00,trend,5.0,1891529.6,1891093.8,0.0002,right_only
2021-05-28,,159949,,,,,,2021-05-28 13:15:00,trend,5.0,1891243.2,1892138.9,-0.0005,right_only
2021-05-31,,515030,,,,,,2021-05-31 13:15:00,trend,5.0,1899105.3,1898585.5,0.0003,right_only
2021-06-01,2021-06-01 14:14:00,515030,trend,5.0,1723281.0,1722716.1,0.0003,,,,,,,left_only
2021-06-03,,512670,,,,,,2021-06-03 14:44:00,force,5.0,1901352.0,1900870.4,0.0003,right_only
2021-06-03,2021-06-03 14:44:00,512690,force,5.0,1739522.8,1738953.3,0.0003,,,,,,,left_only
2021-06-07,2021-06-07 13:15:00,512690,trend,5.0,1770142.2,1769613.2,0.0003,2021-06-07 13:15:00,trend,5.0,1926457.3,1926030.4,0.0002,both
2021-06-08,2021-06-08 13:15:00,501018,trend,5.0,1691988.0,1691527.6,0.0003,2021-06-08 13:15:00,trend,5.0,1841322.3,1840903.6,0.0002,both
2021-06-11,2021-06-11 14:14:00,159995,trend,5.0,1724257.8,1333702.0,0.2265,2021-06-11 14:14:00,trend,5.0,1874449.8,1873990.0,0.0002,both
2021-06-15,,501018,,,,,,2021-06-15 13:15:00,trend,5.0,1894706.4,1894304.4,0.0002,right_only
2021-06-24,2021-06-24 14:14:00,159851,trend,5.0,1757507.4,1757019.0,0.0003,2021-06-24 14:14:00,trend,5.0,1960071.3,1959582.9,0.0002,both
2021-06-25,2021-06-25 14:14:00,501018,trend,5.0,1774625.5,1424138.4,0.1975,2021-06-25 14:14:00,trend,5.0,1980536.5,1980082.8,0.0002,both
2021-06-28,2021-06-28 14:34:00,588080,trend,5.0,1780966.2,1780338.0,0.0004,2021-06-28 14:34:00,trend,5.0,1990115.4,1989573.6,0.0003,both
2021-07-01,2021-07-01 13:15:00,515030,trend,5.0,1769448.6,1768814.4,0.0004,,,,,,,left_only
2021-07-01,,516160,,,,,,2021-07-01 13:15:00,trend,5.0,1976238.0,1975785.6,0.0002,right_only
2021-07-05,2021-07-05 13:44:00,501018,trend,5.0,1777662.4,1777175.4,0.0003,2021-07-05 13:44:00,trend,5.0,1959812.8,1959365.1,0.0002,both
2021-07-07,2021-07-07 14:14:00,513100,trend,5.0,1760868.0,1760018.2,0.0005,2021-07-07 14:14:00,trend,5.0,1938480.0,1938086.0,0.0002,both
2021-07-13,2021-07-13 13:44:00,159967,trend,5.0,1769295.8,1770894.4,-0.0009,2021-07-13 13:44:00,trend,5.0,1947840.1,1949735.2,-0.001,both
2021-07-16,2021-07-16 13:15:00,159870,trend,5.0,1768326.4,1767788.1,0.0003,2021-07-16 13:15:00,trend,5.0,1948825.6,1948338.8,0.0002,both
2021-07-19,2021-07-19 13:44:00,159985,trend,5.0,1716498.0,1715908.8,0.0003,2021-07-19 13:44:00,trend,5.0,1899107.0,1898641.6,0.0002,both
2021-07-22,2021-07-22 13:15:00,159870,trend,5.0,1696576.0,1696026.4,0.0003,2021-07-22 13:15:00,trend,5.0,1857036.6,1856566.8,0.0003,both
2021-07-23,2021-07-23 14:44:00,515210,force,5.0,1692222.0,1691555.0,0.0004,2021-07-23 14:44:00,force,5.0,1850427.6,1849917.2,0.0003,both
2021-07-26,2021-07-26 14:14:00,159980,trend,5.0,1662566.4,1662003.2,0.0003,2021-07-26 14:14:00,trend,5.0,1817587.2,1817164.8,0.0002,both
2021-08-03,2021-08-03 14:44:00,512670,force,5.0,1656484.2,1655758.8,0.0004,2021-08-03 14:44:00,force,5.0,1809805.2,1809248.4,0.0003,both
2021-08-09,2021-08-09 14:34:00,512660,trend,5.0,1772223.5,1771693.0,0.0003,2021-08-09 14:34:00,trend,5.0,1938981.8,1938475.0,0.0003,both
2021-08-10,2021-08-10 13:15:00,159995,trend,5.0,1872408.3,1871689.4,0.0004,2021-08-10 13:15:00,trend,5.0,2048058.6,2047506.0,0.0003,both
2021-08-12,2021-08-12 13:44:00,515220,trend,5.0,1890821.0,1890108.0,0.0004,2021-08-12 13:44:00,trend,5.0,2068188.0,2067741.0,0.0002,both
2021-08-16,2021-08-16 13:15:00,513500,trend,5.0,1909089.0,1908270.0,0.0004,2021-08-16 13:15:00,trend,5.0,2087358.0,2086812.0,0.0003,both
2021-08-23,2021-08-23 13:15:00,513500,trend,5.0,1884130.2,1883452.6,0.0004,2021-08-23 13:15:00,trend,5.0,2059862.1,2059248.8,0.0003,both
2021-08-25,2021-08-25 13:15:00,515220,trend,5.0,1892117.6,1891528.4,0.0003,2021-08-25 13:15:00,trend,5.0,2068484.8,2067895.6,0.0003,both
2021-08-27,2021-08-27 14:34:00,513500,trend,5.0,1997821.2,1996987.5,0.0004,2021-08-27 14:34:00,trend,5.0,2184003.0,2183373.0,0.0003,both
2021-08-31,2021-08-31 13:44:00,512400,trend,5.0,2022368.4,2021705.0,0.0003,,,,,,,left_only
2021-08-31,,516150,,,,,,2021-08-31 13:44:00,trend,5.0,2211011.0,2210460.4,0.0002,right_only
2021-09-01,2021-09-01 13:44:00,513100,trend,5.0,1943739.9,1942492.6,0.0006,2021-09-01 13:44:00,trend,5.0,2195081.1,2194595.6,0.0002,both
2021-09-07,2021-09-07 13:44:00,510880,trend,5.0,1943211.6,1942464.2,0.0004,2021-09-07 13:44:00,trend,5.0,2195424.0,2194889.6,0.0002,both
2021-09-09,2021-09-09 13:15:00,512890,trend,5.0,2021332.0,2020678.0,0.0003,2021-09-09 13:15:00,trend,5.0,2283600.0,2283054.2,0.0002,both
2021-09-10,,516150,,,,,,2021-09-10 13:15:00,trend,5.0,2286187.2,2285586.0,0.0003,right_only
2021-09-13,2021-09-13 13:15:00,512400,trend,5.0,2056764.0,761902.5,0.6296,2021-09-13 13:15:00,trend,5.0,2314368.6,2313844.5,0.0002,both
2021-09-15,2021-09-15 14:44:00,159869,force,5.0,2038672.0,2038108.0,0.0003,2021-09-15 14:44:00,force,5.0,2271698.0,2271228.0,0.0002,both
2021-09-22,2021-09-22 13:15:00,501018,trend,5.0,2003484.0,2002980.0,0.0003,2021-09-22 13:15:00,trend,5.0,2222052.0,2221548.0,0.0002,both
2021-10-18,2021-10-18 13:15:00,159865,trend,5.0,2305670.4,2204381.4,0.0439,2021-10-18 13:15:00,trend,5.0,2559823.2,2559169.6,0.0003,both
2021-10-21,2021-10-21 13:44:00,159928,trend,5.0,2358353.4,2357665.8,0.0003,2021-10-21 13:44:00,trend,5.0,2625715.2,2625142.2,0.0002,both
2021-10-22,2021-10-22 13:15:00,501018,trend,5.0,2418019.8,2417360.4,0.0003,2021-10-22 13:15:00,trend,5.0,2691859.2,2691294.0,0.0002,both
2021-10-29,2021-10-29 14:44:00,513500,force,5.0,2405616.0,1330872.0,0.4468,2021-10-29 14:44:00,force,5.0,2679960.0,2679408.0,0.0002,both
2021-11-01,2021-11-01 13:15:00,515790,trend,5.0,2421435.4,2420624.8,0.0003,2021-11-01 13:15:00,trend,5.0,2712068.0,2711425.2,0.0002,both
2021-11-02,2021-11-02 14:34:00,515790,trend,5.0,2346250.5,2345478.1,0.0003,2021-11-02 14:34:00,trend,5.0,2628120.0,2627580.9,0.0002,both
2021-11-03,2021-11-03 14:14:00,516520,trend,5.0,2296256.4,2295612.0,0.0003,2021-11-03 14:14:00,trend,5.0,2572246.6,2571624.0,0.0002,both
2021-11-10,2021-11-10 13:15:00,512670,trend,5.0,2342016.0,1295952.0,0.4467,2021-11-10 13:15:00,trend,5.0,2625306.0,2624736.0,0.0002,both
2021-11-15,2021-11-15 13:15:00,512660,trend,5.0,2384525.0,2383143.3,0.0006,2021-11-15 13:15:00,trend,5.0,2683967.0,2683376.2,0.0002,both
2021-11-17,2021-11-17 13:44:00,512980,trend,5.0,2312734.6,2312176.7,0.0002,2021-11-17 13:44:00,trend,5.0,2602364.4,2601806.5,0.0002,both
2021-11-18,2021-11-18 14:44:00,515880,force,5.0,2238560.0,2237915.6,0.0003,2021-11-18 14:44:00,force,5.0,2523724.8,2523144.4,0.0002,both
2021-11-19,2021-11-19 14:44:00,513100,force,5.0,2249805.3,2248718.7,0.0005,2021-11-19 14:44:00,force,5.0,2536667.7,2536124.4,0.0002,both
2021-11-22,2021-11-22 13:15:00,512670,trend,5.0,2254941.8,2254350.4,0.0003,2021-11-22 13:15:00,trend,5.0,2542428.2,2541841.8,0.0002,both
2021-11-23,2021-11-23 14:14:00,159869,trend,5.0,2256185.4,2255597.0,0.0003,2021-11-23 14:14:00,trend,5.0,2545746.0,2545130.0,0.0002,both
2021-11-25,2021-11-25 13:44:00,515880,trend,5.0,2245935.4,2245275.5,0.0003,2021-11-25 13:44:00,trend,5.0,2532010.6,2531496.0,0.0002,both
2021-11-30,,516150,,,,,,2021-11-30 14:44:00,force,5.0,2513816.1,2512992.6,0.0003,right_only
2021-12-01,2021-12-01 13:15:00,562800,trend,5.0,2208437.0,2207851.2,0.0003,,,,,,,left_only
2021-12-02,,562800,,,,,,2021-12-02 13:15:00,trend,5.0,2496900.0,2496328.5,0.0002,right_only
2021-12-03,2021-12-03 13:15:00,159985,trend,5.0,2226512.0,2225942.4,0.0003,2021-12-03 13:15:00,trend,5.0,2530800.0,2530189.2,0.0002,both
2021-12-06,2021-12-06 13:44:00,562800,trend,5.0,2226560.0,2225963.6,0.0003,2021-12-06 13:44:00,trend,5.0,2529928.8,2529332.4,0.0002,both
2021-12-08,2021-12-08 13:15:00,159980,trend,5.0,2116816.3,1967861.4,0.0704,2021-12-08 13:15:00,trend,5.0,2402598.8,2401950.6,0.0003,both
2021-12-09,,516150,,,,,,2021-12-09 13:44:00,trend,5.0,2411103.0,2410560.0,0.0002,right_only
2021-12-10,2021-12-10 13:15:00,512690,trend,5.0,2161936.0,2161358.4,0.0003,,,,,,,left_only
2021-12-13,,512690,,,,,,2021-12-13 14:44:00,force,5.0,2412141.0,2411580.2,0.0002,right_only
2021-12-16,,512690,,,,,,2021-12-16 13:15:00,trend,5.0,2335352.6,2334809.4,0.0002,right_only
2021-12-17,2021-12-17 14:34:00,512690,trend,5.0,2084182.2,2083511.7,0.0003,,,,,,,left_only
2021-12-29,2021-12-29 14:44:00,512980,force,5.0,2123613.8,2123042.4,0.0003,2021-12-29 14:44:00,force,5.0,2361703.3,2361187.2,0.0002,both
2021-12-30,2021-12-30 14:14:00,159985,trend,5.0,2217314.4,2216704.0,0.0003,2021-12-30 14:14:00,trend,5.0,2463255.9,2462743.3,0.0002,both
2021-12-31,2021-12-31 13:44:00,513500,trend,5.0,2184793.8,2042094.6,0.0653,2021-12-31 13:44:00,trend,5.0,2426174.1,2425598.7,0.0002,both
2022-01-04,2022-01-04 13:15:00,512980,trend,5.0,2200501.8,2202418.8,-0.0009,2022-01-04 13:15:00,trend,5.0,2441023.2,2443233.6,-0.0009,both
2022-01-05,2022-01-05 13:44:00,159985,trend,5.0,2196829.1,2196216.4,0.0003,2022-01-05 13:44:00,trend,5.0,2437172.2,2436620.2,0.0002,both
2022-01-06,2022-01-06 14:14:00,501018,trend,5.0,2155770.0,2155230.0,0.0003,2022-01-06 14:14:00,trend,5.0,2394630.0,2394090.0,0.0002,both
2022-01-25,2022-01-25 13:15:00,518880,trend,5.0,2296468.8,1474308.0,0.358,2022-01-25 13:15:00,trend,5.0,2550571.2,2549836.8,0.0003,both
2022-01-26,,501018,,,,,,2022-01-26 13:15:00,trend,5.0,2553680.8,2553121.2,0.0002,right_only
2022-02-11,2022-02-11 13:15:00,159985,trend,5.0,2348153.3,2347405.0,0.0003,2022-02-11 13:15:00,trend,5.0,2681448.0,2680905.0,0.0002,both
2022-02-16,2022-02-16 13:44:00,159980,trend,5.0,2306326.0,2305694.0,0.0003,2022-02-16 13:44:00,trend,5.0,2633702.0,2633070.0,0.0002,both
2022-02-17,2022-02-17 13:15:00,501018,trend,5.0,2303988.6,2303376.0,0.0003,2022-02-17 13:15:00,trend,5.0,2631219.1,2630606.5,0.0002,both
2022-02-24,2022-02-24 14:44:00,562800,force,5.0,2503583.5,2502976.0,0.0002,2022-02-24 14:44:00,force,5.0,2857914.0,2857254.4,0.0002,both
2022-02-25,2022-02-25 14:44:00,501018,force,5.0,2567474.4,2566830.6,0.0003,2022-02-25 14:44:00,force,5.0,2932401.7,2931757.9,0.0002,both
2022-03-02,2022-03-02 14:34:00,512400,trend,5.0,2779098.4,2778381.9,0.0003,2022-03-02 14:34:00,trend,5.0,3172199.2,3171478.5,0.0002,both
2022-03-03,2022-03-03 13:15:00,501018,trend,5.0,2793242.8,2792480.0,0.0003,2022-03-03 13:15:00,trend,5.0,3187260.3,3186552.0,0.0002,both
2022-03-04,2022-03-04 14:14:00,159985,trend,5.0,2718632.0,2717878.4,0.0003,2022-03-04 14:14:00,trend,5.0,3102557.5,3101849.6,0.0002,both
2022-03-29,,513100,,,,,,2022-03-29 13:15:00,trend,5.0,3375255.0,3374572.5,0.0002,right_only
2022-03-29,2022-03-29 13:15:00,513500,trend,5.0,2957629.0,0.0,1.0,,,,,,,left_only
2022-03-30,2022-03-30 14:44:00,513100,force,5.0,2957639.5,2956932.0,0.0002,,,,,,,left_only
2022-04-14,2022-04-14 13:15:00,159980,trend,5.0,2821610.1,2820704.5,0.0003,2022-04-14 13:15:00,trend,5.0,3269721.0,3268975.2,0.0002,both
2022-04-21,2022-04-21 13:15:00,518880,trend,5.0,2858012.8,2856892.5,0.0004,2022-04-21 13:15:00,trend,5.0,3310911.2,3310068.3,0.0003,both
2022-04-29,2022-04-29 14:14:00,518880,trend,5.0,2851245.6,2850195.8,0.0004,2022-04-29 14:14:00,trend,5.0,3304081.2,3303196.6,0.0003,both
2022-05-05,2022-05-05 14:44:00,511880,force,5.0,2831805.6,2811650.4,0.0071,2022-05-05 14:44:00,force,5.0,3285297.6,3275220.0,0.0031,both
2022-05-09,2022-05-09 14:44:00,501018,force,5.0,2838968.4,2838223.6,0.0003,2022-05-09 14:44:00,force,5.0,3289606.8,3288910.9,0.0002,both
2022-05-13,2022-05-13 13:15:00,501018,trend,5.0,2678148.0,2677356.0,0.0003,2022-05-13 13:15:00,trend,5.0,3096720.0,3096060.0,0.0002,both
2022-05-23,2022-05-23 13:44:00,512670,trend,5.0,2711034.0,1808923.5,0.3328,2022-05-23 13:44:00,trend,5.0,3136824.0,3136140.0,0.0002,both
2022-05-24,,515790,,,,,,2022-05-24 13:44:00,trend,5.0,3123073.8,3122442.4,0.0002,right_only
2022-05-31,2022-05-31 13:15:00,159755,trend,5.0,2725050.7,2724348.6,0.0003,2022-05-31 13:15:00,trend,5.0,3246811.3,3246109.2,0.0002,both
2022-06-01,2022-06-01 13:15:00,516520,trend,5.0,2821193.4,2820497.9,0.0002,2022-06-01 13:15:00,trend,5.0,3365608.8,3364879.3,0.0002,both
2022-06-02,2022-06-02 13:15:00,515220,trend,5.0,2863680.0,2862740.8,0.0003,2022-06-02 13:15:00,trend,5.0,3417360.0,3416456.4,0.0003,both
2022-06-07,2022-06-07 14:34:00,516520,trend,5.0,2960706.0,2960006.4,0.0002,2022-06-07 14:34:00,trend,5.0,3536644.8,3535846.4,0.0002,both
2022-06-09,2022-06-09 13:15:00,159605,trend,5.0,2884741.2,2884050.0,0.0002,2022-06-09 13:15:00,trend,5.0,3446953.2,3446244.0,0.0002,both
2022-06-10,2022-06-10 13:15:00,512400,trend,5.0,2851466.8,2850645.0,0.0003,2022-06-10 13:15:00,trend,5.0,3407950.0,3407182.5,0.0002,both
2022-06-13,2022-06-13 14:44:00,513180,force,5.0,2925139.0,2924484.5,0.0002,2022-06-13 14:44:00,force,5.0,3496874.5,3496160.5,0.0002,both
2022-06-14,2022-06-14 13:15:00,516520,trend,5.0,2898219.5,2897481.6,0.0003,2022-06-14 13:15:00,trend,5.0,3459219.5,3458520.0,0.0002,both
2022-06-16,2022-06-16 14:44:00,513180,force,5.0,3002328.0,2998620.6,0.0012,2022-06-16 14:44:00,force,5.0,3585330.0,3582276.6,0.0009,both
2022-06-17,2022-06-17 13:15:00,516520,trend,5.0,3032432.0,3031680.3,0.0002,2022-06-17 13:15:00,trend,5.0,3622857.6,3621957.9,0.0002,both
2022-06-21,2022-06-21 13:15:00,512400,trend,5.0,3095947.4,3095188.2,0.0002,2022-06-21 13:15:00,trend,5.0,3699891.2,3699043.2,0.0002,both
2022-06-22,2022-06-22 13:44:00,515790,trend,5.0,3095560.8,3094760.6,0.0003,2022-06-22 13:44:00,trend,5.0,3699043.2,3698189.1,0.0002,both
2022-06-24,2022-06-24 14:14:00,159915,trend,5.0,3203300.2,3202214.4,0.0003,2022-06-24 14:14:00,trend,5.0,3827695.4,3826843.2,0.0002,both
2022-06-27,2022-06-27 13:44:00,159605,trend,5.0,3243732.8,3243124.5,0.0002,2022-06-27 13:44:00,trend,5.0,3877075.2,3876217.8,0.0002,both
2022-06-29,2022-06-29 14:34:00,516520,trend,5.0,3127336.8,3126529.8,0.0003,2022-06-29 14:34:00,trend,5.0,3689479.5,3688675.2,0.0002,both
2022-06-30,2022-06-30 13:15:00,512690,trend,5.0,3144009.8,3143208.6,0.0003,2022-06-30 13:15:00,trend,5.0,3712394.0,3711585.3,0.0002,both
2022-07-04,2022-07-04 13:15:00,159967,trend,5.0,3073700.3,3072873.9,0.0003,2022-07-04 13:15:00,trend,5.0,3631230.6,3630466.2,0.0002,both
2022-07-05,2022-07-05 13:15:00,159992,trend,5.0,3081503.1,3080658.0,0.0003,2022-07-05 13:15:00,trend,5.0,3640836.3,3640078.4,0.0002,both
2022-07-06,2022-07-06 14:44:00,562800,force,5.0,3013402.0,3012677.8,0.0002,2022-07-06 14:44:00,force,5.0,3558086.0,3557295.0,0.0002,both
2022-07-12,2022-07-12 13:44:00,513100,trend,5.0,3060056.2,3059265.6,0.0003,2022-07-12 13:44:00,trend,5.0,3613433.2,3612676.8,0.0002,both
2022-07-13,2022-07-13 13:15:00,513500,trend,5.0,3055395.2,3054545.4,0.0003,2022-07-13 13:15:00,trend,5.0,3609222.0,3608493.6,0.0002,both
2022-07-15,2022-07-15 14:44:00,513100,force,5.0,3037916.7,3037116.0,0.0003,2022-07-15 14:44:00,force,5.0,3585991.5,3585204.0,0.0002,both
2022-07-20,2022-07-20 14:44:00,513500,force,5.0,3156825.2,3156313.0,0.0002,2022-07-20 14:44:00,force,5.0,3728334.6,3727521.3,0.0002,both
2022-07-21,2022-07-21 14:14:00,513100,trend,5.0,3165523.2,3164659.2,0.0003,2022-07-21 14:14:00,trend,5.0,3738614.4,3737836.8,0.0002,both
2022-08-15,2022-08-15 13:44:00,512480,trend,5.0,3412406.8,3411579.6,0.0002,2022-08-15 13:44:00,trend,5.0,4031359.2,4030532.0,0.0002,both
2022-08-17,2022-08-17 14:44:00,513100,force,5.0,3370540.5,3369601.5,0.0003,2022-08-17 14:44:00,force,5.0,3982299.0,3981453.9,0.0002,both
2022-08-18,2022-08-18 13:44:00,512480,trend,5.0,3336614.6,3338992.8,-0.0007,2022-08-18 13:44:00,trend,5.0,3943469.2,3946467.8,-0.0008,both
2022-08-19,2022-08-19 14:44:00,513100,force,5.0,3275096.6,3274260.5,0.0003,2022-08-19 14:44:00,force,5.0,3878946.6,3878110.5,0.0002,both
2022-08-22,2022-08-22 13:44:00,513500,trend,5.0,3223951.5,3223076.4,0.0003,2022-08-22 13:44:00,trend,5.0,3820693.5,3819852.0,0.0002,both
2022-08-24,2022-08-24 13:44:00,515220,trend,5.0,3169729.5,3168721.2,0.0003,2022-08-24 13:44:00,trend,5.0,3753535.8,3752743.2,0.0002,both
2022-08-30,2022-08-30 14:44:00,518880,force,5.0,3209770.8,3208453.6,0.0004,2022-08-30 14:44:00,force,5.0,3804930.0,3804055.2,0.0002,both
2022-08-31,2022-08-31 13:15:00,159985,trend,5.0,3190886.4,3190065.5,0.0003,2022-08-31 13:15:00,trend,5.0,3781833.6,3781048.2,0.0002,both
2022-09-02,2022-09-02 13:15:00,159985,trend,5.0,3179533.6,3178712.1,0.0003,2022-09-02 13:15:00,trend,5.0,3769206.3,3768384.8,0.0002,both
2022-09-13,2022-09-13 13:15:00,515220,trend,5.0,3381696.0,3380559.0,0.0003,2022-09-13 13:15:00,trend,5.0,4008787.2,4007913.0,0.0002,both
2022-09-16,2022-09-16 14:14:00,159985,trend,5.0,3268835.0,3267970.0,0.0003,2022-09-16 14:14:00,trend,5.0,3875719.0,3874854.0,0.0002,both
2022-10-11,2022-10-11 14:14:00,161226,trend,5.0,3274265.6,3273432.9,0.0003,2022-10-11 14:14:00,trend,5.0,3883513.6,3882695.4,0.0002,both
2022-10-24,2022-10-24 13:44:00,159883,trend,5.0,3135880.2,3126774.0,0.0029,2022-10-24 13:44:00,trend,5.0,3714059.4,3711080.5,0.0008,both
2022-10-31,2022-10-31 13:44:00,513030,trend,5.0,3157292.8,3156521.6,0.0002,2022-10-31 13:44:00,trend,5.0,3787266.8,3786495.6,0.0002,both
2022-11-03,2022-11-03 14:34:00,515400,trend,5.0,3108456.0,1416443.4,0.5443,2022-11-03 14:34:00,trend,5.0,3730885.2,3730073.4,0.0002,both
2022-11-04,2022-11-04 13:15:00,159998,trend,5.0,3107160.0,3106324.0,0.0003,2022-11-04 13:15:00,trend,5.0,3769527.6,3768720.0,0.0002,both
2022-11-07,2022-11-07 13:15:00,513360,trend,5.0,3087352.0,3086608.8,0.0002,2022-11-07 13:15:00,trend,5.0,3743998.4,3743227.4,0.0002,both
2022-11-08,2022-11-08 13:44:00,159998,trend,5.0,3031766.4,3030929.0,0.0003,2022-11-08 13:44:00,trend,5.0,3684811.2,3684001.2,0.0002,both
2022-11-09,2022-11-09 13:44:00,159892,trend,5.0,3018429.7,2542728.2,0.1576,2022-11-09 13:44:00,trend,5.0,3669679.6,3668936.8,0.0002,both
2022-11-14,2022-11-14 14:44:00,513030,force,5.0,3225784.5,3224964.4,0.0003,2022-11-14 14:44:00,force,5.0,3965809.5,3964979.2,0.0002,both
2022-11-15,2022-11-15 14:44:00,515400,force,5.0,3232263.3,3231437.6,0.0003,2022-11-15 14:44:00,force,5.0,3971112.6,3970241.6,0.0002,both
2022-11-17,2022-11-17 13:44:00,515400,trend,5.0,3259262.5,3258401.2,0.0003,2022-11-17 13:44:00,trend,5.0,3997837.5,3996971.1,0.0002,both
2022-11-21,,513180,,,,,,2022-11-21 13:15:00,trend,5.0,3908989.2,3908202.0,0.0002,right_only
2022-11-22,2022-11-22 14:44:00,513030,force,5.0,3147478.8,3146637.2,0.0003,2022-11-22 14:44:00,force,5.0,3860629.6,3859788.0,0.0002,both
2022-12-01,2022-12-01 13:44:00,513090,trend,5.0,3197830.1,2969038.8,0.0715,2022-12-01 13:44:00,trend,5.0,3943310.4,3942447.6,0.0002,both
2022-12-07,2022-12-07 13:15:00,512200,trend,5.0,3251543.1,3250713.6,0.0003,2022-12-07 13:15:00,trend,5.0,4016012.0,4015180.8,0.0002,both
2022-12-12,2022-12-12 13:44:00,513330,trend,5.0,3255609.6,3255000.0,0.0002,2022-12-12 13:44:00,trend,5.0,4022508.8,4021692.0,0.0002,both
2022-12-14,2022-12-14 13:44:00,161226,trend,5.0,3289552.0,3288715.1,0.0003,2022-12-14 13:44:00,trend,5.0,4056243.2,4055416.2,0.0002,both
2022-12-16,2022-12-16 14:44:00,159985,force,5.0,3183744.0,3182853.4,0.0003,2022-12-16 14:44:00,force,5.0,3926976.0,3926082.1,0.0002,both
2022-12-21,2022-12-21 14:44:00,161226,force,5.0,3124615.2,3123810.0,0.0003,2022-12-21 14:44:00,force,5.0,3852662.4,3851857.2,0.0002,both
2022-12-27,2022-12-27 13:44:00,159985,trend,5.0,3141664.0,3140667.0,0.0003,2022-12-27 13:44:00,trend,5.0,3906694.4,3905884.5,0.0002,both
2022-12-28,2022-12-28 13:44:00,512690,trend,5.0,3101940.0,3101116.8,0.0003,2022-12-28 13:44:00,trend,5.0,3858102.0,3857307.2,0.0002,both
2022-12-29,2022-12-29 13:44:00,159985,trend,5.0,3067647.9,3066786.1,0.0003,2022-12-29 13:44:00,trend,5.0,3814126.7,3813226.9,0.0002,both
2023-01-04,2023-01-04 14:14:00,513360,trend,5.0,3062568.6,3061810.0,0.0002,2023-01-04 14:14:00,trend,5.0,3804528.0,3803718.5,0.0002,both
2023-01-10,2023-01-10 13:15:00,513120,trend,5.0,3230879.2,3230080.8,0.0002,2023-01-10 13:15:00,trend,5.0,4015412.0,4014523.0,0.0002,both
2023-01-16,2023-01-16 13:15:00,512010,trend,5.0,3522393.6,3521556.5,0.0002,2023-01-16 13:15:00,trend,5.0,4377437.0,4376518.3,0.0002,both
2023-01-18,2023-01-18 13:15:00,512010,trend,5.0,3418328.0,3417580.4,0.0002,2023-01-18 13:15:00,trend,5.0,4240431.7,4239474.4,0.0002,both
2023-01-31,2023-01-31 13:44:00,159851,trend,5.0,3370768.0,3369916.0,0.0003,2023-01-31 13:44:00,trend,5.0,4181362.7,4180437.0,0.0002,both
2023-02-01,2023-02-01 13:15:00,159852,trend,5.0,3416118.8,3415220.8,0.0003,2023-02-01 13:15:00,trend,5.0,4238005.1,4237151.6,0.0002,both
2023-02-02,2023-02-02 14:44:00,515400,force,5.0,3486054.0,3485161.9,0.0003,2023-02-02 14:44:00,force,5.0,4326121.8,4325193.3,0.0002,both
2023-02-14,2023-02-14 13:15:00,515980,trend,5.0,3627545.6,3626629.5,0.0003,2023-02-14 13:15:00,trend,5.0,4532057.6,4531116.5,0.0002,both
2023-02-15,2023-02-15 13:15:00,159869,trend,5.0,3720229.3,3719265.6,0.0003,2023-02-15 13:15:00,trend,5.0,4648329.9,4647312.0,0.0002,both
2023-02-16,2023-02-16 14:44:00,159819,force,5.0,3853615.5,3852649.5,0.0003,2023-02-16 14:44:00,force,5.0,4820340.0,4819293.5,0.0002,both
2023-02-17,2023-02-17 13:15:00,513030,trend,5.0,3747440.6,3746475.0,0.0003,2023-02-17 13:15:00,trend,5.0,4690353.0,4689337.5,0.0002,both
2023-02-22,2023-02-22 14:34:00,159869,trend,5.0,3730044.0,1521734.4,0.592,2023-02-22 14:34:00,trend,5.0,4670274.0,4669324.8,0.0002,both
2023-03-02,2023-03-02 13:15:00,515880,trend,5.0,3691017.9,3690048.9,0.0003,2023-03-02 13:15:00,trend,5.0,4534144.8,4533175.8,0.0002,both
2023-03-08,2023-03-08 14:34:00,501018,trend,5.0,3556490.0,3555570.0,0.0003,2023-03-08 14:34:00,trend,5.0,4362870.0,4361950.0,0.0002,both
2023-03-13,2023-03-13 14:34:00,518880,trend,5.0,3509563.8,3508297.8,0.0004,2023-03-13 14:34:00,trend,5.0,4310098.5,4309047.0,0.0002,both
2023-03-22,2023-03-22 14:34:00,588200,trend,5.0,3605882.5,3604935.0,0.0003,2023-03-22 14:34:00,trend,5.0,4430536.0,4429607.4,0.0002,both
2023-03-27,2023-03-27 13:15:00,159869,trend,5.0,3609305.8,3608355.0,0.0003,2023-03-27 13:15:00,trend,5.0,4436644.6,4435665.0,0.0002,both
2023-03-28,2023-03-28 13:15:00,588200,trend,5.0,3675198.0,3674300.0,0.0002,2023-03-28 13:15:00,trend,5.0,4506580.2,4505452.0,0.0003,both
2023-03-30,2023-03-30 13:15:00,516510,trend,5.0,3786927.5,3785906.0,0.0003,2023-03-30 13:15:00,trend,5.0,4645441.5,4644420.0,0.0002,both
2023-03-31,2023-03-31 13:15:00,159852,trend,5.0,3868413.8,3867389.1,0.0003,2023-03-31 13:15:00,trend,5.0,4744191.1,4743228.8,0.0002,both
2023-04-03,2023-04-03 13:15:00,159819,trend,5.0,4155322.0,4154283.0,0.0003,2023-04-03 13:15:00,trend,5.0,5096668.0,5095553.4,0.0002,both
2023-04-04,2023-04-04 13:15:00,512480,trend,5.0,4364338.0,4363278.0,0.0002,2023-04-04 13:15:00,trend,5.0,5360844.0,5359678.0,0.0002,both
2023-04-06,2023-04-06 13:15:00,159851,trend,5.0,4551901.8,4550720.6,0.0003,2023-04-06 13:15:00,trend,5.0,5588622.6,5587433.0,0.0002,both
2023-04-07,2023-04-07 13:15:00,513310,trend,5.0,4607561.0,4606371.0,0.0003,2023-04-07 13:15:00,trend,5.0,5658331.0,5657141.0,0.0002,both
2023-04-12,2023-04-12 13:15:00,588080,trend,5.0,4592248.7,4591006.8,0.0003,2023-04-12 13:15:00,trend,5.0,5639218.0,5638070.4,0.0002,both
2023-04-13,2023-04-13 14:34:00,515400,trend,5.0,4500762.0,4499568.2,0.0003,2023-04-13 14:34:00,trend,5.0,5528340.5,5527203.6,0.0002,both
2023-04-14,2023-04-14 14:34:00,161226,trend,5.0,4463737.4,4462612.0,0.0003,2023-04-14 14:34:00,trend,5.0,5481355.1,5480244.0,0.0002,both
2023-04-17,2023-04-17 14:44:00,513310,force,5.0,4369940.5,4368753.5,0.0003,2023-04-17 14:44:00,force,5.0,5369513.2,5368326.2,0.0002,both
2023-04-19,2023-04-19 13:15:00,512480,trend,5.0,4346547.5,4345472.5,0.0002,2023-04-19 13:15:00,trend,5.0,5341352.5,5340277.5,0.0002,both
2023-04-20,2023-04-20 13:15:00,512980,trend,5.0,4341280.2,4340199.0,0.0002,2023-04-20 13:15:00,trend,5.0,5330360.4,5329273.5,0.0002,both
2023-04-21,2023-04-21 14:14:00,161226,trend,5.0,4203133.2,4202117.4,0.0002,2023-04-21 14:14:00,trend,5.0,5167184.4,5166106.4,0.0002,both
2023-05-04,2023-05-04 13:44:00,161226,trend,5.0,4144790.8,4143743.8,0.0003,2023-05-04 13:44:00,trend,5.0,5101453.2,5100408.6,0.0002,both
2023-05-11,2023-05-11 13:15:00,513520,trend,5.0,4092326.4,3008923.2,0.2647,2023-05-11 13:15:00,trend,5.0,5038500.8,5037478.4,0.0002,both
2023-05-22,2023-05-22 13:15:00,513100,trend,5.0,4473067.2,4471900.0,0.0003,2023-05-22 13:15:00,trend,5.0,5767519.2,5766288.5,0.0002,both
2023-06-08,2023-06-08 14:44:00,513500,force,5.0,4680034.7,4678888.3,0.0002,2023-06-08 14:44:00,force,5.0,6043247.6,6041957.9,0.0002,both
2023-06-09,2023-06-09 13:15:00,513100,trend,5.0,4707312.0,4706055.6,0.0003,2023-06-09 13:15:00,trend,5.0,6083279.4,6082023.0,0.0002,both
2023-06-13,2023-06-13 13:44:00,515880,trend,5.0,4856551.4,4855304.8,0.0003,2023-06-13 13:44:00,trend,5.0,6279039.8,6277686.9,0.0002,both
2023-06-15,2023-06-15 13:44:00,516510,trend,5.0,5025657.7,5024276.0,0.0003,2023-06-15 13:44:00,trend,5.0,6511089.2,6509774.0,0.0002,both
2023-06-19,2023-06-19 13:15:00,515050,trend,5.0,5353345.5,5351987.2,0.0003,2023-06-19 13:15:00,trend,5.0,6928941.0,6927487.2,0.0002,both
2023-06-26,2023-06-26 14:44:00,516520,force,5.0,5072247.2,5071018.4,0.0002,2023-06-26 14:44:00,force,5.0,6472776.0,6471410.4,0.0002,both
2023-06-27,2023-06-27 13:15:00,159985,trend,5.0,5099600.0,1819833.6,0.6431,2023-06-27 13:15:00,trend,5.0,6504080.0,6502747.8,0.0002,both
2023-07-04,2023-07-04 14:14:00,515880,trend,5.0,5120659.7,5119250.4,0.0003,2023-07-04 14:14:00,trend,5.0,6849349.8,6847903.2,0.0002,both
2023-07-05,2023-07-05 13:44:00,159985,trend,5.0,5044995.7,5043772.8,0.0002,2023-07-05 13:44:00,trend,5.0,6756960.0,6755426.7,0.0002,both
2023-08-02,2023-08-02 13:44:00,512880,trend,5.0,5442340.0,5283567.5,0.0292,2023-08-02 13:44:00,trend,5.0,7331722.5,6685562.5,0.0881,both
2023-08-03,2023-08-03 13:15:00,512200,trend,5.0,5453628.0,5452382.3,0.0002,2023-08-03 13:15:00,trend,5.0,7329783.8,7328285.3,0.0002,both
2023-08-16,2023-08-16 13:15:00,159985,trend,5.0,5217192.9,4841155.0,0.0721,2023-08-16 13:15:00,trend,5.0,6916616.6,5391397.5,0.2205,both
2023-08-25,2023-08-25 13:15:00,159985,trend,5.0,5366398.4,5364999.2,0.0003,2023-08-25 13:15:00,trend,5.0,7064094.4,7062462.0,0.0002,both
2023-09-08,2023-09-08 13:44:00,501018,trend,5.0,5336384.8,5335031.1,0.0003,2023-09-08 13:44:00,trend,5.0,7025356.0,7023929.5,0.0002,both
2023-09-11,2023-09-11 13:15:00,159985,trend,5.0,5352211.2,1545782.5,0.7112,2023-09-11 13:15:00,trend,5.0,7047062.4,6151156.4,0.1271,both
2023-09-20,2023-09-20 14:44:00,518880,force,5.0,5408198.0,5406361.6,0.0003,2023-09-20 14:44:00,force,5.0,7009079.7,7007243.3,0.0003,both
2023-09-25,2023-09-25 13:15:00,518880,trend,5.0,5344150.9,3947098.0,0.2614,2023-09-25 13:15:00,trend,5.0,6909253.1,5527768.8,0.1999,both
2023-09-28,2023-09-28 13:44:00,501018,trend,5.0,5305907.2,5304462.3,0.0003,2023-09-28 13:44:00,trend,5.0,6865830.4,6864366.2,0.0002,both
2023-10-09,,511880,,,,,,2023-10-09 14:44:00,force,5.0,6452919.6,6442900.5,0.0016,right_only
2023-10-13,2023-10-13 14:14:00,515120,trend,5.0,4990045.2,4988843.2,0.0002,2023-10-13 14:14:00,trend,5.0,6457659.6,6456299.6,0.0002,both
2023-10-16,2023-10-16 14:44:00,511880,force,5.0,4942709.1,4922410.5,0.0041,2023-10-16 14:44:00,force,5.0,6394059.0,6383909.7,0.0016,both
2023-10-31,2023-10-31 13:15:00,561980,trend,5.0,4946961.6,4945713.8,0.0003,2023-10-31 13:15:00,trend,5.0,6400598.4,6399260.0,0.0002,both
2023-11-02,2023-11-02 14:44:00,513120,force,5.0,4842200.0,3329210.9,0.3125,2023-11-02 14:44:00,force,5.0,6282760.0,6281441.9,0.0002,both
2023-11-14,2023-11-14 13:44:00,159892,trend,5.0,4896322.5,4895115.0,0.0002,2023-11-14 13:44:00,trend,5.0,6352642.5,6351338.8,0.0002,both
2023-11-17,2023-11-17 13:15:00,513310,trend,5.0,4864665.6,4863404.0,0.0003,2023-11-17 13:15:00,trend,5.0,6326623.8,6325240.0,0.0002,both
2023-11-21,2023-11-21 14:44:00,159509,force,5.0,4852240.0,4850982.4,0.0003,2023-11-21 14:44:00,force,5.0,6315143.2,6313780.8,0.0002,both
2023-12-15,2023-12-15 13:15:00,513290,trend,5.0,4825966.5,4824703.8,0.0003,2023-12-15 13:15:00,trend,5.0,6459123.6,6457823.4,0.0002,both
2023-12-21,2023-12-21 14:44:00,513520,force,5.0,4703611.5,4702354.4,0.0003,2023-12-21 14:44:00,force,5.0,6294667.5,6293364.8,0.0002,both
2023-12-22,2023-12-22 14:44:00,513290,force,5.0,4709330.4,4708140.5,0.0003,2023-12-22 14:44:00,force,5.0,6303035.4,6301680.0,0.0002,both
2024-01-15,2024-01-15 13:15:00,513520,trend,5.0,5076813.2,5075464.1,0.0003,2024-01-15 13:15:00,trend,5.0,6797815.1,6796316.1,0.0002,both
2024-01-17,2024-01-17 14:44:00,513500,force,5.0,5123210.6,5121968.8,0.0002,2024-01-17 14:44:00,force,5.0,6865250.6,6863734.8,0.0002,both
2024-01-18,2024-01-18 13:44:00,159509,trend,5.0,5107111.8,5105796.2,0.0003,2024-01-18 13:44:00,trend,5.0,6848622.9,6847201.0,0.0002,both
2024-01-19,2024-01-19 14:34:00,513520,trend,5.0,5246390.0,5245450.4,0.0002,2024-01-19 14:34:00,trend,5.0,7044680.0,7043176.0,0.0002,both
2024-01-24,2024-01-24 14:44:00,159509,force,5.0,6027490.8,6000079.2,0.0045,2024-01-24 14:44:00,force,5.0,8092444.8,8062327.6,0.0037,both
2024-02-01,2024-02-01 14:44:00,501018,force,5.0,5909472.0,5907946.1,0.0003,2024-02-01 14:44:00,force,5.0,7940822.4,7939226.8,0.0002,both
2024-02-02,2024-02-02 13:44:00,159509,trend,5.0,5779491.2,5778064.4,0.0002,2024-02-02 13:44:00,trend,5.0,7760484.1,7758819.5,0.0002,both
2024-03-04,2024-03-04 14:44:00,159998,force,5.0,6933592.5,6931886.4,0.0002,2024-03-04 14:44:00,force,5.0,9311119.5,9309220.0,0.0002,both
2024-03-05,2024-03-05 14:44:00,159967,force,5.0,7009780.0,7008134.4,0.0002,2024-03-05 14:44:00,force,5.0,9416616.0,9409855.2,0.0007,both
2024-03-06,2024-03-06 13:15:00,159995,trend,5.0,7027642.1,7025927.2,0.0002,2024-03-06 13:15:00,trend,5.0,9410344.7,9408370.0,0.0002,both
2024-03-08,2024-03-08 13:15:00,159516,trend,5.0,6942266.1,6940584.0,0.0002,2024-03-08 13:15:00,trend,5.0,9294808.6,9292887.0,0.0002,both
2024-03-11,2024-03-11 13:15:00,513310,trend,5.0,6992484.0,6990748.0,0.0002,2024-03-11 13:15:00,trend,5.0,9371796.0,9369812.0,0.0002,both
2024-03-12,2024-03-12 13:15:00,159949,trend,5.0,7095091.8,7093392.9,0.0002,2024-03-12 13:15:00,trend,5.0,9505669.1,9503727.5,0.0002,both
2024-03-13,2024-03-13 13:15:00,512980,trend,5.0,7078994.8,7077314.0,0.0002,2024-03-13 13:15:00,trend,5.0,9482691.6,9480781.6,0.0002,both
2024-03-14,2024-03-14 14:34:00,159851,trend,5.0,6941913.3,6940156.6,0.0003,2024-03-14 14:34:00,trend,5.0,9302587.7,9300712.2,0.0002,both
2024-03-15,2024-03-15 14:14:00,159995,trend,5.0,6926935.6,4759007.4,0.313,2024-03-15 14:14:00,trend,5.0,9273690.4,9271760.4,0.0002,both
2024-03-18,2024-03-18 13:15:00,159516,trend,5.0,7095328.8,7093624.0,0.0002,2024-03-18 13:15:00,trend,5.0,9492094.5,9490186.0,0.0002,both
2024-03-19,2024-03-19 14:44:00,159998,force,5.0,7163997.0,7162267.8,0.0002,2024-03-19 14:44:00,force,5.0,9593758.8,9591793.8,0.0002,both
2024-03-20,2024-03-20 13:15:00,515980,trend,5.0,7267274.3,7265556.8,0.0002,2024-03-20 13:15:00,trend,5.0,9723350.6,9721335.2,0.0002,both
2024-03-22,2024-03-22 13:15:00,515880,trend,5.0,7201196.0,7170771.4,0.0042,2024-03-22 13:15:00,trend,5.0,9484537.2,9325596.8,0.0168,both
2024-03-25,2024-03-25 14:14:00,159518,trend,5.0,7230880.0,7229040.0,0.0003,2024-03-25 14:14:00,trend,5.0,9531413.9,9529485.0,0.0002,both
2024-04-02,2024-04-02 13:44:00,517520,trend,5.0,7621613.4,7619722.8,0.0002,2024-04-02 13:44:00,trend,5.0,10047428.2,10045298.4,0.0002,both
2024-04-03,2024-04-03 14:34:00,159518,trend,5.0,7806211.2,7804306.0,0.0002,2024-04-03 14:34:00,trend,5.0,10293564.0,10291414.8,0.0002,both
2024-04-11,2024-04-11 13:44:00,161226,trend,5.0,7703196.6,6155270.4,0.2009,2024-04-11 13:44:00,trend,5.0,10145551.6,10143408.4,0.0002,both
2024-04-16,2024-04-16 13:15:00,518880,trend,5.0,7893779.2,7891454.8,0.0003,2024-04-16 13:15:00,trend,5.0,10483101.4,10480932.8,0.0002,both
2024-04-22,2024-04-22 14:14:00,159980,trend,5.0,7748175.0,7746117.6,0.0003,2024-04-22 14:14:00,trend,5.0,10293078.4,10290897.6,0.0002,both
2024-04-24,2024-04-24 13:15:00,159980,trend,5.0,7517369.4,7515391.0,0.0003,2024-04-24 13:15:00,trend,5.0,9966326.5,9964228.2,0.0002,both
2024-05-08,2024-05-08 14:44:00,513330,force,5.0,7615509.8,7613721.9,0.0002,2024-05-08 14:44:00,force,5.0,10104515.0,10102480.2,0.0002,both
2024-05-14,2024-05-14 13:44:00,513180,trend,5.0,8033241.6,8031323.6,0.0002,2024-05-14 13:44:00,trend,5.0,10628624.4,10626487.2,0.0002,both
2024-05-15,2024-05-15 13:44:00,510900,trend,5.0,8030801.9,8028929.7,0.0002,2024-05-15 13:44:00,trend,5.0,10607119.3,10604906.7,0.0002,both
2024-05-16,2024-05-16 13:15:00,159985,trend,5.0,8165836.8,8163582.6,0.0003,2024-05-16 13:15:00,trend,5.0,10766592.0,10764382.2,0.0002,both
2024-05-20,2024-05-20 13:15:00,513920,trend,5.0,8198044.5,8195955.2,0.0003,2024-05-20 13:15:00,trend,5.0,10810161.1,10807948.9,0.0002,both
2024-05-21,2024-05-21 13:44:00,513630,trend,5.0,8125026.0,2561712.4,0.6847,2024-05-21 13:44:00,trend,5.0,10695349.6,10190637.6,0.0472,both
2024-05-24,2024-05-24 13:44:00,159985,trend,5.0,8045782.9,8043599.0,0.0003,2024-05-24 13:44:00,trend,5.0,10509685.4,10507383.0,0.0002,both
2024-05-27,2024-05-27 13:15:00,513100,trend,5.0,7965215.4,7963291.8,0.0002,2024-05-27 13:15:00,trend,5.0,10403790.6,10401592.2,0.0002,both
2024-05-28,2024-05-28 14:44:00,161226,force,5.0,7991739.6,7989740.0,0.0003,2024-05-28 14:44:00,force,5.0,10439535.6,10437363.2,0.0002,both
2024-05-29,2024-05-29 13:15:00,159509,trend,5.0,8093350.4,8091289.6,0.0003,2024-05-29 13:15:00,trend,5.0,10577350.4,10575142.4,0.0002,both
2024-05-30,2024-05-30 14:44:00,511880,force,5.0,7944064.4,7923901.8,0.0025,2024-05-30 14:44:00,force,5.0,10393820.3,10383739.0,0.001,both
2024-06-03,2024-06-03 14:44:00,159509,force,5.0,7950250.0,7948308.0,0.0002,2024-06-03 14:44:00,force,5.0,10392997.5,10390836.6,0.0002,both
2024-06-14,2024-06-14 14:34:00,513100,trend,5.0,8824329.6,8822209.6,0.0002,2024-06-14 14:34:00,trend,5.0,11536667.1,11534239.2,0.0002,both
2024-06-17,2024-06-17 13:44:00,513310,trend,5.0,8848697.4,8846518.8,0.0002,2024-06-17 13:44:00,trend,5.0,11571278.4,11568841.2,0.0002,both
2024-06-24,2024-06-24 13:15:00,513100,trend,5.0,8770138.5,8767971.0,0.0002,2024-06-24 13:15:00,trend,5.0,11478068.5,11475756.5,0.0002,both
2024-06-25,2024-06-25 14:44:00,513500,force,5.0,8676683.8,8674561.6,0.0002,2024-06-25 14:44:00,force,5.0,11358425.8,11355994.3,0.0002,both
2024-06-26,2024-06-26 14:44:00,513100,force,5.0,8739442.8,8737376.8,0.0002,2024-06-26 14:44:00,force,5.0,11441760.0,11439345.0,0.0002,both
2024-06-28,2024-06-28 14:14:00,159509,trend,5.0,8853436.8,8851211.2,0.0003,2024-06-28 14:14:00,trend,5.0,11595376.0,11592979.2,0.0002,both
2024-07-03,2024-07-03 14:44:00,513100,force,5.0,8691000.0,8688953.5,0.0002,2024-07-03 14:44:00,force,5.0,11385000.0,11382506.6,0.0002,both
2024-07-10,2024-07-10 13:15:00,513520,trend,5.0,8973965.0,8971695.2,0.0003,2024-07-10 13:15:00,trend,5.0,11758489.6,11756014.4,0.0002,both
2024-07-12,2024-07-12 14:14:00,513500,trend,5.0,8663530.5,8661302.0,0.0003,2024-07-12 14:14:00,trend,5.0,11361829.5,11359414.0,0.0002,both
2024-07-15,2024-07-15 14:34:00,513400,trend,5.0,8852220.0,8850056.6,0.0002,2024-07-15 14:34:00,trend,5.0,11608056.0,11605640.2,0.0002,both
2024-07-17,2024-07-17 14:44:00,513520,force,5.0,9345870.6,9343672.8,0.0002,2024-07-17 14:44:00,force,5.0,12256635.6,12254076.8,0.0002,both
2024-07-22,2024-07-22 13:15:00,513290,trend,5.0,9064484.1,9062201.6,0.0003,2024-07-22 13:15:00,trend,5.0,11882427.9,11880037.6,0.0002,both
2024-07-24,2024-07-24 14:44:00,511880,force,5.0,9122286.6,9102172.3,0.0022,2024-07-24 14:44:00,force,5.0,11950902.6,11940918.6,0.0008,both
2024-07-26,2024-07-26 13:44:00,159502,trend,5.0,9124934.0,9122718.0,0.0002,2024-07-26 13:44:00,trend,5.0,11953768.8,11951331.2,0.0002,both
2024-07-30,2024-07-30 13:15:00,513400,trend,5.0,9002294.8,9000126.8,0.0002,2024-07-30 13:15:00,trend,5.0,11800749.2,11798364.4,0.0002,both
2024-08-01,2024-08-01 13:44:00,159502,trend,5.0,9074181.6,9072009.6,0.0002,2024-08-01 13:44:00,trend,5.0,11896152.6,11893763.4,0.0002,both
2024-08-02,2024-08-02 14:34:00,518880,trend,5.0,8942950.8,8940225.2,0.0003,2024-08-02 14:34:00,trend,5.0,11727513.0,11724831.4,0.0002,both
2024-08-21,2024-08-21 14:34:00,518880,trend,5.0,8779236.9,8776468.0,0.0003,2024-08-21 14:34:00,trend,5.0,11517236.1,11514890.0,0.0002,both
2024-08-28,2024-08-28 13:44:00,513520,trend,5.0,8759830.4,8757741.6,0.0002,2024-08-28 13:44:00,trend,5.0,11494815.6,11492428.4,0.0002,both
2024-08-29,2024-08-29 14:44:00,513030,force,5.0,8716250.4,8714205.6,0.0002,2024-08-29 14:44:00,force,5.0,11444825.6,11442412.8,0.0002,both
2024-09-04,2024-09-04 14:44:00,511880,force,5.0,8529811.2,8509658.5,0.0024,2024-09-04 14:44:00,force,5.0,11201068.8,11191061.0,0.0009,both
2024-09-05,2024-09-05 13:15:00,159529,trend,5.0,8531152.8,8529030.3,0.0002,2024-09-05 13:15:00,trend,5.0,11207625.6,11205350.1,0.0002,both
2024-09-09,2024-09-09 14:14:00,159985,trend,5.0,8469755.1,1565858.5,0.8151,2024-09-09 14:14:00,trend,5.0,11135146.3,6213036.3,0.442,both
2024-09-18,2024-09-18 14:14:00,159985,trend,5.0,8667067.5,4439901.6,0.4877,2024-09-18 14:14:00,trend,5.0,11224125.9,11221694.4,0.0002,both
2024-09-20,2024-09-20 14:44:00,159529,force,5.0,8578096.5,8575968.0,0.0002,2024-09-20 14:44:00,force,5.0,10958064.9,10955867.4,0.0002,both
2024-09-24,2024-09-24 13:15:00,159851,trend,5.0,8654511.3,3239407.0,0.6257,2024-09-24 13:15:00,trend,5.0,11055792.7,11053525.0,0.0002,both
2024-09-27,2024-09-27 13:15:00,512200,trend,5.0,9314486.2,9312300.0,0.0002,2024-09-27 13:15:00,trend,5.0,13309770.9,13307100.0,0.0002,both
2024-09-30,2024-09-30 13:15:00,159605,trend,5.0,10318800.8,10221071.5,0.0095,2024-09-30 13:15:00,trend,5.0,14740940.8,14616518.4,0.0084,both
2024-10-08,2024-10-08 14:14:00,512980,trend,5.0,10512235.8,10509313.2,0.0003,2024-10-08 14:14:00,trend,5.0,15047798.4,15044736.0,0.0002,both
2024-10-09,2024-10-09 13:15:00,511380,trend,5.0,9982183.2,9978814.0,0.0003,2024-10-09 13:15:00,trend,5.0,14298177.9,14294898.6,0.0002,both
2024-10-10,2024-10-10 14:44:00,159980,force,5.0,9920517.6,9918020.7,0.0003,2024-10-10 14:44:00,force,5.0,14210848.8,14207942.7,0.0002,both
2024-10-14,2024-10-14 13:15:00,512800,trend,5.0,9995544.0,9993007.5,0.0003,2024-10-14 13:15:00,trend,5.0,14327960.0,14324981.7,0.0002,both
2024-10-15,2024-10-15 13:15:00,517520,trend,5.0,9897924.6,9894950.7,0.0003,2024-10-15 13:15:00,trend,5.0,14181594.3,14178715.0,0.0002,both
2024-10-16,2024-10-16 14:44:00,515220,force,5.0,9979803.5,9977354.1,0.0002,2024-10-16 14:44:00,force,5.0,14317056.0,14314085.1,0.0002,both
2024-10-17,2024-10-17 13:44:00,161226,trend,5.0,10011743.0,10009315.1,0.0002,2024-10-17 13:44:00,trend,5.0,14359560.6,14356620.3,0.0002,both
2024-10-22,2024-10-22 13:15:00,513970,trend,5.0,10603425.6,10600947.5,0.0002,2024-10-22 13:15:00,trend,5.0,15215902.2,15212788.5,0.0002,both
2024-10-23,2024-10-23 13:15:00,159928,trend,5.0,10830611.1,10828043.2,0.0002,2024-10-23 13:15:00,trend,5.0,15528987.3,15525869.2,0.0002,both
2024-10-24,2024-10-24 14:34:00,159883,trend,5.0,10629573.0,10627074.0,0.0002,2024-10-24 14:34:00,trend,5.0,15223908.0,15220848.0,0.0002,both
2024-10-25,2024-10-25 13:15:00,159605,trend,5.0,10834252.4,10831620.6,0.0002,2024-10-25 13:15:00,trend,5.0,15488825.2,15485709.6,0.0002,both
2024-10-28,,513180,,,,,,2024-10-28 13:44:00,trend,5.0,15440403.6,15437252.7,0.0002,right_only
2024-10-29,2024-10-29 14:34:00,512170,trend,5.0,10911450.1,10908902.4,0.0002,2024-10-29 14:34:00,trend,5.0,15586200.4,15583059.4,0.0002,both
2024-10-30,2024-10-30 14:34:00,562500,trend,5.0,10689943.0,10687430.0,0.0002,2024-10-30 14:34:00,trend,5.0,15262382.4,15259295.0,0.0002,both
2024-10-31,2024-10-31 14:44:00,518880,force,5.0,10671375.6,10668583.8,0.0003,2024-10-31 14:44:00,force,5.0,15220803.0,15217612.2,0.0002,both
2024-11-04,2024-11-04 14:34:00,159502,trend,5.0,10485352.8,10482864.4,0.0002,2024-11-04 14:34:00,trend,5.0,14956706.7,14953654.0,0.0002,both
2024-11-05,2024-11-05 13:15:00,159638,trend,5.0,10490359.8,9102284.8,0.1323,2024-11-05 13:15:00,trend,5.0,14965152.4,14962124.8,0.0002,both
2024-11-06,2024-11-06 13:15:00,159516,trend,5.0,10714500.0,10711939.7,0.0002,2024-11-06 13:15:00,trend,5.0,15304500.0,15301425.8,0.0002,both
2024-11-07,2024-11-07 13:15:00,561980,trend,5.0,10654206.0,10651660.0,0.0002,2024-11-07 13:15:00,trend,5.0,15214628.0,15211546.0,0.0002,both
2024-11-11,2024-11-11 13:15:00,159998,trend,5.0,11956382.4,11953500.0,0.0002,2024-11-11 13:15:00,trend,5.0,17080404.0,17076900.0,0.0002,both
2024-11-12,2024-11-12 13:15:00,516510,trend,5.0,11864578.0,11861789.6,0.0002,2024-11-12 13:15:00,trend,5.0,16995274.0,16991796.0,0.0002,both
2024-11-13,2024-11-13 14:14:00,512880,trend,5.0,11944044.0,11941501.5,0.0002,2024-11-13 14:14:00,trend,5.0,17113425.0,17104579.8,0.0005,both
2024-11-14,2024-11-14 14:44:00,512200,force,5.0,11824809.5,11821852.8,0.0003,2024-11-14 14:44:00,force,5.0,16933298.0,16929784.8,0.0002,both
2024-11-15,2024-11-15 14:14:00,159529,trend,5.0,11571958.4,11569239.0,0.0002,2024-11-15 14:14:00,trend,5.0,16572866.8,16569547.2,0.0002,both
2024-11-22,2024-11-22 14:34:00,159518,trend,5.0,11740735.0,5939921.0,0.4941,2024-11-22 14:34:00,trend,5.0,16816317.0,16812878.4,0.0002,both
2024-11-26,,159529,,,,,,2024-11-26 14:44:00,force,5.0,16748495.6,16745060.8,0.0002,right_only
2024-11-28,2024-11-28 14:34:00,159518,trend,5.0,13234887.0,13231809.0,0.0002,2024-11-28 14:34:00,trend,5.0,19315476.0,19311577.2,0.0002,both
2024-12-04,2024-12-04 13:15:00,513500,trend,5.0,13182984.0,6136990.4,0.5345,2024-12-04 13:15:00,trend,5.0,19243965.6,19239976.8,0.0002,both
2024-12-10,2024-12-10 14:44:00,159529,force,5.0,12917496.6,12914470.8,0.0002,2024-12-10 14:44:00,force,5.0,19131039.0,19127077.2,0.0002,both
2024-12-13,2024-12-13 14:14:00,512980,trend,5.0,13032709.9,13029584.4,0.0002,2024-12-13 14:14:00,trend,5.0,19314607.7,19310678.5,0.0002,both
2024-12-16,2024-12-16 14:34:00,159529,trend,5.0,12644537.5,12641553.6,0.0002,2024-12-16 14:34:00,trend,5.0,18719527.5,18715718.6,0.0002,both
2024-12-20,2024-12-20 14:44:00,511880,force,5.0,12514163.2,12493725.0,0.0016,2024-12-20 14:44:00,force,5.0,18547777.6,18537437.5,0.0006,both
2024-12-23,2024-12-23 13:15:00,513100,trend,5.0,12515076.2,12511918.4,0.0003,2024-12-23 13:15:00,trend,5.0,18545940.6,18542135.3,0.0002,both
2024-12-25,2024-12-25 14:14:00,159529,trend,5.0,12700327.5,12697512.0,0.0002,2024-12-25 14:14:00,trend,5.0,18820147.5,18816378.0,0.0002,both
2024-12-30,2024-12-30 13:44:00,515050,trend,5.0,12969453.0,12966300.8,0.0002,2024-12-30 13:44:00,trend,5.0,19212193.0,19208337.4,0.0002,both
2024-12-31,2024-12-31 14:44:00,515050,force,5.0,12588329.1,12585294.4,0.0002,2024-12-31 14:44:00,force,5.0,18620234.4,18616427.2,0.0002,both
2025-01-02,2025-01-02 14:44:00,501018,force,5.0,12217046.4,12214220.8,0.0002,2025-01-02 14:44:00,force,5.0,18079401.6,18075777.8,0.0002,both
2025-01-03,2025-01-03 14:44:00,159509,force,5.0,12453859.2,5613765.0,0.5492,2025-01-03 14:44:00,force,5.0,18419490.6,18415588.2,0.0002,both
2025-01-08,2025-01-08 14:34:00,159529,trend,5.0,12528296.0,12475937.1,0.0042,2025-01-08 14:34:00,trend,5.0,18659854.4,18589912.0,0.0037,both
2025-01-09,2025-01-09 14:14:00,501018,trend,5.0,13293471.0,13290211.5,0.0002,2025-01-09 14:14:00,trend,5.0,19797776.0,19793791.4,0.0002,both
2025-01-14,2025-01-14 14:34:00,159518,trend,5.0,13948550.2,10555484.0,0.2433,2025-01-14 14:34:00,trend,5.0,20766480.2,20751400.4,0.0007,both
2025-01-16,2025-01-16 14:44:00,501018,force,5.0,14262378.9,3343804.2,0.7656,2025-01-16 14:44:00,force,5.0,21479280.9,0.0,1.0,both
2025-01-17,2025-01-17 14:34:00,520830,trend,5.0,14656088.7,14652589.0,0.0002,2025-01-17 14:34:00,trend,5.0,22250738.4,22246217.0,0.0002,both
2025-01-21,2025-01-21 14:44:00,513030,force,5.0,14602504.0,14599307.6,0.0002,2025-01-21 14:44:00,force,5.0,22179131.2,22174539.9,0.0002,both
2025-01-23,2025-01-23 13:44:00,501018,trend,5.0,15413485.5,14877.0,0.999,2025-01-23 13:44:00,trend,5.0,23404000.5,15399.0,0.9993,both
2025-01-24,2025-01-24 14:34:00,513310,trend,5.0,15606236.9,15602380.8,0.0002,2025-01-24 14:34:00,trend,5.0,23697927.1,23693107.2,0.0002,both
2025-01-27,2025-01-27 13:44:00,159985,trend,5.0,15370420.0,15366606.0,0.0002,2025-01-27 13:44:00,trend,5.0,23339200.9,23334242.7,0.0002,both
2025-02-07,2025-02-07 14:44:00,562500,force,5.0,15835390.4,15831655.0,0.0002,2025-02-07 14:44:00,force,5.0,24064653.3,24059748.0,0.0002,both
2025-02-10,2025-02-10 14:14:00,513030,trend,5.0,15982339.2,15978578.4,0.0002,2025-02-10 14:14:00,trend,5.0,24322675.2,24317656.2,0.0002,both
2025-02-11,2025-02-11 13:15:00,562500,trend,5.0,15973776.0,15969994.8,0.0002,2025-02-11 13:15:00,trend,5.0,24314927.0,24309974.8,0.0002,both
2025-02-12,2025-02-12 13:44:00,159998,trend,5.0,16007579.1,16003821.0,0.0002,2025-02-12 13:44:00,trend,5.0,24363471.8,24358587.0,0.0002,both
2025-02-13,2025-02-13 13:15:00,159851,trend,5.0,15812134.0,15808335.4,0.0002,2025-02-13 13:15:00,trend,5.0,24034644.0,24029777.2,0.0002,both
2025-02-14,2025-02-14 14:14:00,510900,trend,5.0,16030192.5,16026374.4,0.0002,2025-02-14 14:14:00,trend,5.0,24365464.2,24360532.4,0.0002,both
2025-02-18,2025-02-18 13:15:00,159732,trend,5.0,16596195.2,16592280.0,0.0002,2025-02-18 13:15:00,trend,5.0,25228257.6,25223196.0,0.0002,both
2025-02-19,2025-02-19 14:14:00,513120,trend,5.0,16609920.0,16605962.1,0.0002,2025-02-19 14:14:00,trend,5.0,25211966.0,25206854.4,0.0002,both
2025-02-20,2025-02-20 13:15:00,512170,trend,5.0,16843705.6,16839792.0,0.0002,2025-02-20 13:15:00,trend,5.0,25563205.3,25558056.0,0.0002,both
2025-02-24,2025-02-24 14:34:00,588220,trend,5.0,16698656.0,16694715.6,0.0002,2025-02-24 14:34:00,trend,5.0,25317344.0,25312264.0,0.0002,both
2025-02-25,2025-02-25 14:44:00,512170,force,5.0,16923851.1,16919910.0,0.0002,2025-02-25 14:44:00,force,5.0,25641989.1,25636835.0,0.0002,both
2025-02-26,2025-02-26 14:44:00,588220,force,5.0,16918766.0,16914844.0,0.0002,2025-02-26 14:44:00,force,5.0,25695354.0,25690160.0,0.0002,both
2025-02-28,2025-02-28 14:44:00,561980,force,5.0,16407487.3,16403574.2,0.0002,2025-02-28 14:44:00,force,5.0,24887409.9,24882408.2,0.0002,both
2025-03-03,2025-03-03 13:15:00,159985,trend,5.0,16296964.4,14994305.4,0.0799,2025-03-03 13:15:00,trend,5.0,24734827.8,24729721.5,0.0002,both
2025-03-05,2025-03-05 14:14:00,518880,trend,5.0,15911362.2,15907245.9,0.0003,2025-03-05 14:14:00,trend,5.0,24096480.6,24091650.6,0.0002,both
2025-03-07,2025-03-07 13:15:00,159323,trend,5.0,15827216.5,15823407.6,0.0002,2025-03-07 13:15:00,trend,5.0,23968077.0,23963167.8,0.0002,both
2025-03-10,2025-03-10 14:34:00,159892,trend,5.0,15268133.0,15264510.6,0.0002,2025-03-10 14:34:00,trend,5.0,23157154.2,23152513.0,0.0002,both
2025-03-12,2025-03-12 13:44:00,159323,trend,5.0,15344330.4,15340684.8,0.0002,2025-03-12 13:44:00,trend,5.0,23250595.2,23245908.0,0.0002,both
2025-03-14,2025-03-14 13:15:00,513030,trend,5.0,14864807.5,14861598.3,0.0002,2025-03-14 13:15:00,trend,5.0,22540611.1,22536011.7,0.0002,both
2025-03-17,2025-03-17 13:44:00,159323,trend,5.0,15060304.6,15056670.2,0.0002,2025-03-17 13:44:00,trend,5.0,22833896.8,22829224.0,0.0002,both
2025-03-21,2025-03-21 14:34:00,517520,trend,5.0,14699300.0,14695711.2,0.0002,2025-03-21 14:34:00,trend,5.0,22288840.0,22284338.3,0.0002,both
2025-03-24,2025-03-24 13:15:00,513030,trend,5.0,14717700.0,14714792.8,0.0002,2025-03-24 13:15:00,trend,5.0,22322208.4,22317665.9,0.0002,both
2025-03-25,2025-03-25 13:44:00,159980,trend,5.0,14277436.8,14274050.0,0.0002,2025-03-25 13:44:00,trend,5.0,21640551.9,21636125.0,0.0002,both
2025-03-26,2025-03-26 13:44:00,513030,trend,5.0,14300932.4,14297608.6,0.0002,2025-03-26 13:44:00,trend,5.0,21678126.4,21673735.2,0.0002,both
2025-03-27,2025-03-27 13:44:00,159980,trend,5.0,14026929.6,14023547.4,0.0002,2025-03-27 13:44:00,trend,5.0,21263463.6,21259144.2,0.0002,both
2025-03-28,2025-03-28 13:15:00,518880,trend,5.0,13857373.2,13853295.0,0.0003,2025-03-28 13:15:00,trend,5.0,21003316.4,20998897.2,0.0002,both
2025-04-07,2025-04-07 14:44:00,511880,force,5.0,13834706.6,13814489.6,0.0015,2025-04-07 14:44:00,force,5.0,20972933.3,20962684.8,0.0005,both
2025-04-10,2025-04-10 13:15:00,518880,trend,5.0,13833335.7,13830687.6,0.0002,2025-04-10 13:15:00,trend,5.0,20970858.7,20966497.8,0.0002,both
2025-04-23,2025-04-23 13:44:00,159865,trend,5.0,14690072.3,14686656.1,0.0002,2025-04-23 13:44:00,trend,5.0,22273093.9,22268617.5,0.0002,both
2025-04-24,2025-04-24 14:44:00,511880,force,5.0,14756251.9,14736161.7,0.0014,2025-04-24 14:44:00,force,5.0,22380482.8,22370437.7,0.0004,both
2025-04-28,2025-04-28 13:15:00,518880,trend,5.0,14760834.0,14756435.4,0.0003,2025-04-28 13:15:00,trend,5.0,22382161.5,22377084.0,0.0002,both
2025-05-08,2025-05-08 13:15:00,513030,trend,5.0,15059365.8,15055648.8,0.0002,2025-05-08 13:15:00,trend,5.0,22842080.4,22837382.4,0.0002,both
2025-05-16,2025-05-16 14:34:00,513750,trend,5.0,15137608.5,15133954.5,0.0002,2025-05-16 14:34:00,trend,5.0,22958082.0,22953384.0,0.0002,both
2025-05-22,2025-05-22 14:14:00,159323,trend,5.0,15265035.9,15261387.5,0.0002,2025-05-22 14:14:00,trend,5.0,23174636.8,23169946.0,0.0002,both
2025-05-26,2025-05-26 13:15:00,159529,trend,5.0,14573440.4,14569924.8,0.0002,2025-05-26 13:15:00,trend,5.0,22140929.2,22136454.8,0.0002,both
2025-05-27,2025-05-27 13:44:00,513030,trend,5.0,14478037.8,14474432.7,0.0002,2025-05-27 13:44:00,trend,5.0,21984583.0,21980070.7,0.0002,both
2025-05-28,2025-05-28 14:44:00,159529,force,5.0,14525820.0,14522319.5,0.0002,2025-05-28 14:44:00,force,5.0,22064065.4,22059520.7,0.0002,both
2025-05-30,2025-05-30 13:44:00,159509,trend,5.0,14360083.8,14356636.8,0.0002,2025-05-30 13:44:00,trend,5.0,21819871.6,21815445.0,0.0002,both
2025-06-05,2025-06-05 14:34:00,513120,trend,5.0,14489506.4,14486640.0,0.0002,2025-06-05 14:34:00,trend,5.0,22030116.1,22025640.0,0.0002,both
2025-06-09,2025-06-09 14:14:00,159892,trend,5.0,15528530.6,15524863.7,0.0002,2025-06-09 14:14:00,trend,5.0,23604698.1,23599952.7,0.0002,both
2025-06-10,2025-06-10 14:14:00,515120,trend,5.0,16152927.8,16149178.5,0.0002,2025-06-10 14:14:00,trend,5.0,24556254.6,24551324.3,0.0002,both
2025-06-16,2025-06-16 13:44:00,161226,trend,5.0,16006155.2,16002373.8,0.0002,2025-06-16 13:44:00,trend,5.0,24335557.4,24330651.8,0.0002,both
2025-06-19,2025-06-19 13:15:00,501018,trend,5.0,16198182.0,16194276.0,0.0002,2025-06-19 13:15:00,trend,5.0,24639476.4,24634444.5,0.0002,both
2025-06-20,2025-06-20 13:15:00,159518,trend,5.0,16954479.9,16950464.0,0.0002,2025-06-20 13:15:00,trend,5.0,25811890.3,25806694.4,0.0002,both
2025-06-24,2025-06-24 14:34:00,513310,trend,5.0,16204218.6,16200464.6,0.0002,2025-06-24 14:34:00,trend,5.0,24650281.5,24645270.6,0.0002,both
2025-06-25,2025-06-25 13:44:00,513120,trend,5.0,16378527.6,16375020.2,0.0002,2025-06-25 13:44:00,trend,5.0,24932880.0,24927805.0,0.0002,both
2025-06-26,2025-06-26 13:15:00,159851,trend,5.0,16023946.2,16020180.0,0.0002,2025-06-26 13:15:00,trend,5.0,24392899.8,24387979.0,0.0002,both
2025-06-30,2025-06-30 13:44:00,513090,trend,5.0,15541169.7,15537711.0,0.0002,2025-06-30 13:44:00,trend,5.0,23974238.4,23969158.2,0.0002,both
2025-07-02,2025-07-02 14:34:00,159851,trend,5.0,15433248.3,15429637.5,0.0002,2025-07-02 14:34:00,trend,5.0,23807756.6,23802867.5,0.0002,both
2025-07-03,2025-07-03 13:44:00,513090,trend,5.0,15394085.1,15391130.4,0.0002,2025-07-03 13:44:00,trend,5.0,23746639.2,23741868.8,0.0002,both
2025-07-09,2025-07-09 13:15:00,159851,trend,5.0,16383322.8,16379444.0,0.0002,2025-07-09 13:15:00,trend,5.0,25252486.2,25247117.5,0.0002,both
2025-07-14,2025-07-14 13:44:00,515050,trend,5.0,16228266.6,16224524.3,0.0002,2025-07-14 13:44:00,trend,5.0,24986295.6,24981210.8,0.0002,both
2025-07-18,2025-07-18 14:44:00,159363,force,5.0,17702678.0,17698498.2,0.0002,2025-07-18 14:44:00,force,5.0,27263019.0,27257464.2,0.0002,both
2025-07-21,2025-07-21 13:15:00,159583,trend,5.0,17460140.6,17455961.6,0.0002,2025-07-21 13:15:00,trend,5.0,26892282.9,26886850.2,0.0002,both
2025-07-22,2025-07-22 13:15:00,515210,trend,5.0,17711522.6,4582913.4,0.7412,,,,,,,left_only
2025-07-22,,516150,,,,,,2025-07-22 14:34:00,trend,5.0,27196454.7,18117223.7,0.3338,right_only
2025-07-23,,515210,,,,,,2025-07-23 13:15:00,trend,5.0,27412173.6,27406604.4,0.0002,right_only
2025-07-24,2025-07-24 13:15:00,560860,trend,5.0,17633078.4,11801637.0,0.3307,2025-07-24 13:15:00,trend,5.0,27559857.6,27554251.0,0.0002,both
2025-07-28,,159583,,,,,,2025-07-28 13:44:00,trend,5.0,27757324.7,27751751.6,0.0002,right_only
2025-07-29,2025-07-29 13:44:00,515120,trend,5.0,17975795.2,17971632.6,0.0002,2025-07-29 13:44:00,trend,5.0,28670259.2,28664473.5,0.0002,both
2025-07-30,2025-07-30 14:34:00,512170,trend,5.0,18164260.8,18160052.3,0.0002,2025-07-30 14:34:00,trend,5.0,28998194.4,28992355.6,0.0002,both
2025-07-31,2025-07-31 14:14:00,560860,trend,5.0,18024279.2,18020061.9,0.0002,2025-07-31 14:14:00,trend,5.0,28808467.6,28802668.5,0.0002,both
2025-08-01,2025-08-01 14:44:00,159509,force,5.0,17886201.3,8499383.2,0.5248,2025-08-01 14:44:00,force,5.0,28641573.9,28635830.3,0.0002,both
2025-08-04,2025-08-04 14:44:00,518880,force,5.0,17808706.0,17803656.0,0.0003,2025-08-04 14:44:00,force,5.0,28280344.2,28274468.4,0.0002,both
2025-08-05,2025-08-05 13:44:00,159509,trend,5.0,17841694.2,17837444.8,0.0002,2025-08-05 13:44:00,trend,5.0,28339588.5,28333890.2,0.0002,both
2025-08-07,2025-08-07 13:15:00,159583,trend,5.0,18004496.0,18000222.1,0.0002,2025-08-07 13:15:00,trend,5.0,28579096.0,28573229.2,0.0002,both
2025-08-11,2025-08-11 13:44:00,159509,trend,5.0,18481478.4,4334116.5,0.7655,2025-08-11 13:44:00,trend,5.0,29340495.2,17228182.5,0.4128,both
2025-08-18,2025-08-18 13:15:00,159363,trend,5.0,20249443.5,20244724.5,0.0002,2025-08-18 13:15:00,trend,5.0,30884782.5,30878562.0,0.0002,both
2025-08-19,2025-08-19 13:15:00,588790,trend,5.0,20774458.0,20769604.8,0.0002,2025-08-19 13:15:00,trend,5.0,31731817.0,31725409.2,0.0002,both
2025-08-21,2025-08-21 13:15:00,588200,trend,5.0,21447255.2,21442211.6,0.0002,2025-08-21 13:15:00,trend,5.0,32762665.2,32755940.4,0.0002,both
2025-08-22,2025-08-22 13:15:00,588220,trend,5.0,23144826.5,23139423.0,0.0002,2025-08-22 13:15:00,trend,5.0,35327917.7,35320805.4,0.0002,both
2025-08-26,2025-08-26 13:15:00,159915,trend,5.0,23594844.0,23589111.0,0.0002,2025-08-26 13:15:00,trend,5.0,36018528.0,36011157.0,0.0002,both
2025-08-27,2025-08-27 13:15:00,159667,trend,5.0,23999947.2,23994166.0,0.0002,2025-08-27 13:15:00,trend,5.0,36640531.8,36633160.0,0.0002,both
2025-08-28,2025-08-28 14:14:00,516520,trend,5.0,23235600.4,23230171.2,0.0002,2025-08-28 14:14:00,trend,5.0,35438961.5,35431816.0,0.0002,both
2025-08-29,2025-08-29 13:15:00,159667,trend,5.0,23627096.0,9609952.3,0.5933,2025-08-29 13:15:00,trend,5.0,36036334.0,36029067.1,0.0002,both
2025-09-01,2025-09-01 13:44:00,513310,trend,5.0,23624313.9,17460813.6,0.2609,2025-09-01 13:44:00,trend,5.0,36455433.3,36448056.0,0.0002,both
2025-09-02,2025-09-02 13:15:00,159840,trend,5.0,23321722.5,23314300.8,0.0003,2025-09-02 13:15:00,trend,5.0,36130252.5,36110457.6,0.0005,both
2025-09-03,2025-09-03 13:44:00,517520,trend,5.0,23640140.8,23634657.9,0.0002,2025-09-03 13:44:00,trend,5.0,36616421.6,36609022.6,0.0002,both
2025-09-04,2025-09-04 14:44:00,515790,force,5.0,22818786.4,22813405.2,0.0002,,,,,,,left_only
2025-09-04,,516160,,,,,,2025-09-04 14:14:00,trend,5.0,35408822.4,35362077.6,0.0013,right_only
2025-09-05,2025-09-05 13:15:00,161226,trend,5.0,24017722.4,24012062.6,0.0002,2025-09-05 13:15:00,trend,5.0,37519520.5,37511901.8,0.0002,both
2025-09-08,2025-09-08 13:15:00,516520,trend,5.0,23840304.0,23834742.4,0.0002,2025-09-08 13:15:00,trend,5.0,37299376.0,37291792.0,0.0002,both
2025-09-09,,516150,,,,,,2025-09-09 14:44:00,force,5.0,37127070.3,37119556.5,0.0002,right_only
2025-09-09,2025-09-09 14:34:00,562800,trend,5.0,23602085.0,11417868.0,0.5162,,,,,,,left_only
2025-09-10,2025-09-10 13:15:00,513310,trend,5.0,23542710.0,16808955.6,0.286,2025-09-10 13:15:00,trend,5.0,36969491.3,36962005.4,0.0002,both
2025-09-12,2025-09-12 13:15:00,512400,trend,5.0,24593766.4,24587964.8,0.0002,2025-09-12 13:15:00,trend,5.0,39236534.4,39228537.6,0.0002,both
2025-09-16,2025-09-16 13:15:00,159819,trend,5.0,23725962.8,23720455.5,0.0002,2025-09-16 13:15:00,trend,5.0,37801000.0,37793350.2,0.0002,both
2025-09-17,2025-09-17 13:44:00,159363,trend,5.0,23670794.0,23665216.3,0.0002,2025-09-17 13:44:00,trend,5.0,37716770.0,37709212.2,0.0002,both
2025-09-18,2025-09-18 13:15:00,515790,trend,5.0,24033207.0,24027643.2,0.0002,2025-09-18 13:15:00,trend,5.0,38280763.5,38273083.2,0.0002,both
2025-09-19,2025-09-19 13:15:00,515980,trend,5.0,23600353.2,23594664.0,0.0002,2025-09-19 13:15:00,trend,5.0,37628368.8,37620783.2,0.0002,both
2025-09-22,2025-09-22 13:15:00,515880,trend,5.0,24128319.6,24122649.0,0.0002,2025-09-22 13:15:00,trend,5.0,38491881.4,38484035.0,0.0002,both
2025-09-23,2025-09-23 13:15:00,517520,trend,5.0,23713747.2,23708250.0,0.0002,2025-09-23 13:15:00,trend,5.0,37817208.0,37809562.5,0.0002,both
2025-09-24,2025-09-24 13:15:00,159915,trend,5.0,23837991.3,23830554.3,0.0003,2025-09-24 13:15:00,trend,5.0,37978773.3,37969910.2,0.0002,both
2025-09-25,2025-09-25 13:15:00,159732,trend,5.0,24542450.9,24536657.6,0.0002,2025-09-25 13:15:00,trend,5.0,39093275.1,39085399.6,0.0002,both
2025-09-29,2025-09-29 13:44:00,159949,trend,5.0,23802401.7,23796766.4,0.0002,2025-09-29 13:44:00,trend,5.0,37853147.2,37845504.0,0.0002,both
2025-09-30,2025-09-30 14:34:00,159995,trend,5.0,23916485.0,23910906.8,0.0002,2025-09-30 14:34:00,trend,5.0,38048376.6,38040741.2,0.0002,both
2025-10-09,2025-10-09 13:44:00,159949,trend,5.0,25250892.1,25245042.3,0.0002,2025-10-09 13:44:00,trend,5.0,40167183.7,40158922.5,0.0002,both
2025-10-10,2025-10-10 14:44:00,513330,force,5.0,23981728.8,23976120.0,0.0002,2025-10-10 14:44:00,force,5.0,38172608.0,38164966.0,0.0002,both
2025-10-13,2025-10-13 13:15:00,161226,trend,5.0,23025816.4,23020285.0,0.0002,2025-10-13 13:15:00,trend,5.0,36731599.6,36724230.0,0.0002,both
2025-10-14,2025-10-14 14:44:00,159509,force,5.0,25386571.0,25380481.0,0.0002,2025-10-14 14:44:00,force,5.0,40501545.0,40493425.0,0.0002,both
2025-10-15,2025-10-15 13:15:00,518880,trend,5.0,25944642.8,25940339.7,0.0002,2025-10-15 13:15:00,trend,5.0,41416655.2,41408275.0,0.0002,both
2025-10-17,2025-10-17 14:14:00,159502,trend,5.0,27152810.7,27146443.5,0.0002,2025-10-17 14:14:00,trend,5.0,43339824.9,43331070.0,0.0002,both
2025-10-22,2025-10-22 13:15:00,513310,trend,5.0,27673445.8,27666739.8,0.0002,2025-10-22 13:15:00,trend,5.0,44167615.8,44158766.4,0.0002,both
2025-10-23,2025-10-23 13:44:00,159509,trend,5.0,27407081.8,27400707.6,0.0002,2025-10-23 13:44:00,trend,5.0,43761520.6,43752728.6,0.0002,both
2025-10-24,2025-10-24 14:14:00,159502,trend,5.0,27866546.2,27860004.0,0.0002,2025-10-24 14:14:00,trend,5.0,44507450.1,44498532.0,0.0002,both
2025-11-04,2025-11-04 13:15:00,159509,trend,5.0,28511459.8,28504634.4,0.0002,2025-11-04 13:15:00,trend,5.0,45581112.0,45571825.2,0.0002,both
2025-11-05,2025-11-05 13:44:00,159985,trend,5.0,28082498.2,28075807.2,0.0002,2025-11-05 13:44:00,trend,5.0,44911793.6,44902775.4,0.0002,both
2025-11-06,2025-11-06 13:15:00,159509,trend,5.0,28113728.0,28107140.0,0.0002,2025-11-06 13:15:00,trend,5.0,44957200.0,44948043.0,0.0002,both
2025-11-07,2025-11-07 13:15:00,513520,trend,5.0,27739756.8,27733129.2,0.0002,2025-11-07 13:15:00,trend,5.0,44383342.5,44374272.6,0.0002,both
2025-11-10,2025-11-10 14:34:00,513310,trend,5.0,28236393.9,28229617.8,0.0002,2025-11-10 14:34:00,trend,5.0,45168435.0,45159252.6,0.0002,both
2025-11-12,2025-11-12 14:14:00,513290,trend,5.0,28232042.4,28225400.4,0.0002,2025-11-12 14:14:00,trend,5.0,45169732.8,45160581.6,0.0002,both
2025-11-14,2025-11-14 13:44:00,159766,trend,5.0,28215171.6,26595757.2,0.0574,,,,,,,left_only
2025-11-14,,516160,,,,,,2025-11-14 13:15:00,trend,5.0,45160642.8,45151574.6,0.0002,right_only
2025-11-17,,513290,,,,,,2025-11-17 13:44:00,trend,5.0,44626222.4,44617225.0,0.0002,right_only
2025-11-21,2025-11-21 13:15:00,159502,trend,5.0,27908357.6,27901905.8,0.0002,2025-11-21 13:15:00,trend,5.0,43146405.4,43137736.6,0.0002,both
2025-11-24,2025-11-24 13:15:00,513290,trend,5.0,28678005.0,28671277.8,0.0002,2025-11-24 13:15:00,trend,5.0,44376699.6,44367737.7,0.0002,both
2025-12-01,2025-12-01 14:14:00,161226,trend,5.0,30157622.0,30150584.6,0.0002,2025-12-01 14:14:00,trend,5.0,46700164.5,46690683.6,0.0002,both
2025-12-03,2025-12-03 13:15:00,159502,trend,5.0,31564114.4,31556666.4,0.0002,2025-12-03 13:15:00,trend,5.0,48877264.8,48867441.6,0.0002,both
2025-12-11,2025-12-11 13:44:00,159583,trend,5.0,32618976.0,32611419.3,0.0002,2025-12-11 13:44:00,trend,5.0,50477356.8,50467212.3,0.0002,both
2025-12-12,2025-12-12 13:15:00,159502,trend,5.0,32223072.5,32215520.0,0.0002,2025-12-12 13:15:00,trend,5.0,49934347.5,49924277.5,0.0002,both
2025-12-15,2025-12-15 13:15:00,159206,trend,5.0,32261978.0,32254437.6,0.0002,2025-12-15 13:15:00,trend,5.0,49999646.4,49989555.0,0.0002,both
2025-12-16,2025-12-16 13:15:00,518880,trend,5.0,31778502.0,31769992.8,0.0003,2025-12-16 13:15:00,trend,5.0,49240497.6,49229727.2,0.0002,both
2025-12-18,2025-12-18 13:15:00,515880,trend,5.0,32051930.4,32044255.2,0.0002,2025-12-18 13:15:00,trend,5.0,49667400.0,49657363.2,0.0002,both
2025-12-19,2025-12-19 13:15:00,159980,trend,5.0,32180857.8,32173213.8,0.0002,2025-12-19 13:15:00,trend,5.0,49852257.0,49842128.7,0.0002,both
2025-12-23,2025-12-23 13:44:00,515880,trend,5.0,32604530.0,32596564.0,0.0002,2025-12-23 13:44:00,trend,5.0,50492770.3,50482432.0,0.0002,both
2025-12-24,2025-12-24 13:15:00,159363,trend,5.0,32856775.0,32849068.8,0.0002,2025-12-24 13:15:00,trend,5.0,50885093.3,50874866.4,0.0002,both
2025-12-26,2025-12-26 13:15:00,159638,trend,5.0,32680489.5,32672933.5,0.0002,2025-12-26 13:15:00,trend,5.0,50586273.0,50576125.0,0.0002,both
2025-12-29,2025-12-29 14:44:00,515880,force,5.0,33493224.6,20247340.0,0.3955,2025-12-29 14:44:00,force,5.0,51776722.8,51766280.0,0.0002,both
2025-12-30,2025-12-30 14:34:00,159227,trend,5.0,33523295.0,33515477.5,0.0002,2025-12-30 14:34:00,trend,5.0,51666387.5,51655920.0,0.0002,both
2026-01-05,2026-01-05 13:15:00,512670,trend,5.0,35209128.6,35200878.3,0.0002,2026-01-05 13:15:00,trend,5.0,54223381.8,54212443.2,0.0002,both
2026-01-06,2026-01-06 13:15:00,159583,trend,5.0,35463830.2,35455516.2,0.0002,2026-01-06 13:15:00,trend,5.0,54632729.1,54621785.4,0.0002,both
2026-01-07,2026-01-07 14:14:00,561330,trend,5.0,35986765.7,35978203.2,0.0002,2026-01-07 14:14:00,trend,5.0,55501714.2,55490433.6,0.0002,both
2026-01-09,2026-01-09 13:44:00,561980,trend,5.0,36535434.2,22977997.6,0.3711,2026-01-09 13:44:00,trend,5.0,56370300.6,56358901.6,0.0002,both
2026-01-12,2026-01-12 13:15:00,159870,trend,5.0,36952448.0,36943853.1,0.0002,2026-01-12 13:15:00,trend,5.0,57040465.6,57029018.2,0.0002,both
2026-01-13,2026-01-13 14:44:00,159256,force,5.0,37246066.4,37237339.8,0.0002,2026-01-13 14:44:00,force,5.0,57445579.2,57434050.5,0.0002,both
2026-01-14,2026-01-14 13:44:00,159870,trend,5.0,38772136.9,38763145.4,0.0002,2026-01-14 13:44:00,trend,5.0,59844138.6,59832094.0,0.0002,both
2026-01-15,2026-01-15 13:44:00,510500,trend,5.0,39113717.4,39104092.5,0.0002,2026-01-15 13:44:00,trend,5.0,60432858.9,60420536.0,0.0002,both
2026-01-16,2026-01-16 13:44:00,562500,trend,5.0,39199601.2,39190437.0,0.0002,2026-01-16 13:44:00,trend,5.0,60565262.5,60553053.0,0.0002,both
2026-01-19,2026-01-19 13:15:00,159870,trend,5.0,39476722.5,39467578.8,0.0002,2026-01-19 13:15:00,trend,5.0,61010355.2,60998087.6,0.0002,both
2026-01-21,2026-01-21 13:15:00,518880,trend,5.0,40442773.8,40433378.7,0.0002,2026-01-21 13:15:00,trend,5.0,62427307.8,62414781.0,0.0002,both
2026-01-23,2026-01-23 13:15:00,159980,trend,5.0,41081418.0,41071779.0,0.0002,2026-01-23 13:15:00,trend,5.0,63413267.4,63400415.4,0.0002,both
2026-01-26,2026-01-26 14:34:00,562500,trend,5.0,41516817.3,41507120.4,0.0002,2026-01-26 14:34:00,trend,5.0,64097624.7,64084725.6,0.0002,both
2026-01-27,2026-01-27 13:15:00,515400,trend,5.0,40898982.0,40889414.8,0.0002,2026-01-27 13:15:00,trend,5.0,63127023.0,63114342.2,0.0002,both
2026-01-28,2026-01-28 13:15:00,516190,trend,5.0,41645061.2,31047576.0,0.2545,2026-01-28 13:15:00,trend,5.0,64355015.0,64342110.0,0.0002,both
2026-01-29,2026-01-29 14:44:00,159995,force,5.0,42546928.8,23217653.2,0.4543,2026-01-29 14:44:00,force,5.0,66197347.2,50223639.2,0.2413,both
2026-01-30,2026-01-30 13:15:00,588790,trend,5.0,42733847.4,33111240.5,0.2252,2026-01-30 13:15:00,trend,5.0,66674413.5,66660998.3,0.0002,both
2026-02-02,2026-02-02 13:15:00,159985,trend,5.0,41803909.8,37607198.4,0.1004,2026-02-02 13:15:00,trend,5.0,64903671.6,64890502.2,0.0002,both
2026-02-03,2026-02-03 13:15:00,520830,trend,5.0,41803102.8,41793390.6,0.0002,2026-02-03 13:15:00,trend,5.0,64877802.0,64864814.3,0.0002,both
2026-02-04,2026-02-04 13:44:00,513520,trend,5.0,41573459.2,26381443.2,0.3654,2026-02-04 13:44:00,trend,5.0,64537793.6,64524846.4,0.0002,both
2026-02-05,2026-02-05 14:34:00,159518,trend,5.0,41129938.6,41120345.3,0.0002,2026-02-05 14:34:00,trend,5.0,63402416.4,63389658.3,0.0002,both
2026-02-10,2026-02-10 13:44:00,513310,trend,5.0,42079953.6,42070041.3,0.0002,2026-02-10 13:44:00,trend,5.0,64809197.6,64796197.9,0.0002,both
2026-02-11,2026-02-11 14:14:00,501018,trend,5.0,41291116.0,41281445.6,0.0002,2026-02-11 14:14:00,trend,5.0,63600857.2,63588029.1,0.0002,both
2026-02-12,2026-02-12 14:14:00,513310,trend,5.0,39939939.0,39930800.0,0.0002,2026-02-12 14:14:00,trend,5.0,61499061.0,61486600.0,0.0002,both
2026-02-26,2026-02-26 13:15:00,513350,trend,5.0,47922090.4,47910938.0,0.0002,2026-02-26 13:15:00,trend,5.0,73688800.2,73673892.4,0.0002,both
2026-03-02,2026-03-02 13:15:00,561360,trend,5.0,53057367.0,53044929.3,0.0002,2026-03-02 13:15:00,trend,5.0,81618984.0,81602523.6,0.0002,both
2026-03-03,2026-03-03 14:44:00,513520,force,5.0,59393276.2,59379405.4,0.0002,2026-03-03 14:44:00,force,5.0,91326950.7,91308506.2,0.0002,both
2026-03-04,2026-03-04 14:34:00,159985,trend,5.0,56954010.9,56940708.6,0.0002,2026-03-04 14:34:00,trend,5.0,87576193.9,87558554.9,0.0002,both
2026-03-12,2026-03-12 13:15:00,159611,trend,5.0,62740331.7,62725852.0,0.0002,2026-03-12 13:15:00,trend,5.0,96516377.1,96496981.0,0.0002,both
2026-03-13,2026-03-13 13:15:00,515220,trend,5.0,62942393.8,62927714.8,0.0002,2026-03-13 13:15:00,trend,5.0,96837118.0,96817718.0,0.0002,both
2026-03-16,2026-03-16 13:15:00,515220,trend,5.0,61078850.1,61064575.8,0.0002,2026-03-16 13:15:00,trend,5.0,93907048.2,93888143.9,0.0002,both
2026-03-17,2026-03-17 14:44:00,159611,force,5.0,59519925.7,59506143.8,0.0002,2026-03-17 14:44:00,force,5.0,91432883.3,91414545.4,0.0002,both
2026-03-18,2026-03-18 14:14:00,159985,trend,5.0,59189238.9,59175450.0,0.0002,2026-03-18 14:14:00,trend,5.0,90886020.0,90867825.0,0.0002,both
2026-03-19,2026-03-19 13:15:00,159518,trend,5.0,59029977.6,58997040.1,0.0006,2026-03-19 13:15:00,trend,5.0,90626283.0,90608148.1,0.0002,both
2026-03-20,2026-03-20 13:15:00,159985,trend,5.0,64555996.0,64476820.4,0.0012,2026-03-20 13:15:00,trend,5.0,99152302.0,99046129.4,0.0011,both
2026-03-25,2026-03-25 14:44:00,511880,force,5.0,63059836.8,63029122.5,0.0005,2026-03-25 14:44:00,force,5.0,96876276.0,96855253.0,0.0002,both
2026-03-31,2026-03-31 14:14:00,520830,trend,5.0,63057712.5,63043098.6,0.0002,2026-03-31 14:14:00,trend,5.0,96869885.0,96850432.6,0.0002,both
2026-04-02,2026-04-02 14:34:00,512800,trend,5.0,63250680.0,13255387.2,0.7904,2026-04-02 14:34:00,trend,5.0,97308039.6,52823202.0,0.4572,both
2026-04-09,2026-04-09 13:44:00,513120,trend,5.0,63272629.0,34570123.4,0.4536,2026-04-09 13:44:00,trend,5.0,96919326.0,96899842.8,0.0002,both
2026-04-13,2026-04-13 13:44:00,515880,trend,5.0,62803650.1,50446242.7,0.1968,2026-04-13 13:44:00,trend,5.0,95591942.4,95572769.4,0.0002,both
2026-04-17,2026-04-17 14:14:00,159967,trend,5.0,66904320.0,66888861.4,0.0002,2026-04-17 14:14:00,trend,5.0,102910429.8,102889782.9,0.0002,both
2026-04-20,2026-04-20 13:15:00,159363,trend,5.0,67155664.4,67140057.6,0.0002,2026-04-20 13:15:00,trend,5.0,103229161.2,103208385.6,0.0002,both
2026-04-21,2026-04-21 13:44:00,562800,trend,5.0,65564364.6,65549169.0,0.0002,2026-04-21 13:44:00,trend,5.0,100793322.0,100773136.8,0.0002,both
2026-04-22,2026-04-22 13:15:00,159819,trend,5.0,65625483.3,65610130.4,0.0002,2026-04-22 13:15:00,trend,5.0,100826424.5,100806165.2,0.0002,both
2026-04-23,2026-04-23 13:15:00,159509,trend,5.0,65523875.4,65508597.0,0.0002,2026-04-23 13:15:00,trend,5.0,100726157.7,100705836.0,0.0002,both
2026-04-24,2026-04-24 13:44:00,159949,trend,5.0,65097072.0,65081925.6,0.0002,2026-04-24 13:44:00,trend,5.0,100079888.1,100059865.2,0.0002,both
2026-04-27,2026-04-27 13:15:00,561980,trend,5.0,64826154.0,64811188.4,0.0002,2026-04-27 13:15:00,trend,5.0,99707568.0,99687476.0,0.0002,both
2026-04-28,2026-04-28 13:15:00,159516,trend,5.0,65393245.8,65378156.4,0.0002,2026-04-28 13:15:00,trend,5.0,100621710.2,100601550.0,0.0002,both
2026-04-29,2026-04-29 13:44:00,513100,trend,5.0,64176868.0,64161972.0,0.0002,2026-04-29 13:44:00,trend,5.0,98821436.0,98801640.0,0.0002,both
2026-04-30,2026-04-30 13:15:00,159949,trend,5.0,64320960.0,64306049.7,0.0002,2026-04-30 13:15:00,trend,5.0,99023056.0,99003204.2,0.0002,both
2026-05-06,2026-05-06 14:44:00,588790,force,5.0,66694426.4,66678955.2,0.0002,2026-05-06 14:44:00,force,5.0,102698337.0,102677796.0,0.0002,both
2026-05-07,2026-05-07 13:15:00,159949,trend,5.0,67783056.9,67767293.1,0.0002,2026-05-07 13:15:00,trend,5.0,104429126.1,104408229.9,0.0002,both
2026-05-13,2026-05-13 13:15:00,159915,trend,5.0,70971600.0,70954753.9,0.0002,2026-05-13 13:15:00,trend,5.0,109364000.0,109341813.9,0.0002,both
2026-05-15,2026-05-15 14:44:00,513100,force,5.0,69965146.8,69948965.1,0.0002,2026-05-15 14:44:00,force,5.0,107834299.2,107812616.2,0.0002,both
2026-05-19,2026-05-19 14:44:00,511880,force,5.0,68030834.8,68001374.0,0.0004,2026-05-19 14:44:00,force,5.0,104849058.3,104819964.0,0.0003,both
2026-05-21,2026-05-21 13:15:00,159509,trend,5.0,68019271.2,68003405.1,0.0002,2026-05-21 13:15:00,trend,5.0,104825502.0,104804433.9,0.0002,both
2026-05-26,2026-05-26 13:15:00,515980,trend,5.0,69673469.2,69657423.0,0.0002,2026-05-26 13:15:00,trend,5.0,107441894.2,107420315.2,0.0002,both
2026-05-27,2026-05-27 14:34:00,159819,trend,5.0,69796022.4,69779781.6,0.0002,2026-05-27 14:34:00,trend,5.0,107623400.7,107601760.0,0.0002,both
2026-05-28,2026-05-28 13:15:00,159967,trend,5.0,68578253.9,68562336.4,0.0002,2026-05-28 13:15:00,trend,5.0,105830810.8,105809575.2,0.0002,both
2026-05-29,2026-05-29 13:15:00,515880,trend,5.0,70552473.2,70535981.8,0.0002,2026-05-29 13:15:00,trend,5.0,109025369.2,109003468.2,0.0002,both
2026-06-01,2026-06-01 13:15:00,513100,trend,5.0,67884978.0,67743925.2,0.0021,2026-06-01 13:15:00,trend,5.0,104900166.0,104689540.8,0.002,both
2026-06-04,2026-06-04 13:15:00,159732,trend,5.0,65790630.6,65775248.0,0.0002,2026-06-04 13:15:00,trend,5.0,101656189.4,101635766.4,0.0002,both
2026-06-05,2026-06-05 14:44:00,159967,force,5.0,65148823.5,65097418.1,0.0008,2026-06-05 14:44:00,force,5.0,100599766.5,100505346.2,0.0009,both
2026-06-08,2026-06-08 14:44:00,511880,force,5.0,63514796.6,63484010.8,0.0005,2026-06-08 14:44:00,force,5.0,98172023.8,98150944.5,0.0002,both
2026-06-09,2026-06-09 13:15:00,513520,trend,5.0,63501945.6,63386532.0,0.0018,2026-06-09 13:15:00,trend,5.0,98155020.8,98049976.0,0.0011,both
2026-06-10,2026-06-10 14:44:00,511880,force,5.0,60743027.4,60712872.0,0.0005,2026-06-10 14:44:00,force,5.0,94004433.6,93984330.0,0.0002,both
2026-06-15,2026-06-15 13:15:00,513520,trend,5.0,60728656.5,60714560.1,0.0002,2026-06-15 13:15:00,trend,5.0,93975416.0,93956451.0,0.0002,both
2026-06-23,2026-06-23 13:44:00,562590,trend,5.0,61504519.8,61490201.0,0.0002,2026-06-23 13:44:00,trend,5.0,95200711.5,95181367.0,0.0002,both
2026-06-24,2026-06-24 13:15:00,588220,trend,5.0,64199587.1,64184619.2,0.0002,2026-06-24 13:15:00,trend,5.0,99496884.3,99476887.2,0.0002,both
2026-06-26,2026-06-26 13:15:00,159667,trend,5.0,64255324.8,64240467.0,0.0002,2026-06-26 13:15:00,trend,5.0,99650916.0,99630961.0,0.0002,both
2026-06-29,2026-06-29 13:44:00,159502,trend,5.0,61326700.4,61312406.4,0.0002,2026-06-29 13:44:00,trend,5.0,95275465.6,95256266.4,0.0002,both
2026-07-01,2026-07-01 14:14:00,159667,trend,5.0,59417413.0,59403630.0,0.0002,2026-07-01 14:14:00,trend,5.0,92341222.5,92322716.0,0.0002,both
2026-07-02,2026-07-02 13:15:00,513290,trend,5.0,58995433.6,58952313.0,0.0007,,,,,,,left_only
2026-07-03,,513290,,,,,,2026-07-03 13:44:00,trend,5.0,89442536.1,89424537.6,0.0002,right_only
2026-07-06,2026-07-06 13:15:00,513400,trend,5.0,62494214.5,62479737.6,0.0002,2026-07-06 13:15:00,trend,5.0,88714989.5,88697145.6,0.0002,both
