symbol,entry_date,exit_date,entry_price,exit_price,return_pct
512400,2020-01-03,2020-01-07,0.748,0.765,0.022727272727272707
512980,2020-01-07,2020-01-10,0.933,0.916,-0.018220793140407254
513050,2020-01-10,2020-01-16,1.528,1.511,-0.011125654450261813
512980,2020-01-16,2020-01-17,0.912,0.912,0.0
512400,2020-01-17,2020-01-21,0.753,0.739,-0.01859229747675961
512480,2020-01-21,2020-01-22,0.4415509628775257,0.4679986817036183,0.05989731888191696
515000,2020-01-22,2020-02-03,0.7209569482288829,0.6279302452316077,-0.12903225806451613
513100,2020-02-03,2020-02-04,0.645713597842835,0.6689772727272726,0.03602785346654547
518880,2020-02-04,2020-02-07,3.492,3.468,-0.0068728522336769515
513100,2020-02-07,2020-02-11,0.7250837827426809,0.756753659476117,0.04367754111620381
512170,2020-02-11,2020-02-12,0.4574929797191887,0.4654687987519501,0.01743375174337536
513100,2020-02-12,2020-02-14,0.7763029661016948,0.78392719568567,0.009821203727020666
512170,2020-02-14,2020-02-21,0.46195943837753506,0.4826965678627144,0.044889502762430755
515070,2020-02-21,2020-02-24,0.654876547987616,0.6796636996904024,0.03785011355034085
159949,2020-02-24,2020-02-25,0.842,0.854,0.014251781472684133
159966,2020-02-25,2020-02-26,0.4960370942812983,0.47128284389489955,-0.04990403071017269
159915,2020-02-26,2020-02-27,2.102,2.111,0.00428163653663205
512670,2020-02-27,2020-03-02,0.6498224589436308,0.6388703950288505,-0.016853932584269704
518880,2020-03-02,2020-03-03,3.542,3.536,-0.0016939582156972888
511880,2020-03-03,2020-03-04,100.569,100.571,1.9886843858341052e-05
159985,2020-03-04,2020-03-06,0.968,0.964,-0.004132231404958664
512720,2020-03-06,2020-03-09,1.414,1.328,-0.0608203677510607
515050,2020-03-09,2020-03-10,0.4075507507507507,0.43323963963963963,0.06303236797274292
518880,2020-03-10,2020-03-11,3.612,3.648,0.009966777408637828
159985,2020-03-11,2020-03-12,0.95,0.946,-0.004210526315789442
518880,2020-03-12,2020-03-13,3.608,3.502,-0.029379157427937952
511880,2020-03-13,2020-03-18,100.625,100.656,0.00030807453416148434
159985,2020-03-18,2020-03-20,0.958,0.977,0.019832985386221358
511880,2020-03-20,2020-03-23,100.679,100.692,0.00012912325311131845
159985,2020-03-23,2020-03-24,1.029,1.015,-0.013605442176870763
511880,2020-03-24,2020-03-26,100.681,100.684,2.9797081872340314e-05
159985,2020-03-26,2020-04-02,1.005,0.989,-0.015920398009950154
511880,2020-04-02,2020-04-03,100.719,100.745,0.00025814394503531624
159985,2020-04-03,2020-04-08,0.976,0.981,0.0051229508196721785
511880,2020-04-08,2020-04-15,100.754,100.787,0.0003275304206284968
512290,2020-04-15,2020-04-21,1.496,1.537,0.027406417112299408
512010,2020-04-21,2020-04-22,0.5392538989394885,0.550727386150967,0.02127659574468077
512170,2020-04-22,2020-04-27,0.5165140405616224,0.5110904836193447,-0.01050030883261277
513100,2020-04-27,2020-04-29,0.6973237673343605,0.727625192604006,0.04345388281468998
512170,2020-04-29,2020-04-30,0.5085382215288611,0.5034336973478939,-0.010037641154328591
512290,2020-04-30,2020-05-06,1.5,1.528,0.01866666666666661
513100,2020-05-06,2020-05-07,0.7327080123266563,0.7358359013867487,0.004268943436499528
512690,2020-05-07,2020-05-18,0.45935966629045294,0.4908434419321603,0.06853839801816686
159995,2020-05-18,2020-05-19,1.095,1.157,0.05662100456621011
513520,2020-05-19,2020-05-20,1.001,0.998,-0.0029970029970028955
512690,2020-05-20,2020-05-21,0.488946828941696,0.49349870011881025,0.009309542280837801
513100,2020-05-21,2020-05-25,0.7272342064714945,0.725865755007704,-0.0018817204301075918
161226,2020-05-25,2020-06-02,0.806,0.866,0.07444168734491297
512690,2020-06-02,2020-06-04,0.5082922814444318,0.5189133141910319,0.020895522388059806
513030,2020-06-04,2020-06-05,1.045,1.068,0.02200956937799048
161226,2020-06-05,2020-06-09,0.832,0.825,-0.008413461538461564
513520,2020-06-09,2020-06-16,1.11,1.095,-0.013513513513513598
512690,2020-06-16,2020-06-17,0.5261204435547963,0.5192926367891247,-0.012977649603460817
513030,2020-06-17,2020-06-22,1.038,1.024,-0.013487475915221592
512290,2020-06-22,2020-06-24,1.875,1.885,0.005333333333333412
159949,2020-06-24,2020-06-29,0.921,0.912,-0.009771986970684043
512170,2020-06-29,2020-06-30,0.6342371294851793,0.646679407176287,0.01961770623742476
513050,2020-06-30,2020-07-01,1.845,1.831,-0.007588075880758827
159967,2020-07-01,2020-07-02,0.4676047393364929,0.4619417061611375,-0.012110726643598468
515000,2020-07-02,2020-07-03,0.8248697547683924,0.8352610354223433,0.012597480503899083
159915,2020-07-03,2020-07-06,2.38,2.45,0.02941176470588247
515050,2020-07-06,2020-07-07,0.4745501501501501,0.4794102102102102,0.01024140453547906
159967,2020-07-07,2020-07-09,0.49753791469194314,0.5228867298578199,0.05094850948509477
515030,2020-07-09,2020-07-10,1.139,1.138,-0.0008779631255487752
510500,2020-07-10,2020-07-13,7.33,7.563,0.03178717598908598
515880,2020-07-13,2020-07-14,0.22366336649537846,0.21872961576386277,-0.022058823529411686
512890,2020-07-14,2020-07-15,0.6411909701037218,0.6343489932885906,-0.010670731707317138
510880,2020-07-15,2020-07-17,2.71,2.64,-0.02583025830258301
161226,2020-07-17,2020-07-22,0.866,1.011,0.1674364896073901
159980,2020-07-22,2020-07-23,1.035,1.028,-0.006763285024154464
512100,2020-07-23,2020-07-24,2.6384063136456213,2.51408350305499,-0.04712041884816753
513090,2020-07-24,2020-07-27,1.263,1.252,-0.0087094220110846
161226,2020-07-27,2020-07-28,1.042,1.06,0.017274472168905985
513030,2020-07-28,2020-07-30,1.107,1.105,-0.0018066847335139746
512290,2020-07-30,2020-07-31,2.335,2.386,0.021841541755888816
512010,2020-07-31,2020-08-10,0.7838477854023704,0.768723643169058,-0.019294743845642004
159992,2020-08-10,2020-08-12,1.531,1.455,-0.04964075767472231
513500,2020-08-12,2020-08-13,1.111491773308958,1.1241974405850093,0.011431184270690453
513100,2020-08-13,2020-08-17,0.794679314329738,0.7942883281972263,-0.0004920049200494159
513500,2020-08-17,2020-08-18,1.1241974405850093,1.1226727605118831,-0.0013562386980108254
159996,2020-08-18,2020-08-20,1.271,1.232,-0.03068450039339099
513500,2020-08-20,2020-08-21,1.1160658135283366,1.1211480804387568,0.004553734061930603
513100,2020-08-21,2020-08-25,0.8230258089368258,0.8975086671802772,0.090498812351544
159996,2020-08-25,2020-08-27,1.258,1.236,-0.01748807631160576
513500,2020-08-27,2020-08-28,1.1633308957952468,1.1719707495429617,0.00742682394058547
513100,2020-08-28,2020-08-31,0.9377802388289674,0.9888039291217255,0.054409005628517804
512690,2020-08-31,2020-09-07,0.7635763899609264,0.7180576781897832,-0.05961251862891215
159985,2020-09-07,2020-09-08,1.046,1.049,0.002868068833651982
159980,2020-09-08,2020-09-10,1.086,1.054,-0.029465930018416242
159985,2020-09-10,2020-09-16,1.047,1.07,0.021967526265520565
513100,2020-09-16,2020-09-18,0.9387577041602463,0.9307424884437595,-0.008538109121199344
159985,2020-09-18,2020-09-25,1.104,1.072,-0.02898550724637683
511880,2020-09-25,2020-09-30,101.534,101.621,0.0008568558315440455
513520,2020-09-30,2020-10-12,1.103,1.107,0.0036264732547597323
511880,2020-10-12,2020-10-13,101.616,101.615,-9.840969926067089e-06
159985,2020-10-13,2020-10-14,1.129,1.127,-0.001771479185119551
511880,2020-10-14,2020-10-15,101.635,101.636,9.839130220790082e-06
159985,2020-10-15,2020-10-16,1.127,1.144,0.015084294587400127
515030,2020-10-16,2020-10-23,1.182,1.179,-0.0025380710659898
159985,2020-10-23,2020-10-26,1.131,1.139,0.007073386383731117
159980,2020-10-26,2020-10-27,1.063,1.066,0.002822201317027373
159985,2020-10-27,2020-10-28,1.135,1.13,-0.00440528634361248
159980,2020-10-28,2020-10-30,1.076,1.057,-0.017657992565055847
515030,2020-10-30,2020-11-02,1.243,1.29,0.03781174577634738
511880,2020-11-02,2020-11-04,101.763,101.781,0.00017688157778361635
515030,2020-11-04,2020-11-06,1.314,1.381,0.050989345509893313
512690,2020-11-06,2020-11-10,0.7954394882007264,0.8310958124214554,0.04482594182165012
159996,2020-11-10,2020-11-13,1.4,1.402,0.0014285714285713347
512690,2020-11-13,2020-11-16,0.8159229084977409,0.8477860067375411,0.03905160390516049
513520,2020-11-16,2020-11-23,1.201,1.197,-0.0033305578684429404
512400,2020-11-23,2020-11-24,0.964,0.976,0.012448132780082943
512690,2020-11-24,2020-11-25,0.864476201053627,0.8295785220290838,-0.04036858271171584
515210,2020-11-25,2020-11-26,1.29,1.276,-0.010852713178294615
513520,2020-11-26,2020-12-02,1.231,1.245,0.011372867587327473
515220,2020-12-02,2020-12-03,0.661906967840735,0.6370792496171515,-0.03750937734433624
513080,2020-12-03,2020-12-08,1.119,1.119,0.0
513520,2020-12-08,2020-12-09,1.219,1.243,0.01968826907301069
513080,2020-12-09,2020-12-10,1.122,1.114,-0.007130124777183555
159980,2020-12-10,2020-12-14,1.16,1.174,0.012068965517241459
501018,2020-12-14,2020-12-15,0.564,0.562,-0.0035460992907799804
159980,2020-12-15,2020-12-18,1.173,1.205,0.027280477408354598
159981,2020-12-18,2020-12-23,1.033,1.002,-0.030009680542110284
512690,2020-12-23,2020-12-29,0.9710658511177205,0.977893657883392,0.007031250000000044
512010,2020-12-29,2020-12-31,0.7611615720524018,0.7828047411104179,0.02843439534087011
159967,2020-12-31,2021-01-06,0.658,0.691,0.050151975683890404
512660,2021-01-06,2021-01-07,1.399,1.438,0.027877055039313703
159949,2021-01-07,2021-01-08,1.336,1.328,-0.005988023952095856
159814,2021-01-08,2021-01-11,0.6295,0.62,-0.015091342335186608
159928,2021-01-11,2021-01-12,1.3970552631578945,1.4302394736842103,0.02375296912114022
159985,2021-01-12,2021-01-13,1.326,1.385,0.044494720965309265
159915,2021-01-13,2021-01-18,3.025,3.046,0.006942148760330502
501018,2021-01-18,2021-01-19,0.613,0.613,0.0
159814,2021-01-19,2021-01-20,0.62,0.647,0.04354838709677433
501018,2021-01-20,2021-01-22,0.622,0.611,-0.01768488745980712
159949,2021-01-22,2021-01-25,1.433,1.43,-0.002093510118632347
159814,2021-01-25,2021-01-26,0.6895,0.6655,-0.034807831762146524
513050,2021-01-26,2021-01-27,2.43,2.417,-0.005349794238683314
159915,2021-01-27,2021-01-28,3.166,3.057,-0.03442830069488312
159995,2021-01-28,2021-01-29,1.295,1.269,-0.020077220077220126
511880,2021-01-29,2021-02-03,100.305,100.349,0.00043866208065401757
513100,2021-02-03,2021-02-04,0.878350346687211,0.8697486517719567,-0.009793011350990533
501018,2021-02-04,2021-02-05,0.644,0.647,0.004658385093167627
513100,2021-02-05,2021-02-08,0.8812827426810476,0.8869520416024652,0.006433007985803041
501018,2021-02-08,2021-02-09,0.655,0.668,0.01984732824427482
512800,2021-02-09,2021-02-22,0.650501969611705,0.6409431626336523,-0.014694508894044667
159825,2021-02-22,2021-02-24,1.208,1.161,-0.038907284768211814
501018,2021-02-24,2021-03-01,0.7,0.713,0.018571428571428683
159980,2021-03-01,2021-03-03,1.304,1.308,0.0030674846625766694
513500,2021-03-03,2021-03-05,1.207546617915905,1.1709542961608774,-0.030303030303030387
511880,2021-03-05,2021-03-09,100.544,100.551,6.962126034371074e-05
513500,2021-03-09,2021-03-10,1.207038391224863,1.206021937842779,-0.0008421052631578663
511880,2021-03-10,2021-03-11,100.561,100.568,6.960949075685008e-05
501018,2021-03-11,2021-03-19,0.746,0.698,-0.06434316353887404
515210,2021-03-19,2021-03-22,1.489,1.499,0.00671591672263272
513030,2021-03-22,2021-03-23,1.178,1.178,0.0
159980,2021-03-23,2021-03-24,1.277,1.264,-0.010180109631949819
511880,2021-03-24,2021-03-29,100.641,100.658,0.00016891724048839762
513030,2021-03-29,2021-04-08,1.185,1.235,0.04219409282700415
513500,2021-04-08,2021-04-09,1.2888628884826325,1.2914040219378429,0.0019716088328076697
513090,2021-04-09,2021-04-12,1.258,1.241,-0.013513513513513487
513500,2021-04-12,2021-04-13,1.3000438756855575,1.2995356489945156,-0.00039093041438609255
513100,2021-04-13,2021-04-21,0.9041554314329736,0.8963357087827425,-0.008648648648648671
512690,2021-04-21,2021-04-29,0.9892733358261777,1.0203777888697922,0.03144171779141103
159967,2021-04-29,2021-05-07,0.702,0.662,-0.056980056980056926
159980,2021-05-07,2021-05-12,1.404,1.422,0.012820512820512775
161226,2021-05-12,2021-05-13,0.918,0.903,-0.016339869281045805
159980,2021-05-13,2021-05-17,1.393,1.388,-0.003589375448671994
515120,2021-05-17,2021-05-18,1.178,1.16,-0.015280135823429575
159992,2021-05-18,2021-05-20,1.566,1.561,-0.0031928480204342913
515120,2021-05-20,2021-05-26,1.159,1.155,-0.00345125107851596
512010,2021-05-26,2021-05-28,0.8576431690580162,0.8469519650655022,-0.012465795074490638
512170,2021-05-28,2021-05-31,0.89,0.898,0.008988764044943753
515170,2021-05-31,2021-06-01,0.996,1.004,0.008032128514056325
515030,2021-06-01,2021-06-04,1.875,1.907,0.017066666666666785
501018,2021-06-04,2021-06-07,0.784,0.782,-0.0025510204081632404
512670,2021-06-07,2021-06-08,0.9335330670217488,0.9439636040834444,0.011173184357541999
501018,2021-06-08,2021-06-11,0.78,0.795,0.019230769230769162
159995,2021-06-11,2021-06-15,1.334,1.353,0.014242878560719596
501018,2021-06-15,2021-06-17,0.804,0.817,0.016169154228855565
513100,2021-06-17,2021-06-18,0.8969221879815099,0.9156895223420646,0.0209241499564079
501018,2021-06-18,2021-06-21,0.802,0.815,0.016209476309226867
513520,2021-06-21,2021-06-22,1.217,1.245,0.023007395234182493
501018,2021-06-22,2021-06-24,0.827,0.833,0.007255139056831839
588080,2021-06-24,2021-06-25,1.54,1.573,0.021428571428571352
159851,2021-06-25,2021-06-28,0.593728004600345,0.5947021276595744,0.0016406890894173909
588080,2021-06-28,2021-06-30,1.597,1.626,0.018159048215403928
515790,2021-06-30,2021-07-02,1.353,1.294,-0.043606799704360655
516160,2021-07-02,2021-07-05,3.5121146881287726,3.586020120724346,0.02104300091491318
501018,2021-07-05,2021-07-08,0.85,0.819,-0.036470588235294144
513100,2021-07-08,2021-07-12,0.9598709553158704,0.9645627889060091,0.004887983706721055
513500,2021-07-12,2021-07-13,1.3605228519195613,1.3595063985374771,-0.0007471049682481468
516150,2021-07-13,2021-07-14,1.225,1.193,-0.026122448979591817
159967,2021-07-14,2021-07-19,0.838,0.823,-0.017899761336515496
513500,2021-07-19,2021-07-20,1.3447678244972578,1.3396855575868374,-0.0037792894935751997
159985,2021-07-20,2021-07-21,1.326,1.317,-0.006787330316742168
518880,2021-07-21,2021-07-22,3.695,3.667,-0.007577807848443863
159870,2021-07-22,2021-07-26,1.09,1.069,-0.019266055045871644
513100,2021-07-26,2021-07-27,0.9854805469953775,0.9833301232665638,-0.002182106724856303
159980,2021-07-27,2021-08-03,1.414,1.395,-0.013437057991513401
159995,2021-08-03,2021-08-04,1.701,1.785,0.04938271604938271
512670,2021-08-04,2021-08-06,1.1082445628051487,1.1603972481136264,0.04705882352941182
512660,2021-08-06,2021-08-09,1.342,1.333,-0.006706408345752646
512710,2021-08-09,2021-08-10,0.972,0.999,0.0277777777777779
512660,2021-08-10,2021-08-11,1.385,1.379,-0.0043321299638988675
159995,2021-08-11,2021-08-13,1.718,1.654,-0.03725261932479629
515220,2021-08-13,2021-08-16,0.9643085758039815,0.9648051301684533,0.000514933058702427
159980,2021-08-16,2021-08-17,1.403,1.411,0.005702066999287325
513500,2021-08-17,2021-08-20,1.3879670932358317,1.3722120658135284,-0.011351153423654226
511880,2021-08-20,2021-08-24,101.49,101.484,-5.911912503697714e-05
513500,2021-08-24,2021-08-25,1.399148080438757,1.3945740402193785,-0.0032691609153651102
512660,2021-08-25,2021-08-26,1.383,1.378,-0.0036153289949386602
515220,2021-08-26,2021-08-27,1.0293571975497702,1.0308468606431853,0.0014471780028944004
513500,2021-08-27,2021-08-31,1.3966069469835467,1.412870201096892,0.011644832605531175
515210,2021-08-31,2021-09-01,2.18,2.133,-0.02155963302752295
513100,2021-09-01,2021-09-07,1.016563944530046,1.016563944530046,0.0
510880,2021-09-07,2021-09-09,3.28,3.417,0.04176829268292681
516780,2021-09-09,2021-09-10,0.7878368611254517,0.8028910686628807,0.019108280254777066
516150,2021-09-10,2021-09-13,1.715,1.728,0.007580174927113603
516950,2021-09-13,2021-09-14,1.237,1.202,-0.02829426030719495
512400,2021-09-14,2021-09-15,1.654,1.668,0.00846432889963733
159869,2021-09-15,2021-09-16,0.94,0.935,-0.005319148936170137
513520,2021-09-16,2021-09-23,1.307,1.299,-0.006120887528691665
501018,2021-09-23,2021-09-29,0.851,0.869,0.021151586368977737
511880,2021-09-29,2021-09-30,101.721,101.791,0.0006881568211085654
501018,2021-09-30,2021-10-19,0.87,0.958,0.10114942528735638
516670,2021-10-19,2021-10-20,0.877,0.863,-0.015963511972634015
159865,2021-10-20,2021-10-22,0.825,0.808,-0.020606060606060517
159928,2021-10-22,2021-10-25,1.167,1.169,0.001713796058269157
501018,2021-10-25,2021-10-29,0.958,0.936,-0.022964509394571953
513500,2021-10-29,2021-11-01,1.4016892138939672,1.4189689213893966,0.01232777374909344
159790,2021-11-01,2021-11-04,1.125,1.115,-0.008888888888888946
516520,2021-11-04,2021-11-11,1.15,1.16,0.008695652173912993
512670,2021-11-11,2021-11-15,1.141,1.165,0.021034180543382908
512660,2021-11-15,2021-11-16,1.43,1.373,-0.03986013986013981
159869,2021-11-16,2021-11-17,1.08,1.081,0.0009259259259257746
516520,2021-11-17,2021-11-18,1.185,1.168,-0.014345991561181548
512980,2021-11-18,2021-11-19,0.774,0.776,0.0025839793281654533
513100,2021-11-19,2021-11-22,1.0621138289676424,1.0650462249614792,0.00276090557702946
512670,2021-11-22,2021-11-24,1.195,1.159,-0.030125523012552335
159869,2021-11-24,2021-11-26,1.045,1.005,-0.03827751196172258
515880,2021-11-26,2021-12-01,0.1800819017003231,0.1835355272123841,0.019178082191780854
516150,2021-12-01,2021-12-03,1.639,1.642,0.0018303843807199183
511880,2021-12-03,2021-12-06,102.069,102.082,0.00012736482183606235
562800,2021-12-06,2021-12-07,0.979,0.96,-0.019407558733401498
159985,2021-12-07,2021-12-08,1.168,1.167,-0.0008561643835615085
511880,2021-12-08,2021-12-09,102.089,102.087,-1.9590749248177275e-05
516780,2021-12-09,2021-12-13,0.7577284460505936,0.7707754259163655,0.017218543046357615
516150,2021-12-13,2021-12-14,1.638,1.601,-0.02258852258852251
512690,2021-12-14,2021-12-20,1.0299168556311413,0.9766704459561601,-0.05169971671388107
159985,2021-12-20,2021-12-23,1.211,1.245,0.028075970272502193
511880,2021-12-23,2021-12-24,102.177,102.195,0.00017616489033711602
159985,2021-12-24,2021-12-29,1.252,1.234,-0.014376996805111841
159745,2021-12-29,2021-12-30,0.984,0.991,0.007113821138211351
159985,2021-12-30,2022-01-04,1.24,1.245,0.0040322580645162365
159745,2022-01-04,2022-01-05,1.0,0.99,-0.010000000000000009
159985,2022-01-05,2022-01-07,1.262,1.234,-0.022187004754358197
501018,2022-01-07,2022-02-14,0.929,1.048,0.12809472551130252
159985,2022-02-14,2022-02-17,1.43,1.45,0.013986013986013957
501018,2022-02-17,2022-02-24,1.025,1.105,0.07804878048780495
515220,2022-02-24,2022-02-25,1.043260719754977,1.02339854517611,-0.019038553069966824
518880,2022-02-25,2022-02-28,3.807,3.787,-0.00525348043078544
501018,2022-02-28,2022-03-02,1.091,1.177,0.07882676443629699
512400,2022-03-02,2022-03-03,1.416,1.412,-0.0028248587570621764
501018,2022-03-03,2022-03-04,1.264,1.19,-0.058544303797468444
159985,2022-03-04,2022-03-07,1.5,1.576,0.05066666666666664
518880,2022-03-07,2022-03-08,3.926,4.015,0.022669383596535697
159985,2022-03-08,2022-03-09,1.6,1.624,0.014999999999999902
518880,2022-03-09,2022-03-10,4.061,3.931,-0.03201181974883027
159985,2022-03-10,2022-03-29,1.583,1.629,0.029058749210360002
501018,2022-03-29,2022-03-30,1.211,1.217,0.004954582989264988
513100,2022-03-30,2022-04-06,0.99,0.967,-0.02323232323232327
511880,2022-04-06,2022-04-07,100.628,100.64,0.00011925110307275943
513100,2022-04-07,2022-04-08,0.947,0.953,0.006335797254487963
511880,2022-04-08,2022-04-18,100.654,100.685,0.00030798577304436137
159980,2022-04-18,2022-04-22,1.734,1.744,0.005767012687427853
518880,2022-04-22,2022-04-26,3.951,3.89,-0.01543912933434577
511880,2022-04-26,2022-05-09,100.719,100.801,0.0008141462881881001
501018,2022-05-09,2022-05-11,1.332,1.268,-0.048048048048048075
511880,2022-05-11,2022-05-16,100.806,100.842,0.0003571215999047528
501018,2022-05-16,2022-05-24,1.329,1.314,-0.011286681715575564
512670,2022-05-24,2022-05-25,0.834,0.844,0.011990407673860837
159985,2022-05-25,2022-05-26,1.622,1.626,0.002466091245376001
501018,2022-05-26,2022-05-31,1.346,1.415,0.05126300148588414
516160,2022-05-31,2022-06-01,3.4960482897384306,3.508901408450704,0.003676470588235281
159840,2022-06-01,2022-06-02,0.813,0.831,0.022140221402213944
515220,2022-06-02,2022-06-08,1.1862683767228175,1.2940206738131699,0.09083298451234834
516520,2022-06-08,2022-06-10,0.949,0.943,-0.006322444678609096
512580,2022-06-10,2022-06-15,1.601,1.585,-0.009993753903810076
516520,2022-06-15,2022-06-17,0.956,0.969,0.013598326359832713
513130,2022-06-17,2022-06-20,0.595,0.597,0.003361344537815114
512580,2022-06-20,2022-06-21,1.684,1.676,-0.004750593824228044
159790,2022-06-21,2022-06-24,0.965,1.019,0.05595854922279786
512580,2022-06-24,2022-06-27,1.758,1.756,-0.0011376564277588708
159915,2022-06-27,2022-06-28,2.741,2.754,0.004742794600510747
513060,2022-06-28,2022-06-29,0.596,0.571,-0.04194630872483229
516520,2022-06-29,2022-06-30,1.018,1.033,0.014734774066797574
512690,2022-06-30,2022-07-04,0.933,0.922,-0.011789924973204746
159814,2022-07-04,2022-07-05,0.549,0.546,-0.005464480874316946
159967,2022-07-05,2022-07-06,0.704,0.699,-0.007102272727272707
159992,2022-07-06,2022-07-07,1.12,1.099,-0.018750000000000155
511880,2022-07-07,2022-07-18,101.094,101.135,0.0004055631392565484
513100,2022-07-18,2022-08-11,0.841,0.923,0.09750297265160524
513500,2022-08-11,2022-08-12,1.342,1.342,0.0
588100,2022-08-12,2022-08-22,1.102,1.056,-0.04174228675136116
513100,2022-08-22,2022-08-23,0.912,0.895,-0.018640350877192957
513500,2022-08-23,2022-08-25,1.335,1.351,0.011985018726591745
159985,2022-08-25,2022-09-02,1.656,1.657,0.0006038647342996306
511880,2022-09-02,2022-09-05,101.329,101.335,5.921305845313363e-05
159985,2022-09-05,2022-09-07,1.675,1.661,-0.008358208955223878
511880,2022-09-07,2022-09-08,101.338,101.343,4.933983303412326e-05
159985,2022-09-08,2022-09-13,1.661,1.758,0.058398555087296744
515220,2022-09-13,2022-09-15,1.3516209800918835,1.3382140122511483,-0.009919177075679686
512890,2022-09-15,2022-09-16,0.889,0.861,-0.03149606299212604
159985,2022-09-16,2022-09-27,1.73,1.745,0.00867052023121384
511880,2022-09-27,2022-09-29,101.404,101.405,9.861543923461724e-06
159985,2022-09-29,2022-10-10,1.8,1.779,-0.011666666666666714
161226,2022-10-10,2022-10-13,0.637,0.62,-0.02668759811616961
159985,2022-10-13,2022-10-20,1.773,1.743,-0.016920473773265554
511880,2022-10-20,2022-10-25,101.519,101.525,5.910223701977024e-05
518880,2022-10-25,2022-10-26,3.827,3.824,-0.000783903841128808
501018,2022-10-26,2022-10-27,1.251,1.286,0.027977617905675656
513290,2022-10-27,2022-11-01,1.055,1.095,0.03791469194312791
513030,2022-11-01,2022-11-03,0.971,0.946,-0.025746652935118464
516510,2022-11-03,2022-11-04,0.793,0.808,0.018915510718789497
515400,2022-11-04,2022-11-07,0.747,0.745,-0.0026773761713521083
512720,2022-11-07,2022-11-08,1.072,1.08,0.00746268656716409
512290,2022-11-08,2022-11-09,1.275,1.269,-0.004705882352941226
588100,2022-11-09,2022-11-10,1.001,0.983,-0.017982017982017928
159892,2022-11-10,2022-11-11,0.606,0.631,0.041254125412541365
588100,2022-11-11,2022-11-14,0.986,0.997,0.011156186612576002
159892,2022-11-14,2022-11-15,0.664,0.681,0.025602409638554313
516510,2022-11-15,2022-11-16,0.83,0.83,0.0
515400,2022-11-16,2022-11-21,0.773,0.773,0.0
513130,2022-11-21,2022-11-22,0.495,0.476,-0.03838383838383841
513030,2022-11-22,2022-11-30,1.053,1.063,0.009496676163342821
513520,2022-11-30,2022-12-01,1.087,1.095,0.007359705611775569
513090,2022-12-01,2022-12-07,1.082,1.092,0.009242144177449285
513130,2022-12-07,2022-12-09,0.545,0.575,0.05504587155963292
512200,2022-12-09,2022-12-13,2.147040816326531,2.090326530612245,-0.026415094339622747
513330,2022-12-13,2022-12-14,0.466,0.469,0.006437768240343145
161226,2022-12-14,2022-12-19,0.741,0.71,-0.04183535762483137
159985,2022-12-19,2022-12-20,1.89,1.901,0.0058201058201059475
511880,2022-12-20,2022-12-22,101.749,101.744,-4.914053209359448e-05
161226,2022-12-22,2022-12-26,0.725,0.726,0.0013793103448276334
159985,2022-12-26,2022-12-27,1.977,1.985,0.004046535154274222
161226,2022-12-27,2022-12-28,0.734,0.729,-0.006811989100817484
159766,2022-12-28,2022-12-29,1.13,1.116,-0.01238938053097327
159985,2022-12-29,2023-01-03,1.986,2.015,0.01460221550855989
512690,2023-01-03,2023-01-05,0.838,0.881,0.051312649164677815
513360,2023-01-05,2023-01-06,0.546,0.552,0.01098901098901095
513120,2023-01-06,2023-01-09,1.033,1.057,0.023233301064859546
513360,2023-01-09,2023-01-11,0.572,0.577,0.00874125874125875
513120,2023-01-11,2023-01-18,1.067,1.081,0.013120899718837897
512010,2023-01-18,2023-02-01,0.523,0.518,-0.009560229445506718
159851,2023-02-01,2023-02-02,0.5533018976423231,0.5489183438757906,-0.007922535211267512
515400,2023-02-02,2023-02-07,0.859,0.877,0.020954598370197974
513310,2023-02-07,2023-02-08,1.055,1.061,0.005687203791469253
513030,2023-02-08,2023-02-09,1.118,1.125,0.006261180679785205
513310,2023-02-09,2023-02-14,1.079,1.075,-0.003707136237256714
515980,2023-02-14,2023-02-16,0.4529867256637168,0.4560066371681416,0.006666666666666821
159869,2023-02-16,2023-02-17,0.941,0.913,-0.029755579171094504
513100,2023-02-17,2023-02-20,0.865,0.868,0.003468208092485492
513030,2023-02-20,2023-02-22,1.14,1.119,-0.018421052631578894
512980,2023-02-22,2023-02-23,0.686,0.675,-0.01603498542274051
511880,2023-02-23,2023-02-24,100.342,100.357,0.00014948874848030869
513030,2023-02-24,2023-02-28,1.135,1.125,-0.008810572687224627
511880,2023-02-28,2023-03-02,100.355,100.376,0.0002092571371630214
516950,2023-03-02,2023-03-03,1.09,1.114,0.022018348623853212
159869,2023-03-03,2023-03-06,0.951,0.941,-0.01051524710830709
516950,2023-03-06,2023-03-08,1.101,1.103,0.0018165304268846771
513030,2023-03-08,2023-03-09,1.136,1.144,0.007042253521126751
501018,2023-03-09,2023-03-10,1.147,1.13,-0.01482127288578916
513030,2023-03-10,2023-03-13,1.129,1.141,0.010628875110717528
518880,2023-03-13,2023-03-22,4.089,4.223,0.032770848618243864
516950,2023-03-22,2023-03-23,1.118,1.133,0.013416815742397059
588200,2023-03-23,2023-03-31,1.322,1.327,0.003782148260211615
588100,2023-03-31,2023-04-03,1.213,1.279,0.05441055234954639
159819,2023-04-03,2023-04-04,0.979,1.0,0.021450459652706755
512720,2023-04-04,2023-04-06,1.53,1.5,-0.019607843137254943
515400,2023-04-06,2023-04-07,1.099,1.112,0.011828935395814533
515880,2023-04-07,2023-04-10,0.19208736181367794,0.1850156524318388,-0.03681506849315064
159997,2023-04-10,2023-04-11,1.083,1.083,0.0
513310,2023-04-11,2023-04-13,1.177,1.159,-0.015293118096856406
515000,2023-04-13,2023-04-14,0.6838452316076294,0.6947313351498637,0.01591895803183796
161226,2023-04-14,2023-04-18,0.77,0.75,-0.025974025974025983
513310,2023-04-18,2023-04-19,1.165,1.166,0.0008583690987122861
516510,2023-04-19,2023-04-20,1.217,1.268,0.04190632703368924
159995,2023-04-20,2023-04-21,1.265,1.196,-0.054545454545454564
161226,2023-04-21,2023-04-24,0.751,0.746,-0.0066577896138482195
513030,2023-04-24,2023-05-05,1.193,1.193,0.0
161226,2023-05-05,2023-05-08,0.78,0.771,-0.011538461538461497
513520,2023-05-08,2023-05-09,1.134,1.14,0.005291005291005346
161226,2023-05-09,2023-05-12,0.766,0.724,-0.05483028720626637
513520,2023-05-12,2023-05-15,1.169,1.168,-0.0008554319931566301
513100,2023-05-15,2023-05-16,0.944,0.947,0.0031779661016948513
513520,2023-05-16,2023-05-18,1.17,1.29,0.10256410256410264
513100,2023-05-18,2023-05-22,0.968,0.984,0.016528925619834656
511880,2023-05-22,2023-05-23,100.789,100.79,9.92171764790939e-06
513100,2023-05-23,2023-06-09,0.992,1.047,0.05544354838709675
513500,2023-06-09,2023-06-12,1.441,1.453,0.00832755031228305
513100,2023-06-12,2023-06-13,1.059,1.085,0.02455146364494798
515880,2023-06-13,2023-06-15,0.19636327911432488,0.20195486327670936,0.028475711892797406
513100,2023-06-15,2023-06-16,1.091,1.1,0.008249312557286892
516510,2023-06-16,2023-06-20,1.301,1.39,0.0684089162182937
515400,2023-06-20,2023-06-21,1.151,1.097,-0.0469157254561251
516190,2023-06-21,2023-06-26,1.218,1.155,-0.051724137931034475
513100,2023-06-26,2023-06-28,1.091,1.09,-0.0009165902841429263
159985,2023-06-28,2023-07-04,1.893,2.014,0.06391970417326975
515050,2023-07-04,2023-07-05,0.3780432432432432,0.37005885885885886,-0.021120293847566418
515880,2023-07-05,2023-07-06,0.20935548937398288,0.21017778116256886,0.003927729772191801
159985,2023-07-06,2023-08-02,2.017,2.178,0.07982151710461083
501018,2023-08-02,2023-08-03,1.258,1.223,-0.02782193958664536
512880,2023-08-03,2023-08-04,1.054,1.063,0.008538899430740043
512200,2023-08-04,2023-08-07,1.9201836734693878,1.860768707482993,-0.030942334739803234
513090,2023-08-07,2023-08-10,1.223,1.232,0.007358953393295176
501018,2023-08-10,2023-08-17,1.284,1.239,-0.03504672897196259
159985,2023-08-17,2023-08-18,2.27,2.296,0.011453744493391982
511880,2023-08-18,2023-08-22,101.221,101.224,2.9638118572261618e-05
159985,2023-08-22,2023-08-23,2.272,2.27,-0.0008802816901407606
511880,2023-08-23,2023-08-24,101.231,101.237,5.9270381602472e-05
518880,2023-08-24,2023-08-25,4.464,4.448,-0.0035842293906810374
511880,2023-08-25,2023-08-28,101.242,101.244,1.9754647280656457e-05
159985,2023-08-28,2023-09-11,2.357,2.347,-0.004242681374628909
501018,2023-09-11,2023-09-21,1.342,1.349,0.005216095380029762
518880,2023-09-21,2023-09-28,4.58,4.436,-0.03144104803493453
511880,2023-09-28,2023-10-09,101.446,101.467,0.0002070066833586015
501018,2023-10-09,2023-10-10,1.353,1.328,-0.018477457501847705
511880,2023-10-10,2023-10-13,101.486,101.491,4.926787931336385e-05
515120,2023-10-13,2023-10-16,0.654,0.644,-0.015290519877675823
511880,2023-10-16,2023-11-01,101.491,101.572,0.0007981003241666063
561980,2023-11-01,2023-11-03,0.2140024113817217,0.21522064142753797,0.005692599620493288
513120,2023-11-03,2023-11-15,0.893,0.906,0.014557670772676445
159892,2023-11-15,2023-11-17,0.625,0.614,-0.01760000000000006
513310,2023-11-17,2023-11-21,1.241,1.228,-0.010475423045930854
513030,2023-11-21,2023-11-22,1.218,1.212,-0.0049261083743842304
159509,2023-11-22,2023-11-28,1.034,1.029,-0.004835589941973084
513030,2023-11-28,2023-12-01,1.219,1.24,0.01722723543888427
513520,2023-12-01,2023-12-04,1.24,1.247,0.0056451612903227755
513030,2023-12-04,2023-12-07,1.246,1.252,0.0048154093097914075
513520,2023-12-07,2023-12-08,1.241,1.23,-0.008863819500403047
513030,2023-12-08,2023-12-18,1.259,1.274,0.011914217633042234
513290,2023-12-18,2023-12-22,1.11,1.086,-0.021621621621621623
513520,2023-12-22,2023-12-25,1.305,1.326,0.016091954022988686
513290,2023-12-25,2024-01-10,1.123,1.182,0.05253784505788062
159509,2024-01-10,2024-01-11,1.087,1.103,0.014719411223551138
513290,2024-01-11,2024-01-17,1.182,1.153,-0.024534686971235176
518880,2024-01-17,2024-01-18,4.631,4.616,-0.003239041243791929
159509,2024-01-18,2024-01-22,1.115,1.185,0.06278026905829592
513520,2024-01-22,2024-01-24,1.552,1.526,-0.01675257731958768
159509,2024-01-24,2024-02-02,1.181,1.19,0.007620660457239525
501018,2024-02-02,2024-02-05,1.195,1.168,-0.022594142259414363
159509,2024-02-05,2024-03-05,1.212,1.366,0.1270627062706271
512720,2024-03-05,2024-03-06,0.94,0.933,-0.00744680851063817
159967,2024-03-06,2024-03-07,0.421,0.414,-0.016627078384798155
159852,2024-03-07,2024-03-08,0.671,0.678,0.010432190760059523
159997,2024-03-08,2024-03-11,0.884,0.896,0.013574660633484115
159516,2024-03-11,2024-03-12,0.44293734939759033,0.4465301204819277,0.008111239860950192
588200,2024-03-12,2024-03-13,1.015,1.013,-0.0019704433497537144
159949,2024-03-13,2024-03-14,0.805,0.802,-0.003726708074534124
159851,2024-03-14,2024-03-15,0.47098849913743523,0.47293674525589413,0.004136504653567741
515000,2024-03-15,2024-03-18,0.5680566757493188,0.577458310626703,0.016550522648083543
512480,2024-03-18,2024-03-19,0.3761307407407407,0.3712011111111111,-0.013106159895150737
159509,2024-03-19,2024-03-20,1.396,1.397,0.0007163323782235498
159998,2024-03-20,2024-03-21,0.798,0.798,0.0
515980,2024-03-21,2024-03-22,0.42983407079646013,0.42631084070796454,-0.008196721311475419
159667,2024-03-22,2024-03-25,0.30087161607875307,0.2937157506152584,-0.023783783783783763
159985,2024-03-25,2024-03-26,2.134,2.139,0.0023430178069352436
513310,2024-03-26,2024-03-27,1.275,1.258,-0.013333333333333308
161226,2024-03-27,2024-03-28,0.8,0.806,0.007500000000000062
159518,2024-03-28,2024-04-02,1.069,1.115,0.04303086997193639
513350,2024-04-02,2024-04-03,1.152,1.157,0.004340277777777901
517520,2024-04-03,2024-04-08,1.265,1.296,0.02450592885375502
561330,2024-04-08,2024-04-09,0.5142193548387096,0.5166610421836229,0.0047483380816715215
159518,2024-04-09,2024-04-12,1.11,1.107,-0.002702702702702786
161226,2024-04-12,2024-04-17,0.924,0.914,-0.010822510822510845
518880,2024-04-17,2024-04-23,5.461,5.232,-0.041933711774400306
159980,2024-04-23,2024-04-24,1.689,1.717,0.0165778567199526
511880,2024-04-24,2024-04-25,100.654,100.662,7.948019949544083e-05
159980,2024-04-25,2024-05-08,1.733,1.731,-0.0011540680900172795
159691,2024-05-08,2024-05-13,1.142,1.205,0.05516637478108599
513330,2024-05-13,2024-05-15,0.402,0.404,0.004975124378109541
159691,2024-05-15,2024-05-16,1.199,1.182,-0.014178482068390452
159985,2024-05-16,2024-05-20,2.298,2.317,0.008268059181897325
513920,2024-05-20,2024-05-22,1.23,1.217,-0.010569105691056846
513630,2024-05-22,2024-05-23,1.195,1.182,-0.01087866108786617
159691,2024-05-23,2024-05-24,1.183,1.174,-0.0076077768385461875
159502,2024-05-24,2024-05-27,0.97,0.971,0.0010309278350515427
159985,2024-05-27,2024-05-28,2.32,2.298,-0.00948275862068959
513100,2024-05-28,2024-05-29,1.38,1.374,-0.004347826086956386
161226,2024-05-29,2024-05-30,1.039,1.004,-0.03368623676612115
159509,2024-05-30,2024-06-03,1.453,1.474,0.014452856159669514
511880,2024-06-03,2024-06-04,100.831,100.83,-9.917584869789664e-06
159509,2024-06-04,2024-06-14,1.464,1.657,0.13183060109289624
513100,2024-06-14,2024-06-18,1.435,1.46,0.017421602787456303
513310,2024-06-18,2024-06-25,1.383,1.32,-0.045553145336225564
513100,2024-06-25,2024-06-26,1.429,1.456,0.018894331700489708
513500,2024-06-26,2024-06-27,1.933,1.948,0.007759958613553941
513100,2024-06-27,2024-07-01,1.455,1.473,0.012371134020618513
159509,2024-07-01,2024-07-04,1.717,1.66,-0.033197437390797946
513100,2024-07-04,2024-07-11,1.51,1.555,0.0298013245033113
513520,2024-07-11,2024-07-15,1.574,1.522,-0.03303684879288438
513730,2024-07-15,2024-07-17,1.18,1.194,0.011864406779660941
513400,2024-07-17,2024-07-18,1.141,1.135,-0.005258545135845782
513520,2024-07-18,2024-07-23,1.495,1.467,-0.01872909698996661
513290,2024-07-23,2024-07-25,1.318,1.283,-0.02655538694992421
511880,2024-07-25,2024-07-29,101.024,101.04,0.00015837820715880468
159502,2024-07-29,2024-07-31,1.117,1.089,-0.0250671441360788
513400,2024-07-31,2024-08-01,1.09,1.095,0.004587155963302614
159502,2024-08-01,2024-08-05,1.094,1.001,-0.08500914076782462
518880,2024-08-05,2024-08-06,5.366,5.327,-0.007267983600447225
511880,2024-08-06,2024-08-22,101.079,101.14,0.0006034883605892105
518880,2024-08-22,2024-08-29,5.523,5.535,0.0021727322107552016
513520,2024-08-29,2024-08-30,1.479,1.487,0.005409060175794567
513030,2024-08-30,2024-09-02,1.413,1.417,0.002830856334041121
513190,2024-09-02,2024-09-03,1.079,1.065,-0.0129749768303985
513030,2024-09-03,2024-09-05,1.423,1.39,-0.023190442726633953
511880,2024-09-05,2024-09-09,101.194,101.199,4.941004407377214e-05
159529,2024-09-09,2024-09-10,1.106,1.12,0.012658227848101333
159985,2024-09-10,2024-09-11,1.928,1.942,0.007261410788381717
159529,2024-09-11,2024-09-13,1.125,1.138,0.011555555555555541
518880,2024-09-13,2024-09-18,5.611,5.609,-0.0003564427018356575
159985,2024-09-18,2024-09-20,1.991,1.947,-0.02209944751381221
518880,2024-09-20,2024-09-23,5.663,5.711,0.008476072752957808
159529,2024-09-23,2024-09-24,1.146,1.151,0.0043630017452007674
159985,2024-09-24,2024-09-26,1.967,1.971,0.0020335536349771477
513120,2024-09-26,2024-09-27,0.706,0.757,0.07223796033994345
159851,2024-09-27,2024-09-30,0.48706152961472104,0.5357676825761932,0.10000000000000009
512200,2024-09-30,2024-10-08,1.687,1.651,-0.021339656194428014
515400,2024-10-08,2024-10-09,0.79,0.767,-0.029113924050632956
159583,2024-10-09,2024-10-10,0.6092847025495751,0.6005439093484419,-0.014345991561181548
518880,2024-10-10,2024-10-11,5.676,5.739,0.0110993657505285
159980,2024-10-11,2024-10-15,1.708,1.696,-0.007025761124121788
512800,2024-10-15,2024-10-16,0.7103702870005627,0.7304940911648846,0.028328611898017053
159766,2024-10-16,2024-10-17,0.657,0.65,-0.010654490106544956
161226,2024-10-17,2024-10-21,0.936,0.992,0.05982905982905984
518880,2024-10-21,2024-10-22,6.02,6.018,-0.00033222591362125353
159870,2024-10-22,2024-10-23,0.586,0.595,0.015358361774744145
513970,2024-10-23,2024-10-24,0.856,0.847,-0.010514018691588745
512290,2024-10-24,2024-10-25,0.955,0.971,0.01675392670157061
512400,2024-10-25,2024-10-28,1.059,1.069,0.009442870632672351
159790,2024-10-28,2024-10-29,0.631,0.621,-0.015847860538827252
513130,2024-10-29,2024-10-30,0.618,0.606,-0.01941747572815533
512170,2024-10-30,2024-10-31,0.343,0.341,-0.005830903790087438
161226,2024-10-31,2024-11-01,0.968,0.946,-0.022727272727272707
518880,2024-11-01,2024-11-05,6.051,6.006,-0.007436787307882997
588080,2024-11-05,2024-11-06,1.019,1.02,0.0009813542688912325
512100,2024-11-06,2024-11-07,2.557,2.605,0.018771998435666903
515400,2024-11-07,2024-11-11,0.881,0.97,0.10102156640181614
512720,2024-11-11,2024-11-13,1.195,1.183,-0.010041841004184149
562800,2024-11-13,2024-11-14,0.585,0.557,-0.04786324786324769
512880,2024-11-14,2024-11-15,1.265,1.215,-0.039525691699604626
159529,2024-11-15,2024-11-26,1.23,1.363,0.10813008130081303
513500,2024-11-26,2024-11-27,2.181,2.18,-0.00045850527281054987
159518,2024-11-27,2024-12-05,1.026,0.992,-0.033138401559454245
513400,2024-12-05,2024-12-06,1.219,1.201,-0.014766201804757961
513730,2024-12-06,2024-12-10,1.416,1.415,-0.0007062146892654608
513500,2024-12-10,2024-12-11,2.207,2.227,0.009062075215224397
159529,2024-12-11,2024-12-18,1.391,1.552,0.11574406901509704
513100,2024-12-18,2024-12-23,1.674,1.652,-0.01314217443249699
511880,2024-12-23,2024-12-24,101.578,101.578,0.0
513100,2024-12-24,2024-12-26,1.648,1.674,0.01577669902912615
159529,2024-12-26,2024-12-27,1.651,1.586,-0.03937007874015741
513100,2024-12-27,2024-12-30,1.662,1.639,-0.013838748495788145
515050,2024-12-30,2025-01-02,0.4110222222222222,0.38220900900900895,-0.07010135135135143
513520,2025-01-02,2025-01-03,1.483,1.479,-0.0026972353337828547
159529,2025-01-03,2025-01-06,1.47,1.617,0.10000000000000009
501018,2025-01-06,2025-01-07,1.273,1.27,-0.00235663786331497
159509,2025-01-07,2025-01-08,1.661,1.649,-0.007224563515954241
501018,2025-01-08,2025-01-09,1.291,1.274,-0.0131680867544538
159509,2025-01-09,2025-01-10,1.636,1.626,-0.006112469437652868
501018,2025-01-10,2025-01-14,1.291,1.334,0.03330751355538353
513310,2025-01-14,2025-01-15,1.495,1.5,0.0033444816053511683
159518,2025-01-15,2025-01-20,1.166,1.181,0.012864493996569637
520830,2025-01-20,2025-01-22,1.187,1.268,0.06823925863521474
513030,2025-01-22,2025-01-27,1.815,1.654,-0.0887052341597796
513080,2025-01-27,2025-02-05,1.62,1.668,0.02962962962962945
159985,2025-02-05,2025-02-10,1.988,1.964,-0.012072434607645843
513080,2025-02-10,2025-02-11,1.616,1.64,0.014851485148514643
562500,2025-02-11,2025-02-13,0.906,0.892,-0.015452538631346546
512720,2025-02-13,2025-02-14,1.177,1.22,0.03653355989804585
159851,2025-02-14,2025-02-17,0.7763760782058654,0.7924491086831511,0.020702634880802817
159939,2025-02-17,2025-02-20,0.689,0.695,0.00870827285921627
513060,2025-02-20,2025-02-21,0.446,0.46,0.03139013452914807
159939,2025-02-21,2025-02-24,0.723,0.722,-0.0013831258644536604
512170,2025-02-24,2025-02-25,0.356,0.349,-0.0196629213483146
588220,2025-02-25,2025-02-26,1.041,1.062,0.02017291066282434
159939,2025-02-26,2025-03-03,0.722,0.675,-0.06509695290858719
159985,2025-03-03,2025-03-05,2.04,1.955,-0.04166666666666663
511880,2025-03-05,2025-03-06,100.291,100.282,-8.973885991769848e-05
518880,2025-03-06,2025-03-07,6.535,6.526,-0.0013771996939556663
513330,2025-03-07,2025-03-10,0.557,0.545,-0.021543985637342944
513180,2025-03-10,2025-03-11,0.81,0.812,0.0024691358024691024
159892,2025-03-11,2025-03-13,0.565,0.559,-0.010619469026548534
159323,2025-03-13,2025-03-14,1.274,1.305,0.024332810047095643
159980,2025-03-14,2025-03-17,1.761,1.758,-0.0017035775127767216
159323,2025-03-17,2025-03-24,1.298,1.278,-0.015408320493066285
518880,2025-03-24,2025-03-25,6.78,6.774,-0.0008849557522123686
513030,2025-03-25,2025-03-26,1.78,1.795,0.008426966292134797
159980,2025-03-26,2025-03-27,1.757,1.757,0.0
513030,2025-03-27,2025-03-28,1.762,1.75,-0.006810442678774176
159980,2025-03-28,2025-03-31,1.741,1.73,-0.00631820792647908
161226,2025-03-31,2025-04-01,0.995,0.986,-0.009045226130653283
511880,2025-04-01,2025-04-02,100.391,100.399,7.968841828454032e-05
520830,2025-04-02,2025-04-03,1.047,1.023,-0.022922636103151928
518880,2025-04-03,2025-04-08,7.094,6.925,-0.02382294897096149
511880,2025-04-08,2025-04-11,100.403,100.418,0.00014939792635670912
518880,2025-04-11,2025-04-23,7.273,7.5,0.031211329575141056
159865,2025-04-23,2025-04-25,0.586,0.588,0.0034129692832765013
511880,2025-04-25,2025-04-29,100.457,100.457,0.0
518880,2025-04-29,2025-05-09,7.517,7.531,0.001862445124384715
513030,2025-05-09,2025-05-12,1.868,1.9,0.017130620985010614
513730,2025-05-12,2025-05-13,1.217,1.214,-0.0024650780608053147
513030,2025-05-13,2025-05-19,1.846,1.844,-0.0010834236186348933
513750,2025-05-19,2025-05-21,1.301,1.319,0.013835511145272816
513730,2025-05-21,2025-05-22,1.215,1.21,-0.004115226337448652
159822,2025-05-22,2025-05-26,0.697,0.7,0.004304160688665792
159529,2025-05-26,2025-05-28,1.595,1.602,0.004388714733542409
159509,2025-05-28,2025-05-29,1.539,1.571,0.02079272254710851
159529,2025-05-29,2025-06-03,1.604,1.566,-0.023690773067331694
159509,2025-06-03,2025-06-05,1.543,1.555,0.007777057679844379
513120,2025-06-05,2025-06-10,1.056,1.17,0.10795454545454541
159892,2025-06-10,2025-06-11,0.745,0.742,-0.004026845637583931
515120,2025-06-11,2025-06-16,0.609,0.609,0.0
161226,2025-06-16,2025-06-20,1.027,1.004,-0.022395326192794496
159518,2025-06-20,2025-06-25,0.942,0.907,-0.03715498938428863
513120,2025-06-25,2025-06-27,1.167,1.116,-0.04370179948586117
513750,2025-06-27,2025-06-30,1.499,1.499,0.0
159851,2025-06-30,2025-07-01,0.815341000575043,0.7934232317423806,-0.026881720430107503
513090,2025-07-01,2025-07-03,1.834,1.854,0.010905125408942284
159851,2025-07-03,2025-07-04,0.7836820011500861,0.7948844163312246,0.01429459291485391
513090,2025-07-04,2025-07-07,1.867,1.882,0.008034279592929794
515880,2025-07-07,2025-07-08,0.23353086795840983,0.24438511956774436,0.04647887323943656
513090,2025-07-08,2025-07-10,1.952,2.014,0.03176229508196715
159851,2025-07-10,2025-07-15,0.8163151236342724,0.846,0.03636448168884732
515050,2025-07-15,2025-07-16,0.4450426426426426,0.44191831831831824,-0.0070202808112325155
159851,2025-07-16,2025-07-18,0.845,0.848,0.0035502958579882726
515050,2025-07-18,2025-07-21,0.4592756756756756,0.4613585585585585,0.0045351473922903285
159583,2025-07-21,2025-07-22,0.727028328611898,0.723429178470255,-0.004950495049504955
159892,2025-07-22,2025-07-23,0.844,0.842,-0.0023696682464454666
516150,2025-07-23,2025-07-24,1.366,1.444,0.0571010248901902
513060,2025-07-24,2025-07-25,0.655,0.655,0.0
560860,2025-07-25,2025-07-29,1.037,1.038,0.0009643201542912649
159745,2025-07-29,2025-07-30,0.648,0.646,-0.0030864197530864335
515120,2025-07-30,2025-07-31,0.699,0.692,-0.010014306151645225
159992,2025-07-31,2025-08-01,0.923,0.915,-0.008667388949079147
159509,2025-08-01,2025-08-05,1.773,1.808,0.01974055273547659
501018,2025-08-05,2025-08-06,1.228,1.231,0.002442996742671122
159509,2025-08-06,2025-08-07,1.799,1.822,0.012784880489160821
515050,2025-08-07,2025-08-08,0.4801045045045045,0.4783687687687687,-0.003615328994938549
588760,2025-08-08,2025-08-11,0.594,0.604,0.01683501683501687
159509,2025-08-11,2025-08-12,1.858,1.869,0.005920344456404658
159892,2025-08-12,2025-08-13,0.885,0.915,0.033898305084745894
159363,2025-08-13,2025-08-14,0.684,0.668,-0.023391812865497075
159583,2025-08-14,2025-08-19,0.8257478753541078,0.8931033994334279,0.08156911581569104
159363,2025-08-19,2025-08-20,0.731,0.728,-0.004103967168262668
588760,2025-08-20,2025-08-22,0.69,0.743,0.07681159420289863
588200,2025-08-22,2025-08-25,2.066,2.109,0.020813165537270084
159814,2025-08-25,2025-08-26,0.565,0.56,-0.008849557522123686
159949,2025-08-26,2025-08-27,1.258,1.25,-0.006359300476947549
159915,2025-08-27,2025-08-28,2.696,2.806,0.04080118694362023
159667,2025-08-28,2025-08-29,0.45699958982772765,0.46155332239540603,0.009964412811387824
516520,2025-08-29,2025-09-01,1.275,1.28,0.0039215686274509665
159667,2025-09-01,2025-09-02,0.4709860541427399,0.4693597210828548,-0.0034530386740331265
562590,2025-09-02,2025-09-03,0.4308286334056399,0.4288340563991323,-0.004629629629629761
159755,2025-09-03,2025-09-04,0.855,0.847,-0.009356725146198785
517520,2025-09-04,2025-09-05,1.737,1.813,0.043753598157743046
161226,2025-09-05,2025-09-08,1.127,1.128,0.0008873114463174847
516520,2025-09-08,2025-09-10,1.267,1.244,-0.01815311760063132
161226,2025-09-10,2025-09-11,1.131,1.128,-0.0026525198938992522
513310,2025-09-11,2025-09-12,2.018,2.069,0.025272547076313323
512400,2025-09-12,2025-09-16,1.562,1.515,-0.030089628681178038
512220,2025-09-16,2025-09-17,2.636,2.663,0.010242792109256271
561330,2025-09-17,2025-09-18,0.7276228287841191,0.702717617866005,-0.03422818791946314
159363,2025-09-18,2025-09-19,0.866,0.871,0.005773672055427337
513310,2025-09-19,2025-09-22,2.165,2.248,0.038337182448036966
159583,2025-09-22,2025-09-23,1.1121373937677053,1.1198498583569405,0.006934812760055475
515880,2025-09-23,2025-09-24,0.44962914999879755,0.44666889955988814,-0.006583760058522237
159814,2025-09-24,2025-09-25,0.659,0.671,0.018209408194233667
159790,2025-09-25,2025-09-26,0.759,0.751,-0.010540184453227908
159732,2025-09-26,2025-09-29,1.152,1.173,0.01822916666666674
159997,2025-09-29,2025-09-30,1.723,1.739,0.009286128845037656
588200,2025-09-30,2025-10-09,2.565,2.646,0.03157894736842093
159995,2025-10-09,2025-10-10,1.943,1.829,-0.05867215645908397
159732,2025-10-10,2025-10-13,1.144,1.114,-0.02622377622377603
161226,2025-10-13,2025-10-15,1.36,1.402,0.03088235294117636
159502,2025-10-15,2025-10-16,1.113,1.149,0.03234501347708907
518880,2025-10-16,2025-10-20,9.244,9.268,0.0025962786672437677
159502,2025-10-20,2025-10-23,1.15,1.138,-0.01043478260869568
513310,2025-10-23,2025-10-24,2.386,2.49,0.043587594300083854
159509,2025-10-24,2025-10-27,2.238,2.27,0.014298480786416379
159502,2025-10-27,2025-10-31,1.158,1.183,0.021588946459413005
513310,2025-10-31,2025-11-03,2.706,2.831,0.04619364375461932
159502,2025-11-03,2025-11-05,1.206,1.152,-0.04477611940298509
513400,2025-11-05,2025-11-06,1.225,1.227,0.0016326530612245094
511880,2025-11-06,2025-11-07,101.056,101.058,1.97910069665852e-05
159509,2025-11-07,2025-11-10,2.244,2.265,0.009358288770053402
513520,2025-11-10,2025-11-11,1.967,1.956,-0.005592272496187101
513310,2025-11-11,2025-11-13,2.706,2.673,-0.012195121951219523
513290,2025-11-13,2025-11-14,1.493,1.475,-0.012056262558606812
513310,2025-11-14,2025-11-17,2.554,2.532,-0.008613938919342146
513290,2025-11-17,2025-11-20,1.502,1.488,-0.009320905459387463
159518,2025-11-20,2025-11-21,0.929,0.905,-0.0258342303552207
513290,2025-11-21,2025-11-24,1.457,1.509,0.03568977350720637
159502,2025-11-24,2025-11-25,1.238,1.275,0.029886914378028928
513290,2025-11-25,2025-12-02,1.565,1.563,-0.0012779552715654896
159502,2025-12-02,2025-12-03,1.289,1.298,0.006982156710628518
161226,2025-12-03,2025-12-04,1.679,1.689,0.005955926146515855
159502,2025-12-04,2025-12-12,1.348,1.324,-0.017804154302670683
159509,2025-12-12,2025-12-15,2.346,2.305,-0.01747655583972718
159206,2025-12-15,2025-12-16,1.383,1.373,-0.007230657989877098
159502,2025-12-16,2025-12-17,1.3,1.293,-0.005384615384615432
518880,2025-12-17,2025-12-18,9.31,9.318,0.0008592910848548296
515880,2025-12-18,2025-12-19,0.4808762379650636,0.48400094676169025,0.006497948016416011
518880,2025-12-19,2025-12-22,9.313,9.511,0.021260603457532223
159980,2025-12-22,2025-12-23,1.934,1.932,-0.0010341261633919352
515880,2025-12-23,2025-12-25,0.5055449916226421,0.5163992432319767,0.021470396877033338
159363,2025-12-25,2025-12-26,0.991,0.984,-0.007063572149344055
588710,2025-12-26,2025-12-29,1.577,1.56,-0.010779961953075401
563320,2025-12-29,2025-12-31,1.085,1.134,0.04516129032258065
159227,2025-12-31,2026-01-05,1.365,1.383,0.01318681318681314
159583,2026-01-05,2026-01-06,1.327,1.337,0.007535795026375247
512670,2026-01-06,2026-01-07,0.954,0.948,-0.0062893081761006275
159583,2026-01-07,2026-01-08,1.347,1.348,0.0007423904974017681
588170,2026-01-08,2026-01-09,0.5815121542330259,0.5798468846046382,-0.0028636884306986188
159516,2026-01-09,2026-01-12,0.923855421686747,0.9356602409638554,0.012777777777777777
159870,2026-01-12,2026-01-13,0.846,0.851,0.005910165484633634
516150,2026-01-13,2026-01-14,2.053,2.032,-0.010228933268387697
159870,2026-01-14,2026-01-16,0.856,0.859,0.003504672897196359
159667,2026-01-16,2026-01-19,0.5708429040196882,0.5776735028712059,0.011965811965812145
159995,2026-01-19,2026-01-20,1.98,1.964,-0.008080808080808133
159870,2026-01-20,2026-01-21,0.9,0.906,0.006666666666666599
518880,2026-01-21,2026-01-22,10.377,10.341,-0.00346921075455342
159980,2026-01-22,2026-01-23,2.11,2.144,0.01611374407582944
518880,2026-01-23,2026-01-26,10.617,10.924,0.02891588961100111
510500,2026-01-26,2026-01-27,8.564,8.619,0.006422232601587918
159998,2026-01-27,2026-01-28,1.132,1.126,-0.005300353356890497
589800,2026-01-28,2026-01-29,1.499,1.46,-0.026017344896597794
516190,2026-01-29,2026-01-30,1.472,1.461,-0.00747282608695643
588220,2026-01-30,2026-02-02,1.568,1.496,-0.04591836734693877
513520,2026-02-02,2026-02-03,1.845,1.918,0.0395663956639567
511880,2026-02-03,2026-02-04,100.145,100.153,7.988416795656761e-05
520830,2026-02-04,2026-02-05,0.945,0.947,0.002116402116402183
513520,2026-02-05,2026-02-06,1.881,1.889,0.004253056884635731
159518,2026-02-06,2026-02-10,0.981,1.013,0.03261977573904162
501018,2026-02-10,2026-02-11,1.395,1.348,-0.033691756272401396
513310,2026-02-11,2026-02-27,3.422,4.256,0.24371712448860317
513350,2026-02-27,2026-03-03,1.146,1.387,0.21029668411867375
513520,2026-03-03,2026-03-04,1.998,1.915,-0.04154154154154155
518880,2026-03-04,2026-03-06,10.98,10.873,-0.009744990892532002
159985,2026-03-06,2026-03-10,2.126,2.179,0.024929444967074277
511880,2026-03-10,2026-03-11,100.246,100.253,6.9828222572621e-05
159985,2026-03-11,2026-03-12,2.244,2.232,-0.005347593582887722
159667,2026-03-12,2026-03-13,0.6456542247744053,0.621584495488105,-0.037279596977329965
159611,2026-03-13,2026-03-16,1.179,1.147,-0.02714164546225617
515220,2026-03-16,2026-03-18,1.288,1.251,-0.028726708074534257
159985,2026-03-18,2026-03-23,2.251,2.23,-0.009329187027987573
511880,2026-03-23,2026-04-01,100.279,100.312,0.00032908186160618413
520830,2026-04-01,2026-04-02,0.942,0.93,-0.0127388535031846
512800,2026-04-02,2026-04-03,0.805,0.797,-0.009937888198757738
520830,2026-04-03,2026-04-09,0.927,0.931,0.004314994606256839
589720,2026-04-09,2026-04-17,0.919,0.954,0.0380848748639826
515880,2026-04-17,2026-04-20,0.6357074097530083,0.6433780873970869,0.012066365007541657
589720,2026-04-20,2026-04-21,0.946,0.931,-0.01585623678646919
159363,2026-04-21,2026-04-22,1.278,1.34,0.04851330203442883
512220,2026-04-22,2026-04-23,3.466,3.424,-0.012117714945181879
159819,2026-04-23,2026-04-24,1.762,1.734,-0.01589103291713967
515000,2026-04-24,2026-04-27,1.141,1.165,0.021034180543382908
159814,2026-04-27,2026-04-28,0.745,0.732,-0.01744966442953022
589800,2026-04-28,2026-04-29,1.498,1.51,0.008010680907877266
513100,2026-04-29,2026-04-30,1.962,1.959,-0.001529051987767538
588080,2026-04-30,2026-05-06,1.603,1.691,0.05489706799750471
589800,2026-05-06,2026-05-07,1.617,1.655,0.023500309214594894
588760,2026-05-07,2026-05-08,0.912,0.899,-0.014254385964912242
159949,2026-05-08,2026-05-11,1.821,1.888,0.036792970895112465
513100,2026-05-11,2026-05-12,2.108,2.081,-0.012808349146110065
159363,2026-05-12,2026-05-13,1.368,1.433,0.047514619883040954
159949,2026-05-13,2026-05-14,1.944,1.906,-0.019547325102880708
159915,2026-05-14,2026-05-15,3.961,3.97,0.0022721534965919332
159949,2026-05-15,2026-05-18,1.892,1.887,-0.0026427061310781985
513100,2026-05-18,2026-05-20,2.066,2.058,-0.0038722168441432947
511880,2026-05-20,2026-05-22,100.475,100.481,5.971634735013609e-05
159509,2026-05-22,2026-05-27,2.637,2.712,0.028441410693970548
515980,2026-05-27,2026-05-28,1.147,1.172,0.021795989537924942
159819,2026-05-28,2026-05-29,2.04,1.968,-0.03529411764705881
589800,2026-05-29,2026-06-01,1.659,1.597,-0.03737191078963231
159131,2026-06-01,2026-06-02,1.089,1.112,0.02112029384756675
513100,2026-06-02,2026-06-05,2.343,2.205,-0.05889884763124198
588710,2026-06-05,2026-06-08,2.506,2.433,-0.029130087789305703
513520,2026-06-08,2026-06-09,2.232,2.352,0.053763440860215006
511880,2026-06-09,2026-06-16,100.514,100.522,7.959090275999614e-05
513520,2026-06-16,2026-06-18,2.456,2.528,0.02931596091205213
159259,2026-06-18,2026-06-22,1.771,1.826,0.031055900621118182
513520,2026-06-22,2026-06-23,2.606,2.447,-0.06101304681504216
515880,2026-06-23,2026-06-24,0.8600747308423053,0.8758955034832173,0.018394648829431537
159516,2026-06-24,2026-06-25,1.653,1.702,0.029643073200241954
512220,2026-06-25,2026-06-29,5.083,4.995,-0.017312610662994277
513520,2026-06-29,2026-06-30,2.487,2.517,0.012062726176115701
513310,2026-06-30,2026-07-01,6.687,6.473,-0.03200239270225813
159502,2026-07-01,2026-07-02,1.608,1.61,0.0012437810945273853
159967,2026-07-02,2026-07-03,0.963,0.965,0.0020768431983384517
513290,2026-07-03,2026-07-06,1.795,1.732,-0.03509749303621168
513400,2026-07-06,2026-07-06,1.358,1.358,0.0
