date,symbol,name,amount,price
2020-01-02,512000,券商ETF,993000,1.007
2020-01-07,512980,传媒ETF,1066000,0.922
2020-01-08,512000,券商ETF,996600,0.985
2020-01-09,512980,传媒ETF,1075100,0.911
2020-01-10,510410,资源ETF,1514500,0.648
2020-01-14,512580,环保ETF,1173000,0.852
2020-01-15,512980,传媒ETF,1076600,0.915
2020-01-16,512400,有色ETF,1291900,0.759
2020-01-20,512480,半导体,563200,1.736
2020-01-21,159966,创业板价值ETF华夏,731300,1.339
2020-02-03,518880,黄金ETF,257900,3.521
2020-02-06,513100,纳指ETF,240700,3.685
2020-02-13,512170,医疗ETF,680800,1.443
2020-02-20,515070,AI智能,805500,1.26
2020-02-21,159949,创业板50ETF华安,1279300,0.836
2020-02-24,159915,创业板ETF易方达,495400,2.166
2020-02-26,512670,国防ETF,831500,1.279
2020-02-28,518880,黄金ETF,267700,3.651
2020-03-02,511880,银华日利,9400,100.551
2020-03-03,159985,豆粕ETF华夏,977500,0.968
2020-03-06,515050,5GETF,761400,1.236
2020-03-09,512170,医疗ETF,570800,1.587
2020-03-10,511880,银华日利,8900,100.583
2020-03-11,518880,黄金ETF,246000,3.639
2020-03-12,511880,银华日利,8800,100.627
2020-03-18,159985,豆粕ETF华夏,916400,0.968
2020-03-19,511880,银华日利,8600,100.654
2020-03-20,159985,豆粕ETF华夏,890800,0.976
2020-03-23,511880,银华日利,8900,100.686
2020-03-25,159985,豆粕ETF华夏,871400,1.035
2020-04-01,511880,银华日利,8600,100.717
2020-04-03,159985,豆粕ETF华夏,892500,0.98
2020-04-07,511880,银华日利,8600,100.742
2020-04-14,512290,生物医药,595400,1.466
2020-04-20,512010,医药ETF,440200,2.092
2020-04-21,512170,医疗ETF,569900,1.586
2020-04-27,513100,纳指ETF,257900,3.555
2020-04-30,512290,生物医药,662800,1.49
2020-05-06,512690,酒ETF,840200,1.191
2020-05-07,159967,创业板成长ETF华夏,685400,1.478
2020-05-11,512690,酒ETF,827200,1.227
2020-05-15,513100,纳指ETF,285500,3.635
2020-05-20,512690,酒ETF,822400,1.293
2020-05-21,513100,纳指ETF,287000,3.752
2020-05-22,161226,国投白银LOF,1313500,0.793
2020-06-01,513520,日经ETF,1068900,1.064
2020-06-02,512690,酒ETF,865600,1.337
2020-06-03,513030,德国ETF,1128800,1.019
2020-06-04,161226,国投白银LOF,1421200,0.833
2020-06-09,513000,225ETF,1054200,1.112
2020-06-12,513520,日经ETF,1061800,1.078
2020-06-16,513030,德国ETF,1116900,1.036
2020-06-19,512290,生物医药,621000,1.854
2020-06-23,159806,新能源车ETF国泰,975300,1.207
2020-06-29,513050,中概互联,640200,1.823
2020-06-30,159967,创业板成长ETF华夏,668700,1.767
2020-07-01,515000,科技ETF,704900,1.656
2020-07-03,159991,创业板大盘ETF招商,937700,1.256
2020-07-06,512690,酒ETF,758400,1.607
2020-07-07,512220,TMTETF,671600,1.916
2020-07-08,512290,生物医药,657200,1.943
2020-07-09,159804,创中盘88ETF国寿,1039400,1.286
2020-07-10,515570,山证红利,1185200,1.131
2020-07-13,512890,红利低波,1041900,1.317
2020-07-14,515110,国企方达,1339500,1.018
2020-07-16,515690,股息ETF,1166300,1.154
2020-07-17,161226,国投白银LOF,1524200,0.863
2020-07-21,159980,有色ETF大成,1354400,1.025
2020-07-22,161226,国投白银LOF,1408300,1.0
2020-07-23,512580,环保ETF,1452000,0.96
2020-07-24,161226,国投白银LOF,1381000,0.985
2020-07-27,513030,德国ETF,1312900,1.1
2020-07-29,159980,有色ETF大成,1381900,1.043
2020-07-30,512010,医药ETF,485700,2.995
2020-08-07,518880,黄金ETF,323400,4.387
2020-08-10,159992,创新药ETF银华,918100,1.528
2020-08-11,512290,生物医药,599200,2.353
2020-08-12,513030,德国ETF,1180400,1.106
2020-08-13,511880,银华日利,13000,101.303
2020-08-14,513500,标普500,598500,2.212
2020-08-18,159996,家电ETF国泰,1044000,1.269
2020-08-20,513100,纳指ETF,315800,4.091
2020-08-24,513500,标普500,624900,2.219
2020-08-25,513100,纳指ETF,313000,4.526
2020-08-26,512040,国信价值,934100,1.513
2020-08-27,513100,纳指ETF,300800,4.675
2020-08-28,513500,标普500,630700,2.318
2020-09-02,512690,酒ETF,747100,1.954
2020-09-04,159980,有色ETF大成,1325100,1.075
2020-09-09,159985,豆粕ETF华夏,1364300,1.041
2020-09-14,513030,德国ETF,1318100,1.129
2020-09-15,513100,纳指ETF,311100,4.774
2020-09-17,159985,豆粕ETF华夏,1353100,1.071
2020-09-25,511880,银华日利,14200,101.526
2020-09-28,513520,日经ETF,1313400,1.105
2020-10-12,159985,豆粕ETF华夏,1267300,1.146
2020-10-13,511880,银华日利,14000,101.621
2020-10-14,159806,新能源车ETF国泰,929400,1.536
2020-10-23,159985,豆粕ETF华夏,1242300,1.14
2020-10-27,511880,银华日利,13800,101.692
2020-10-28,159980,有色ETF大成,1319600,1.068
2020-10-29,511880,银华日利,13800,101.698
2020-10-30,159806,新能源车ETF国泰,866000,1.624
2020-11-02,511880,银华日利,13800,101.753
2020-11-03,159980,有色ETF大成,1316900,1.07
2020-11-04,515700,新能车,868500,1.619
2020-11-05,512690,酒ETF,698000,2.136
2020-11-09,159996,家电ETF国泰,1041200,1.423
2020-11-16,513520,日经ETF,1216800,1.196
2020-11-23,512690,酒ETF,641000,2.268
2020-11-24,510410,资源ETF,1969600,0.737
2020-11-25,515220,煤炭ETF,1114300,1.306
2020-11-26,513520,日经ETF,1171300,1.225
2020-12-02,515220,煤炭ETF,1107900,1.315
2020-12-04,510410,资源ETF,1925100,0.729
2020-12-08,159981,能源化工ETF建信,1439000,0.967
2020-12-09,512670,国防ETF,797300,1.772
2020-12-10,513520,日经ETF,1126300,1.24
2020-12-11,513030,德国ETF,1263100,1.101
2020-12-14,159980,有色ETF大成,1173700,1.175
2020-12-18,159981,能源化工ETF建信,1370000,1.033
2020-12-22,512690,酒ETF,542700,2.612
2020-12-23,159967,创业板成长ETF华夏,2275100,0.623
2020-12-24,512690,酒ETF,557300,2.518
2020-12-25,515030,新汽车,864100,1.609
2020-12-28,512690,酒ETF,544300,2.584
2020-12-29,512010,医药ETF,477900,2.924
2020-12-31,159967,创业板成长ETF华夏,2204000,0.64
2021-01-04,512770,战略新兴,683400,2.183
2021-01-05,159814,创业大盘ETF西部利得,1236000,1.23
2021-01-08,512010,医药ETF,491800,3.143
2021-01-11,159928,消费ETF汇添富,279400,5.54
2021-01-12,159985,豆粕ETF华夏,1172900,1.321
2021-01-13,159915,创业板ETF易方达,533100,3.042
2021-01-15,159991,创业板大盘ETF招商,930100,1.678
2021-01-18,501018,南方原油,2687300,0.608
2021-01-19,159949,创业板50ETF华安,1235200,1.329
2021-01-20,501018,南方原油,2695100,0.62
2021-01-22,159991,创业板大盘ETF招商,885100,1.86
2021-01-25,159822,新经济ETF银华,1401500,1.218
2021-01-26,159995,芯片ETF华夏,1243600,1.351
2021-01-27,512770,战略新兴,700500,2.403
2021-01-29,511880,银华日利,16200,100.28
2021-02-02,513100,纳指ETF,367900,4.421
2021-02-03,501018,南方原油,2600500,0.634
2021-02-04,513100,纳指ETF,375100,4.442
2021-02-08,501018,南方原油,2601700,0.655
2021-02-09,513050,中概互联,702900,2.461
2021-02-18,159822,新经济ETF银华,1434300,1.27
2021-02-22,501018,南方原油,2612200,0.684
2021-02-23,159825,农业ETF富国,1564800,1.185
2021-02-24,501018,南方原油,2604500,0.698
2021-02-26,159980,有色ETF大成,1398200,1.326
2021-03-02,513500,标普500,752100,2.368
2021-03-04,511880,银华日利,17300,100.543
2021-03-10,501018,南方原油,2396600,0.729
2021-03-18,513030,德国ETF,1499100,1.186
2021-03-19,515210,钢铁ETF,1191400,1.492
2021-03-22,159980,有色ETF大成,1401400,1.275
2021-03-23,511880,银华日利,17600,100.635
2021-03-26,513030,德国ETF,1509100,1.178
2021-04-08,513500,标普500,732900,2.536
2021-04-09,513090,香港证券,1477200,1.262
2021-04-12,513100,纳指ETF,399000,4.627
2021-04-20,512690,酒ETF,710300,2.604
2021-04-29,159967,创业板成长ETF华夏,2722400,0.695
2021-05-06,159949,创业板50ETF华安,1449000,1.298
2021-05-07,159980,有色ETF大成,1320400,1.4
2021-05-10,161226,国投白银LOF,2048800,0.924
2021-05-12,159980,有色ETF大成,1319400,1.419
2021-05-14,518880,黄金ETF,487400,3.718
2021-05-17,516080,创新医药,1703100,1.082
2021-05-27,512690,酒ETF,1217100,1.469
2021-05-31,515700,新能车,749400,2.39
2021-06-02,515030,新汽车,952700,1.857
2021-06-03,512670,国防ETF,1014600,1.763
2021-06-04,501018,南方原油,2282200,0.781
2021-06-07,512690,酒ETF,1171400,1.531
2021-06-08,501018,南方原油,2197800,0.778
2021-06-11,159995,芯片ETF华夏,1305900,1.336
2021-06-15,513520,日经ETF,1407400,1.258
2021-06-16,501018,南方原油,2153600,0.818
2021-06-18,513520,日经ETF,1379100,1.249
2021-06-21,501018,南方原油,2050600,0.815
2021-06-25,159804,创中盘88ETF国寿,1376100,1.247
2021-06-29,516590,电动汽车,1350200,1.286
2021-06-30,515790,光伏ETF,1329900,1.35
2021-07-01,516590,电动汽车,1336700,1.323
2021-07-02,159885,碳中和ETF鹏华,1318300,1.326
2021-07-05,501018,南方原油,2042500,0.846
2021-07-07,513100,纳指ETF,348400,4.917
2021-07-09,513500,标普500,642400,2.646
2021-07-12,513100,纳指ETF,347500,4.934
2021-07-13,516960,机械ETF,1434300,1.198
2021-07-15,516800,智能制造ETF,1476900,1.171
2021-07-16,516960,机械ETF,1449600,1.204
2021-07-19,159980,有色ETF大成,1233300,1.382
2021-07-20,518880,黄金ETF,452800,3.711
2021-07-21,159985,豆粕ETF华夏,1268800,1.315
2021-07-22,510410,资源ETF,1630000,1.011
2021-07-23,159885,碳中和ETF鹏华,1118300,1.482
2021-07-26,159980,有色ETF大成,1145800,1.412
2021-08-03,512670,国防ETF,767500,2.094
2021-08-05,516660,新能汽车,1101300,1.551
2021-08-06,512710,军工龙头,1811000,0.968
2021-08-10,516800,智能制造ETF,1438300,1.279
2021-08-11,516320,装备ETF,1493000,1.23
2021-08-16,513500,标普500,651200,2.73
2021-08-19,511880,银华日利,17200,101.473
2021-08-23,513500,标普500,642100,2.733
2021-08-25,512670,国防ETF,1544500,1.141
2021-08-26,515220,煤炭ETF,840300,2.095
2021-08-27,513500,标普500,637500,2.741
2021-08-31,510170,商品ETF,450000,3.933
2021-09-01,513100,纳指ETF,336100,5.192
2021-09-02,513500,标普500,631500,2.761
2021-09-03,513100,纳指ETF,337600,5.187
2021-09-07,510880,红利ETF,537800,3.262
2021-09-09,516780,稀土ETF,1184000,1.544
2021-09-13,512400,有色ETF,1119500,1.695
2021-09-15,516950,基建ETF,1553000,1.2
2021-09-16,513520,日经ETF,1400900,1.309
2021-09-22,501018,南方原油,2145900,0.84
2021-09-28,511880,银华日利,18700,101.687
2021-09-29,501018,南方原油,2187000,0.87
2021-10-18,516670,畜牧养殖,2553600,0.828
2021-10-19,511880,银华日利,21900,101.818
2021-10-20,159865,养殖ETF国泰,2697000,0.83
2021-10-21,512600,必选消费,2324700,0.943
2021-10-22,501018,南方原油,2388400,0.942
2021-10-28,516590,电动汽车,1447200,1.523
2021-10-29,513500,标普500,794400,2.763
2021-11-01,516590,电动汽车,1440000,1.541
2021-11-03,159720,智能车ETF泰康,2006600,1.087
2021-11-05,516590,电动汽车,1441600,1.56
2021-11-09,516380,智能电车,1739300,1.316
2021-11-10,159720,智能车ETF泰康,1997400,1.11
2021-11-11,512670,国防ETF,1950100,1.149
2021-11-12,512660,军工ETF,1591500,1.448
2021-11-17,159786,VRETF银华,2039000,1.091
2021-11-19,513100,纳指ETF,409800,5.437
2021-11-22,159786,VRETF银华,1998100,1.117
2021-11-30,516150,稀土基金,1317800,1.666
2021-12-02,561800,稀金属,2035400,1.059
2021-12-03,159985,豆粕ETF华夏,1840700,1.184
2021-12-06,561800,稀金属,2042400,1.066
2021-12-07,511880,银华日利,20300,102.091
2021-12-08,159980,有色ETF大成,1434800,1.447
2021-12-09,516780,稀土ETF,1375800,1.514
2021-12-13,512690,酒ETF,1476700,1.414
2021-12-16,515170,食品饮料,2217000,0.905
2021-12-17,512690,酒ETF,1472800,1.344
2021-12-20,159985,豆粕ETF华夏,1625500,1.212
2021-12-22,159980,有色ETF大成,1354000,1.456
2021-12-23,159985,豆粕ETF华夏,1614600,1.235
2021-12-29,159855,影视ETF银华,1904800,1.05
2021-12-30,159985,豆粕ETF华夏,1695400,1.239
2021-12-31,513500,标普500,719200,2.873
2022-01-04,512980,传媒ETF,2358400,0.883
2022-01-05,501018,南方原油,2318500,0.898
2022-01-07,159980,有色ETF大成,1434600,1.493
2022-01-10,501018,南方原油,2330600,0.917
2022-01-17,159980,有色ETF大成,1477300,1.511
2022-01-18,501018,南方原油,2336600,0.964
2022-01-25,518880,黄金ETF,610100,3.672
2022-01-26,501018,南方原油,2317700,0.968
2022-02-11,159985,豆粕ETF华夏,1625300,1.45
2022-02-16,159980,有色ETF大成,1468300,1.577
2022-02-17,159766,旅游ETF富国,2168400,1.069
2022-02-18,501018,南方原油,2309400,1.012
2022-02-24,159608,稀有金属ETF广发,2576200,0.985
2022-02-25,501018,南方原油,2407000,1.084
2022-03-03,518880,黄金ETF,781300,3.819
2022-03-04,159985,豆粕ETF华夏,1983400,1.516
2022-03-08,518880,黄金ETF,790500,3.936
2022-03-09,159985,豆粕ETF华夏,1967900,1.635
2022-03-29,513100,纳指ETF,3302700,0.974
2022-04-07,511880,银华日利,30900,100.63
2022-04-15,159980,有色ETF大成,1812700,1.72
2022-04-21,518880,黄金ETF,798500,3.929
2022-04-22,159980,有色ETF大成,1807300,1.743
2022-04-25,511880,银华日利,30300,100.711
2022-04-29,518880,黄金ETF,774100,3.953
2022-05-05,511880,银华日利,30100,100.77
2022-05-09,501018,南方原油,2268300,1.341
2022-05-10,511880,银华日利,28300,100.805
2022-05-13,501018,南方原油,2161400,1.323
2022-05-23,512670,国防ETF,3392500,0.851
2022-05-24,515790,光伏ETF,2089500,1.383
2022-05-25,501018,南方原油,2143900,1.336
2022-05-31,159755,电池ETF广发,3003800,1.004
2022-06-01,516590,电动汽车,2662400,1.172
2022-06-02,515220,煤炭ETF,1319800,2.398
2022-06-07,516520,智能驾驶,3471300,0.942
2022-06-09,159886,机械ETF富国,2812600,1.134
2022-06-13,159761,新材料ETF国泰,3808300,0.858
2022-06-17,159886,机械ETF富国,2843700,1.193
2022-06-20,159790,碳中和ETF华夏,3548900,0.979
2022-06-24,159915,创业板ETF易方达,1324200,2.733
2022-06-27,159605,中概互联ETF广发,4064500,0.901
2022-06-30,512690,酒ETF,3782100,0.938
2022-07-01,159814,创业大盘ETF西部利得,6444300,0.541
2022-07-04,159967,创业板成长ETF华夏,5065700,0.697
2022-07-06,159790,碳中和ETF华夏,3430400,1.032
2022-07-07,511880,银华日利,36000,101.09
2022-07-12,513100,纳指ETF,4462000,0.817
2022-07-13,513500,标普500,3002300,1.214
2022-07-14,511880,银华日利,35800,101.113
2022-07-15,513100,纳指ETF,4410600,0.822
2022-07-20,513500,标普500,2992400,1.257
2022-07-21,513100,纳指ETF,4376700,0.862
2022-08-02,513500,标普500,2969600,1.307
2022-08-03,513100,纳指ETF,4381500,0.885
2022-08-12,588100,科创信息,3622700,1.104
2022-08-22,513500,标普500,2820000,1.355
2022-08-23,159786,VRETF银华,4591600,0.821
2022-08-24,515220,煤炭ETF,1376500,2.638
2022-08-25,159985,豆粕ETF华夏,2300600,1.654
2022-08-30,518880,黄金ETF,984500,3.794
2022-08-31,159985,豆粕ETF华夏,2269700,1.632
2022-09-01,511880,银华日利,36400,101.32
2022-09-02,159985,豆粕ETF华夏,2248000,1.643
2022-09-06,511880,银华日利,36500,101.339
2022-09-07,159985,豆粕ETF华夏,2241500,1.654
2022-09-13,159768,房地产ETF银华,4089100,0.958
2022-09-16,159985,豆粕ETF华夏,2234700,1.727
2022-09-22,159980,有色ETF大成,2724300,1.459
2022-09-23,159985,豆粕ETF华夏,2232700,1.764
2022-09-26,511880,银华日利,38000,101.411
2022-09-27,159985,豆粕ETF华夏,2202300,1.751
2022-09-29,511880,银华日利,38900,101.418
2022-10-10,518880,黄金ETF,1033500,3.821
2022-10-11,161226,国投白银LOF,6222800,0.632
2022-10-13,159985,豆粕ETF华夏,2178900,1.776
2022-10-19,511880,银华日利,37100,101.513
2022-10-24,159883,医疗器械ETF永赢,5501300,0.685
2022-10-25,513290,纳指生物,3577200,1.024
2022-10-27,513030,德国ETF,3946900,0.956
2022-10-28,513290,纳指生物,3603900,1.038
2022-10-31,513030,德国ETF,4081200,0.965
2022-11-03,515400,大数据,5288300,0.733
2022-11-04,512720,计算机,3660400,1.079
2022-11-08,588100,科创信息,3921100,0.994
2022-11-09,159892,恒生医药ETF华夏,6348400,0.62
2022-11-14,513030,德国ETF,4085100,1.041
2022-11-17,515400,大数据,5585400,0.77
2022-11-18,159856,互联网龙头ETF工银,8272700,0.538
2022-11-21,513180,恒指科技,8607200,0.492
2022-11-22,513030,德国ETF,3976800,1.056
2022-11-29,161226,国投白银LOF,6187400,0.685
2022-12-01,513090,香港证券,3984100,1.09
2022-12-05,513530,港股红利,4489900,0.975
2022-12-06,513260,恒科技,4235600,1.045
2022-12-07,512200,地产ETF,5948600,0.766
2022-12-12,513330,恒生互联,9865300,0.463
2022-12-14,161226,国投白银LOF,6280300,0.735
2022-12-16,159985,豆粕ETF华夏,2320300,1.924
2022-12-19,511880,银华日利,42900,101.737
2022-12-21,159985,豆粕ETF华夏,2284100,1.913
2022-12-22,161226,国投白银LOF,6005600,0.732
2022-12-23,159985,豆粕ETF华夏,2241100,1.929
2022-12-26,161226,国投白银LOF,6126500,0.726
2022-12-27,159985,豆粕ETF华夏,2248700,1.983
2022-12-28,512690,酒ETF,5169400,0.852
2022-12-29,159985,豆粕ETF华夏,2213100,1.978
2022-12-30,161226,国投白银LOF,6056100,0.73
2023-01-03,512690,酒ETF,5303500,0.838
2023-01-04,159981,能源化工ETF建信,2956300,1.503
2023-01-05,513120,HK创新药,4200600,1.04
2023-01-06,513360,教育ETF,7959900,0.554
2023-01-10,513120,HK创新药,4366400,1.048
2023-01-13,513330,恒生互联,9636200,0.492
2023-01-16,513060,恒生医疗,7050900,0.675
2023-01-17,512010,医药ETF,8644300,0.526
2023-01-31,159851,金融科技ETF华宝,4038900,1.102
2023-02-01,159852,软件ETF嘉实,4860500,0.928
2023-02-02,515400,大数据,5343800,0.863
2023-02-06,562500,机器人,5871700,0.798
2023-02-07,513030,德国ETF,4325100,1.113
2023-02-08,513310,中韩芯片,4543500,1.065
2023-02-14,515980,人工智能,5440000,0.896
2023-02-15,159869,游戏ETF华夏,5289100,0.944
2023-02-16,159819,人工智能ETF易方达,6172600,0.837
2023-02-17,513030,德国ETF,4276600,1.127
2023-02-22,159869,游戏ETF华夏,5137300,0.933
2023-02-23,513030,德国ETF,4155600,1.126
2023-02-27,511880,银华日利,46200,100.354
2023-03-02,512040,国信价值,2490800,1.863
2023-03-06,516950,基建ETF,4177500,1.107
2023-03-08,501018,南方原油,3970500,1.155
2023-03-09,513030,德国ETF,3980200,1.144
2023-03-13,518880,黄金ETF,1101800,4.099
2023-03-22,517090,共赢ETF,3874200,1.198
2023-03-23,588200,科创芯片,3585800,1.293
2023-03-30,588100,科创信息,3932400,1.187
2023-03-31,588260,科创技术,3931600,1.195
2023-04-03,159819,人工智能ETF易方达,5131000,0.963
2023-04-04,512480,半导体,4912400,1.061
2023-04-06,517280,网购ETF,5712800,0.95
2023-04-07,159786,VRETF银华,6567000,0.848
2023-04-10,513310,中韩芯片,4583900,1.196
2023-04-12,515000,科技ETF,3821800,1.421
2023-04-13,515400,大数据,4974900,1.073
2023-04-14,161226,国投白银LOF,6771500,0.772
2023-04-17,513310,中韩芯片,4304100,1.186
2023-04-19,512480,半导体,4740800,1.072
2023-04-20,588100,科创信息,3784800,1.345
2023-04-21,161226,国投白银LOF,6504100,0.754
2023-04-24,513030,德国ETF,4061500,1.196
2023-05-04,161226,国投白银LOF,6302400,0.773
2023-05-05,513520,日经ETF,4321000,1.136
2023-05-08,161226,国投白银LOF,6357000,0.772
2023-05-11,513520,日经ETF,4265100,1.137
2023-05-12,513100,纳指ETF,5208300,0.948
2023-05-16,513520,日经ETF,4222800,1.169
2023-05-17,513100,纳指ETF,5264100,0.955
2023-05-19,511880,银华日利,51800,100.785
2023-05-22,513100,纳指ETF,5309800,0.984
2023-06-08,513500,标普500,3820500,1.434
2023-06-09,513100,纳指ETF,5259400,1.048
2023-06-13,515880,通信ETF,4788400,1.186
2023-06-15,516510,云计算,4714600,1.249
2023-06-19,515400,大数据,5645500,1.113
2023-06-20,515980,人工智能,5669200,1.138
2023-06-21,159852,软件ETF嘉实,5740000,1.102
2023-06-26,516520,智能驾驶,6201800,0.967
2023-06-27,159985,豆粕ETF华夏,3114900,1.899
2023-06-28,513500,标普500,3966700,1.487
2023-06-29,159985,豆粕ETF华夏,3152900,1.883
2023-07-04,515880,通信ETF,4821200,1.309
2023-07-06,159985,豆粕ETF华夏,3086400,2.01
2023-08-02,512880,证券ETF,6566100,1.017
2023-08-04,159768,房地产ETF银华,8492400,0.831
2023-08-07,515630,保险证券,5746200,1.188
2023-08-08,513090,香港证券,5546000,1.241
2023-08-10,159985,豆粕ETF华夏,3110700,2.18
2023-08-11,501018,南方原油,5374900,1.273
2023-08-17,511880,银华日利,66500,101.208
2023-08-22,159985,豆粕ETF华夏,2948300,2.286
2023-08-23,511880,银华日利,66900,101.228
2023-08-25,159985,豆粕ETF华夏,2907000,2.332
2023-09-08,501018,南方原油,5047100,1.336
2023-09-11,159985,豆粕ETF华夏,2874200,2.352
2023-09-12,501018,南方原油,4969200,1.348
2023-09-20,518880,黄金ETF,1471400,4.59
2023-09-22,501018,南方原油,4878900,1.372
2023-09-26,518880,黄金ETF,1449200,4.581
2023-09-27,511880,银华日利,65200,101.349
2023-09-28,501018,南方原油,4700200,1.407
2023-10-09,511880,银华日利,61200,101.449
2023-10-13,515120,创新药,9543200,0.651
2023-10-16,511880,银华日利,60600,101.491
2023-10-31,561980,芯片设备,5807300,1.06
2023-11-02,513120,HK创新药,6849300,0.885
2023-11-16,159892,恒生医药ETF华夏,9884000,0.609
2023-11-17,513310,中韩芯片,4857500,1.243
2023-11-22,159509,纳指科技ETF景顺,5740400,1.033
2023-11-27,513030,德国ETF,4805400,1.223
2023-12-06,513520,日经ETF,4835300,1.247
2023-12-07,513030,德国ETF,4791700,1.25
2023-12-18,513290,纳指生物,5533500,1.103
2023-12-21,513520,日经ETF,4543000,1.314
2023-12-22,513290,纳指生物,5453800,1.086
2023-12-27,513100,纳指ETF,5090400,1.219
2023-12-28,513520,日经ETF,4692000,1.319
2023-12-29,513290,纳指生物,5415900,1.139
2024-01-09,159509,纳指科技ETF景顺,5972900,1.077
2024-01-10,513290,纳指生物,5486700,1.182
2024-01-15,513520,日经ETF,4278800,1.5
2024-01-16,518880,黄金ETF,1507700,4.673
2024-01-17,513500,标普500,4334200,1.618
2024-01-18,159509,纳指科技ETF景顺,6287000,1.109
2024-01-19,513520,日经ETF,4975500,1.444
2024-01-24,513100,纳指ETF,6472800,1.285
2024-01-25,159509,纳指科技ETF景顺,6952500,1.184
2024-02-01,501018,南方原油,6565800,1.227
2024-02-02,159509,纳指科技ETF景顺,6619800,1.187
2024-02-06,513100,纳指ETF,6295500,1.291
2024-02-07,159509,纳指科技ETF景顺,6635600,1.217
2024-02-08,512800,银行ETF,7454700,1.116
2024-02-19,159509,纳指科技ETF景顺,6740000,1.254
2024-03-04,512720,计算机,10118700,0.951
2024-03-05,159967,创业板成长ETF华夏,22650100,0.427
2024-03-06,588100,科创信息,9784500,0.979
2024-03-11,513310,中韩芯片,7571800,1.239
2024-03-12,159949,创业板50ETF华安,11757300,0.81
2024-03-14,515000,科技ETF,8271600,1.144
2024-03-15,159997,电子ETF天弘,10775700,0.868
2024-03-19,159998,计算机ETF天弘,12328300,0.79
2024-03-20,515980,人工智能,11460900,0.855
2024-03-21,561330,矿业ETF,10111900,0.97
2024-03-25,513310,中韩芯片,7553200,1.268
2024-03-26,161226,国投白银LOF,12062100,0.802
2024-03-27,159518,标普油气ETF嘉实,9191100,1.051
2024-04-03,561330,矿业ETF,9987600,1.036
2024-04-08,159518,标普油气ETF嘉实,9452000,1.129
2024-04-11,161226,国投白银LOF,11757100,0.893
2024-04-16,518880,黄金ETF,1973000,5.493
2024-04-19,511880,银华日利,106900,100.648
2024-04-22,159980,有色ETF大成,6130800,1.755
2024-05-08,513330,恒生互联,27309100,0.391
2024-05-09,159691,港股红利ETF工银,9202400,1.169
2024-05-10,513330,恒生互联,27741600,0.395
2024-05-13,159691,港股红利ETF工银,9199400,1.209
2024-05-14,513260,恒科技,10506600,1.054
2024-05-15,510900,恒生中国,12923800,0.851
2024-05-16,159985,豆粕ETF华夏,4848900,2.305
2024-05-20,513920,央企40,9116600,1.23
2024-05-23,159691,港股红利ETF工银,9199200,1.187
2024-05-24,159985,豆粕ETF华夏,4647800,2.339
2024-05-27,513100,纳指ETF,7852000,1.373
2024-05-28,161226,国投白银LOF,10572000,1.024
2024-05-29,159509,纳指科技ETF景顺,7369500,1.473
2024-05-30,511880,银华日利,105800,100.809
2024-06-03,159509,纳指科技ETF景顺,7237100,1.474
2024-06-13,513100,纳指ETF,8401400,1.434
2024-06-17,513310,中韩芯片,8809600,1.373
2024-06-20,513100,纳指ETF,8388700,1.471
2024-06-21,513310,中韩芯片,8902400,1.367
2024-06-24,513100,纳指ETF,8389000,1.444
2024-06-25,513500,标普500,6289400,1.907
2024-06-26,513100,纳指ETF,8324900,1.451
2024-06-28,159509,纳指科技ETF景顺,7178800,1.709
2024-07-03,513100,纳指ETF,8037400,1.502
2024-07-10,513520,日经ETF,7908200,1.574
2024-07-12,513000,225ETF,8186900,1.467
2024-07-17,513520,日经ETF,7976300,1.528
2024-07-22,513290,纳指生物,9038400,1.282
2024-07-24,511880,银华日利,115400,101.024
2024-07-26,159502,标普生物科技ETF嘉实,10555600,1.105
2024-07-30,513520,日经ETF,7801000,1.48
2024-07-31,513400,道琼斯,10718900,1.082
2024-08-01,159502,标普生物科技ETF嘉实,10795800,1.085
2024-08-02,518880,黄金ETF,2101300,5.496
2024-08-05,511880,银华日利,112300,101.068
2024-08-21,518880,黄金ETF,2052900,5.533
2024-08-28,513520,日经ETF,7626100,1.49
2024-08-29,518880,黄金ETF,2042600,5.543
2024-08-30,513500,标普500,5702600,1.974
2024-09-02,513000,225ETF,7865600,1.449
2024-09-03,513030,德国ETF,8008100,1.419
2024-09-04,511880,银华日利,109900,101.181
2024-09-05,159529,标普消费ETF景顺,9989800,1.113
2024-09-12,518880,黄金ETF,2017000,5.529
2024-09-13,159529,标普消费ETF景顺,9955400,1.138
2024-09-18,159985,豆粕ETF华夏,5720700,1.98
2024-09-20,159529,标普消费ETF景顺,9733300,1.14
2024-09-24,159985,豆粕ETF华夏,5696900,1.961
2024-09-25,513120,HK创新药,16051700,0.693
2024-09-26,159851,金融科技ETF华宝,12975700,0.867
2024-10-10,159980,有色ETF大成,9673200,1.71
2024-10-14,512040,国信价值,17388100,0.955
2024-10-15,517180,中国国企,10619000,1.552
2024-10-16,515220,煤炭ETF,13654000,1.199
2024-10-17,518880,黄金ETF,2776100,5.896
2024-10-22,513970,恒生消费,19760200,0.846
2024-10-23,159928,消费ETF汇添富,20249000,0.842
2024-10-24,159883,医疗器械ETF永赢,32700400,0.512
2024-10-25,588700,科创生物,18980000,0.894
2024-10-28,513180,恒指科技,27696700,0.618
2024-10-29,512170,医疗ETF,49828300,0.349
2024-10-30,562500,机器人,23726300,0.716
2024-10-31,518880,黄金ETF,2776100,6.118
2024-11-04,159502,标普生物科技ETF嘉实,15881800,1.05
2024-11-05,159997,电子ETF天弘,14640000,1.141
2024-11-06,159516,半导体设备ETF国泰,14923100,1.126
2024-11-07,561980,芯片设备,12383300,1.341
2024-11-08,512480,半导体,16492400,1.063
2024-11-11,159998,计算机ETF天弘,18513000,0.994
2024-11-12,516510,云计算,14653800,1.253
2024-11-13,512880,证券ETF,14536000,1.276
2024-11-14,512200,地产ETF,11151900,1.672
2024-11-15,159529,标普消费ETF景顺,14685400,1.233
2024-11-25,513100,纳指ETF,12490700,1.534
2024-11-27,159518,标普油气ETF嘉实,18738400,1.027
2024-12-04,513500,标普500,8640200,2.216
2024-12-10,159529,标普消费ETF景顺,13750400,1.384
2024-12-17,520830,沙特ETF,19716300,1.025
2024-12-19,501018,南方原油,16431400,1.217
2024-12-20,511880,银华日利,196300,101.576
2024-12-23,513100,纳指ETF,12163900,1.639
2024-12-25,159529,标普消费ETF景顺,12906500,1.567
2024-12-30,159546,集成电路ETF国泰,15564100,1.334
2024-12-31,515050,5GETF,17561800,1.151
2025-01-02,513520,日经ETF,13412700,1.457
2025-01-03,159509,纳指科技ETF景顺,12405100,1.628
2025-01-09,501018,南方原油,15979800,1.269
2025-01-13,159518,标普油气ETF嘉实,19335100,1.109
2025-01-14,518880,黄金ETF,3629400,6.072
2025-01-15,159518,标普油气ETF嘉实,19809600,1.115
2025-01-17,520830,沙特ETF,20004400,1.197
2025-01-21,513030,德国ETF,13932200,1.704
2025-01-24,513080,法国ETF,14247300,1.797
2025-01-27,159985,豆粕ETF华夏,12644100,1.896
2025-02-07,513080,法国ETF,14946300,1.662
2025-02-10,513030,德国ETF,14998100,1.636
2025-02-11,562500,机器人,26925300,0.91
2025-02-12,159998,计算机ETF天弘,24502000,1.002
2025-02-13,159851,金融科技ETF华宝,15496500,1.565
2025-02-14,159735,港股消费ETF银华,31341300,0.787
2025-02-17,510900,恒生中国,23116500,1.079
2025-02-18,513660,恒生通,9047700,2.838
2025-02-19,513060,恒生医疗,58243300,0.44
2025-02-20,159939,信息技术ETF广发,37368800,0.695
2025-02-21,512170,医疗ETF,74206900,0.362
2025-02-24,159939,信息技术ETF广发,36786000,0.718
2025-02-25,512170,医疗ETF,75751500,0.352
2025-02-26,159939,信息技术ETF广发,36765200,0.721
2025-02-27,588220,科创100F,24799100,1.042
2025-02-28,561980,芯片设备,18222600,1.396
2025-03-03,159985,豆粕ETF华夏,12305400,2.018
2025-03-04,511880,银华日利,247900,100.278
2025-03-05,518880,黄金ETF,3805700,6.532
2025-03-07,513060,恒生医疗,53286100,0.465
2025-03-10,520500,恒生新药,20364600,1.172
2025-03-13,560280,工程机械,17379500,1.366
2025-03-14,513030,德国ETF,13916800,1.733
2025-03-17,159323,港股通汽车ETF华夏,18884900,1.296
2025-03-21,517520,黄金股,18573800,1.29
2025-03-24,513030,德国ETF,13201500,1.816
2025-03-25,159980,有色ETF大成,13395200,1.747
2025-03-26,513030,德国ETF,13086700,1.795
2025-03-27,159980,有色ETF大成,13128700,1.759
2025-03-28,511880,银华日利,227600,100.365
2025-04-01,518880,黄金ETF,3225300,7.084
2025-04-07,511880,银华日利,222000,100.397
2025-04-10,518880,黄金ETF,3112800,7.16
2025-04-17,511880,银华日利,235200,100.436
2025-04-18,518880,黄金ETF,3117200,7.579
2025-04-22,511880,银华日利,248000,100.445
2025-04-23,159865,养殖ETF国泰,42425700,0.587
2025-04-24,511880,银华日利,250400,100.451
2025-04-28,518880,黄金ETF,3350100,7.506
2025-05-08,513030,德国ETF,13872100,1.85
2025-05-09,513730,东南亚,21652800,1.201
2025-05-12,513030,德国ETF,13849100,1.893
2025-05-16,513750,港股非银,19807700,1.303
2025-05-20,513730,东南亚,21257600,1.226
2025-05-22,159822,新经济ETF银华,36477300,0.705
2025-05-23,159509,纳指科技ETF景顺,17179500,1.503
2025-05-26,159529,标普消费ETF景顺,16091800,1.6
2025-05-27,513030,德国ETF,13606800,1.88
2025-05-28,159529,标普消费ETF景顺,16049800,1.602
2025-05-30,159509,纳指科技ETF景顺,16473800,1.54
2025-06-05,513120,HK创新药,24261700,1.057
2025-06-09,520500,恒生新药,17624300,1.547
2025-06-10,515120,创新药,46083200,0.616
2025-06-16,161226,国投白银LOF,27391600,1.021
2025-06-18,501018,南方原油,21867300,1.315
2025-06-19,159518,标普油气ETF嘉实,31490200,0.947
2025-06-24,513310,中韩芯片,17307400,1.639
2025-06-25,513120,HK创新药,24671100,1.165
2025-06-27,159851,金融科技ETF华宝,16419500,1.678
2025-06-30,513090,香港证券,14953100,1.84
2025-07-02,516100,科技金融,20735000,1.318
2025-07-04,513090,香港证券,14770300,1.899
2025-07-08,159851,金融科技ETF华宝,16988700,1.682
2025-07-11,515050,5GETF,24698300,1.209
2025-07-14,515880,通信ETF,20247600,1.483
2025-07-15,159851,金融科技ETF华宝,37760800,0.839
2025-07-17,515050,5GETF,24341300,1.323
2025-07-18,159363,创业板人工智能ETF华宝,26997600,1.198
2025-07-21,159583,通信ETF富国,22748600,1.393
2025-07-22,516150,稀土基金,23447300,1.36
2025-07-23,513060,恒生医疗,50042400,0.646
2025-07-24,515790,光伏ETF,43428200,0.75
2025-07-25,560860,工业有色,31374800,1.031
2025-07-28,159745,建材ETF国泰,50638600,0.643
2025-07-30,159859,生物医药ETF天弘,74962500,0.439
2025-08-01,159509,纳指科技ETF景顺,17876500,1.786
2025-08-04,511880,银华日利,310700,100.778
2025-08-05,159509,纳指科技ETF景顺,17407500,1.798
2025-08-07,159583,通信ETF富国,21320000,1.48
2025-08-12,520500,恒生新药,16886900,1.93
2025-08-13,588760,AI科创,53957000,0.623
2025-08-14,159583,通信ETF富国,20838300,1.618
2025-08-18,159363,创业板人工智能ETF华宝,49845100,0.716
2025-08-19,588760,AI科创,54759100,0.668
2025-08-21,588200,科创芯片,20263000,1.867
2025-08-22,588220,科创100F,32369500,1.258
2025-08-26,159915,创业板ETF易方达,15239400,2.731
2025-08-27,159667,工业母机ETF国泰,29766200,1.423
2025-08-28,516520,智能驾驶,32495600,1.262
2025-09-01,513310,中韩芯片,21473200,1.94
2025-09-02,515790,光伏ETF,50416700,0.821
2025-09-04,515030,新汽车,28937900,1.505
2025-09-05,161226,国投白银LOF,40022500,1.127
2025-09-08,516520,智能驾驶,35424200,1.264
2025-09-09,516150,稀土基金,26420100,1.691
2025-09-10,513310,中韩芯片,22654800,1.953
2025-09-11,161226,国投白银LOF,40931700,1.125
2025-09-12,515000,科技ETF,49074400,0.964
2025-09-16,159819,人工智能ETF易方达,32130800,1.469
2025-09-17,159363,创业板人工智能ETF华宝,54581700,0.864
2025-09-18,515790,光伏ETF,52660300,0.914
2025-09-19,515260,电子ETF,70911100,0.666
2025-09-22,515880,通信ETF,17815500,2.714
2025-09-23,517520,黄金股,25210600,1.873
2025-09-24,561100,电子龙头,34404500,1.381
2025-09-25,159732,消费电子ETF华夏,40464500,1.202
2025-09-29,588890,科创芯,16998000,2.768
2025-09-30,588990,科芯片,18451400,2.66
2025-10-09,159949,创业板50ETF华安,33610300,1.561
2025-10-10,513330,恒生互联,82974100,0.601
2025-10-13,161226,国投白银LOF,36019200,1.322
2025-10-14,159509,纳指科技ETF景顺,25561100,2.064
2025-10-15,518880,黄金ETF,5801400,9.145
2025-10-17,159502,标普生物科技ETF嘉实,48851200,1.137
2025-10-22,513310,中韩芯片,23725300,2.388
2025-10-23,159509,纳指科技ETF景顺,25682800,2.188
2025-10-24,159502,标普生物科技ETF嘉实,50564400,1.136
2025-11-03,159509,纳指科技ETF景顺,26680900,2.287
2025-11-05,511880,银华日利,582300,101.044
2025-11-06,159509,纳指科技ETF景顺,25893400,2.272
2025-11-07,513000,225ETF,30649800,1.892
2025-11-10,513310,中韩芯片,22100000,2.69
2025-11-12,513290,纳指生物,40226800,1.477
2025-11-14,516160,新能源,19161000,3.096
2025-11-17,513290,纳指生物,39253600,1.489
2025-11-19,159518,标普油气ETF嘉实,64655100,0.936
2025-11-21,159502,标普生物科技ETF嘉实,48656400,1.201
2025-11-24,513290,纳指生物,39919500,1.505
2025-12-02,161226,国投白银LOF,38340700,1.626
2025-12-03,159502,标普生物科技ETF嘉实,50278400,1.274
2025-12-11,159583,通信ETF富国,52920500,1.251
2025-12-12,159502,标普生物科技ETF嘉实,49316000,1.325
2025-12-15,159206,卫星ETF永赢,47105300,1.389
2025-12-16,518880,黄金ETF,6934500,9.25
2025-12-18,515880,通信ETF,21931000,2.947
2025-12-19,159980,有色ETF大成,34054600,1.911
2025-12-23,515880,通信ETF,21422400,3.077
2025-12-24,159363,创业板人工智能ETF华宝,67522700,0.983
2025-12-26,563320,通用航空,62824600,1.052
2025-12-31,159227,航空航天ETF华夏,50477500,1.354
2026-01-05,512670,国防ETF,75783000,0.927
2026-01-06,159583,通信ETF富国,53523600,1.325
2026-01-08,561330,矿业ETF,35309100,2.046
2026-01-09,561980,芯片设备,31935000,2.317
2026-01-12,159870,化工ETF鹏华,89460500,0.848
2026-01-16,562500,机器人,69836700,1.104
2026-01-19,159870,化工ETF鹏华,88205500,0.885
2026-01-20,588080,科创板50,51967900,1.512
2026-01-21,501018,南方原油,69948200,1.161
2026-01-22,518880,黄金ETF,7964100,10.273
2026-01-23,159980,有色ETF大成,39422600,2.142
2026-01-26,562500,机器人,77120500,1.107
2026-01-27,159731,石化ETF华夏,82547700,1.02
2026-01-28,516190,文娱ETF,61581200,1.43
2026-01-29,159995,芯片ETF华夏,44163800,2.01
2026-01-30,588760,AI科创,101763800,0.873
2026-02-02,159985,豆粕ETF华夏,43465100,1.985
2026-02-03,520830,沙特ETF,90767400,0.947
2026-02-04,513520,日经ETF,45064300,1.901
2026-02-05,159518,标普油气ETF嘉实,85495300,0.986
2026-02-10,513310,中韩芯片,24765000,3.493
2026-02-26,513350,油气ETF,91114100,1.14
2026-03-04,518880,黄金ETF,12116000,11.0
2026-03-06,511880,银华日利,1317300,100.248
2026-03-10,159985,豆粕ETF华夏,59040000,2.236
2026-03-12,159611,电力ETF广发,114141400,1.191
2026-03-16,515220,煤炭ETF,101370000,1.298
2026-03-18,159985,豆粕ETF华夏,56048200,2.235
2026-03-19,159518,标普油气ETF嘉实,103062400,1.225
2026-03-20,159985,豆粕ETF华夏,61367600,2.25
2026-03-25,511880,银华日利,1347800,100.284
2026-03-31,520830,沙特ETF,146268400,0.924
2026-04-01,511880,银华日利,1357900,100.309
2026-04-02,512800,银行ETF,169388700,0.804
2026-04-03,520830,沙特ETF,145447900,0.928
2026-04-08,159502,标普生物科技ETF嘉实,101127500,1.335
2026-04-09,589720,科创新药,144140800,0.921
2026-04-15,515880,通信ETF,111195800,1.239
2026-04-17,159967,创业板成长ETF华夏,186527100,0.779
2026-04-20,159363,创业板人工智能ETF华宝,113503200,1.298
2026-04-21,520870,巴西ETF,110512200,1.3
2026-04-23,515000,科技ETF,123852300,1.15
2026-04-27,589800,科创综合,93056600,1.518
2026-04-29,513100,纳指ETF,71725100,1.954
2026-04-30,589800,科创综合,90923100,1.549
2026-05-07,159949,创业板50ETF华安,81551300,1.832
2026-05-13,159915,创业板ETF易方达,39125500,3.997
2026-05-15,513100,纳指ETF,73276000,2.106
2026-05-19,511880,银华日利,1490700,100.449
2026-05-21,159509,纳指科技ETF景顺,57542700,2.602
2026-05-26,515070,AI智能,59996700,2.567
2026-05-28,159141,科创创业人工智能ETF永赢,109501200,1.381
2026-05-29,159131,港股通信息技术ETF华宝,137457600,1.1
2026-06-01,513100,纳指ETF,63871000,2.369
2026-06-04,588710,科半导体,55022800,2.602
2026-06-05,515000,科技ETF,99278100,1.413
2026-06-08,511880,银华日利,1321200,100.513
2026-06-09,513520,日经ETF,56618700,2.345
2026-06-10,511880,银华日利,1273800,100.517
2026-06-15,513520,日经ETF,52892900,2.42
2026-06-23,588710,科半导体,39681900,3.289
2026-06-24,515000,科技ETF,87223000,1.582
2026-06-25,588220,科创100F,68908100,2.097
2026-06-29,513310,中韩芯片,22029000,6.43
2026-06-30,513520,日经ETF,59194100,2.545
2026-07-01,159663,机床ETF华夏,55090000,2.69
2026-07-02,159667,工业母机ETF国泰,164378500,0.9
2026-07-03,513290,纳指生物,85869200,1.734
